k,TP_maintained_risky,FP_unnecessary_maintenance,TN_correct_no_maintenance,FN_missed_risky_cases,false_negative_rate,false_positive_rate,total_cost,average_cost_per_sample,dataset,cost_fp,cost_fn,maintenance_threshold
0.0,343,20,3630,77,0.18333333333333332,0.005479452054794521,174.0,0.04275184275184275,FD001,1.0,2,20
0.05,346,22,3628,74,0.1761904761904762,0.006027397260273973,170.0,0.04176904176904177,FD001,1.0,2,20
0.1,348,24,3626,72,0.17142857142857143,0.006575342465753425,168.0,0.041277641277641275,FD001,1.0,2,20
0.15,354,28,3622,66,0.15714285714285714,0.007671232876712329,160.0,0.03931203931203931,FD001,1.0,2,20
0.2,359,29,3621,61,0.14523809523809525,0.007945205479452055,151.0,0.0371007371007371,FD001,1.0,2,20
0.25,363,31,3619,57,0.1357142857142857,0.008493150684931507,145.0,0.03562653562653563,FD001,1.0,2,20
0.3,365,33,3617,55,0.13095238095238096,0.00904109589041096,143.0,0.03513513513513514,FD001,1.0,2,20
0.35,367,36,3614,53,0.1261904761904762,0.009863013698630137,142.0,0.03488943488943489,FD001,1.0,2,20
0.4,374,41,3609,46,0.10952380952380952,0.011232876712328766,133.0,0.03267813267813268,FD001,1.0,2,20
0.45,376,42,3608,44,0.10476190476190476,0.011506849315068493,130.0,0.03194103194103194,FD001,1.0,2,20
0.5,376,44,3606,44,0.10476190476190476,0.012054794520547946,132.0,0.032432432432432434,FD001,1.0,2,20
0.55,379,50,3600,41,0.09761904761904762,0.0136986301369863,132.0,0.032432432432432434,FD001,1.0,2,20
0.6,382,55,3595,38,0.09047619047619047,0.015068493150684932,131.0,0.03218673218673219,FD001,1.0,2,20
0.65,382,64,3586,38,0.09047619047619047,0.017534246575342465,140.0,0.0343980343980344,FD001,1.0,2,20
0.7,386,77,3573,34,0.08095238095238096,0.021095890410958905,145.0,0.03562653562653563,FD001,1.0,2,20
0.75,390,87,3563,30,0.07142857142857142,0.023835616438356164,147.0,0.036117936117936116,FD001,1.0,2,20
0.8,394,93,3557,26,0.06190476190476191,0.02547945205479452,145.0,0.03562653562653563,FD001,1.0,2,20
0.85,396,106,3544,24,0.05714285714285714,0.02904109589041096,154.0,0.03783783783783784,FD001,1.0,2,20
0.9,399,120,3530,21,0.05,0.03287671232876712,162.0,0.039803439803439804,FD001,1.0,2,20
0.95,401,131,3519,19,0.04523809523809524,0.035890410958904106,169.0,0.04152334152334152,FD001,1.0,2,20
1.0,404,152,3498,16,0.0380952380952381,0.041643835616438356,184.0,0.04520884520884521,FD001,1.0,2,20
1.05,404,171,3479,16,0.0380952380952381,0.04684931506849315,203.0,0.049877149877149876,FD001,1.0,2,20
1.1,409,195,3455,11,0.02619047619047619,0.05342465753424658,217.0,0.05331695331695332,FD001,1.0,2,20
1.15,412,213,3437,8,0.01904761904761905,0.05835616438356164,229.0,0.05626535626535627,FD001,1.0,2,20
1.2,414,234,3416,6,0.014285714285714285,0.06410958904109589,246.0,0.06044226044226044,FD001,1.0,2,20
1.25,416,252,3398,4,0.009523809523809525,0.06904109589041096,260.0,0.06388206388206388,FD001,1.0,2,20
1.3,417,279,3371,3,0.007142857142857143,0.07643835616438356,285.0,0.07002457002457002,FD001,1.0,2,20
1.35,417,313,3337,3,0.007142857142857143,0.08575342465753424,319.0,0.07837837837837838,FD001,1.0,2,20
1.4,419,343,3307,1,0.002380952380952381,0.09397260273972603,345.0,0.08476658476658476,FD001,1.0,2,20
1.45,419,368,3282,1,0.002380952380952381,0.10082191780821918,370.0,0.09090909090909091,FD001,1.0,2,20
1.5,419,404,3246,1,0.002380952380952381,0.11068493150684931,406.0,0.09975429975429975,FD001,1.0,2,20
1.55,420,438,3212,0,0.0,0.12,438.0,0.10761670761670762,FD001,1.0,2,20
1.6,420,472,3178,0,0.0,0.1293150684931507,472.0,0.11597051597051597,FD001,1.0,2,20
1.65,420,503,3147,0,0.0,0.1378082191780822,503.0,0.12358722358722359,FD001,1.0,2,20
1.7,420,544,3106,0,0.0,0.14904109589041095,544.0,0.13366093366093365,FD001,1.0,2,20
1.75,420,585,3065,0,0.0,0.16027397260273973,585.0,0.14373464373464373,FD001,1.0,2,20
1.8,420,626,3024,0,0.0,0.1715068493150685,626.0,0.1538083538083538,FD001,1.0,2,20
1.85,420,660,2990,0,0.0,0.18082191780821918,660.0,0.16216216216216217,FD001,1.0,2,20
1.9,420,705,2945,0,0.0,0.19315068493150686,705.0,0.1732186732186732,FD001,1.0,2,20
1.95,420,731,2919,0,0.0,0.2002739726027397,731.0,0.1796068796068796,FD001,1.0,2,20
2.0,420,768,2882,0,0.0,0.2104109589041096,768.0,0.1886977886977887,FD001,1.0,2,20
0.0,343,20,3630,77,0.18333333333333332,0.005479452054794521,405.0,0.09950859950859951,FD001,1.0,5,20
0.05,346,22,3628,74,0.1761904761904762,0.006027397260273973,392.0,0.09631449631449632,FD001,1.0,5,20
0.1,348,24,3626,72,0.17142857142857143,0.006575342465753425,384.0,0.09434889434889435,FD001,1.0,5,20
0.15,354,28,3622,66,0.15714285714285714,0.007671232876712329,358.0,0.08796068796068796,FD001,1.0,5,20
0.2,359,29,3621,61,0.14523809523809525,0.007945205479452055,334.0,0.08206388206388206,FD001,1.0,5,20
0.25,363,31,3619,57,0.1357142857142857,0.008493150684931507,316.0,0.07764127764127764,FD001,1.0,5,20
0.3,365,33,3617,55,0.13095238095238096,0.00904109589041096,308.0,0.07567567567567568,FD001,1.0,5,20
0.35,367,36,3614,53,0.1261904761904762,0.009863013698630137,301.0,0.07395577395577396,FD001,1.0,5,20
0.4,374,41,3609,46,0.10952380952380952,0.011232876712328766,271.0,0.06658476658476659,FD001,1.0,5,20
0.45,376,42,3608,44,0.10476190476190476,0.011506849315068493,262.0,0.06437346437346438,FD001,1.0,5,20
0.5,376,44,3606,44,0.10476190476190476,0.012054794520547946,264.0,0.06486486486486487,FD001,1.0,5,20
0.55,379,50,3600,41,0.09761904761904762,0.0136986301369863,255.0,0.06265356265356266,FD001,1.0,5,20
0.6,382,55,3595,38,0.09047619047619047,0.015068493150684932,245.0,0.060196560196560195,FD001,1.0,5,20
0.65,382,64,3586,38,0.09047619047619047,0.017534246575342465,254.0,0.062407862407862405,FD001,1.0,5,20
0.7,386,77,3573,34,0.08095238095238096,0.021095890410958905,247.0,0.06068796068796069,FD001,1.0,5,20
0.75,390,87,3563,30,0.07142857142857142,0.023835616438356164,237.0,0.05823095823095823,FD001,1.0,5,20
0.8,394,93,3557,26,0.06190476190476191,0.02547945205479452,223.0,0.05479115479115479,FD001,1.0,5,20
0.85,396,106,3544,24,0.05714285714285714,0.02904109589041096,226.0,0.05552825552825553,FD001,1.0,5,20
0.9,399,120,3530,21,0.05,0.03287671232876712,225.0,0.05528255528255528,FD001,1.0,5,20
0.95,401,131,3519,19,0.04523809523809524,0.035890410958904106,226.0,0.05552825552825553,FD001,1.0,5,20
1.0,404,152,3498,16,0.0380952380952381,0.041643835616438356,232.0,0.057002457002457,FD001,1.0,5,20
1.05,404,171,3479,16,0.0380952380952381,0.04684931506849315,251.0,0.06167076167076167,FD001,1.0,5,20
1.1,409,195,3455,11,0.02619047619047619,0.05342465753424658,250.0,0.06142506142506143,FD001,1.0,5,20
1.15,412,213,3437,8,0.01904761904761905,0.05835616438356164,253.0,0.062162162162162166,FD001,1.0,5,20
1.2,414,234,3416,6,0.014285714285714285,0.06410958904109589,264.0,0.06486486486486487,FD001,1.0,5,20
1.25,416,252,3398,4,0.009523809523809525,0.06904109589041096,272.0,0.06683046683046683,FD001,1.0,5,20
1.3,417,279,3371,3,0.007142857142857143,0.07643835616438356,294.0,0.07223587223587223,FD001,1.0,5,20
1.35,417,313,3337,3,0.007142857142857143,0.08575342465753424,328.0,0.08058968058968059,FD001,1.0,5,20
1.4,419,343,3307,1,0.002380952380952381,0.09397260273972603,348.0,0.0855036855036855,FD001,1.0,5,20
1.45,419,368,3282,1,0.002380952380952381,0.10082191780821918,373.0,0.09164619164619164,FD001,1.0,5,20
1.5,419,404,3246,1,0.002380952380952381,0.11068493150684931,409.0,0.1004914004914005,FD001,1.0,5,20
1.55,420,438,3212,0,0.0,0.12,438.0,0.10761670761670762,FD001,1.0,5,20
1.6,420,472,3178,0,0.0,0.1293150684931507,472.0,0.11597051597051597,FD001,1.0,5,20
1.65,420,503,3147,0,0.0,0.1378082191780822,503.0,0.12358722358722359,FD001,1.0,5,20
1.7,420,544,3106,0,0.0,0.14904109589041095,544.0,0.13366093366093365,FD001,1.0,5,20
1.75,420,585,3065,0,0.0,0.16027397260273973,585.0,0.14373464373464373,FD001,1.0,5,20
1.8,420,626,3024,0,0.0,0.1715068493150685,626.0,0.1538083538083538,FD001,1.0,5,20
1.85,420,660,2990,0,0.0,0.18082191780821918,660.0,0.16216216216216217,FD001,1.0,5,20
1.9,420,705,2945,0,0.0,0.19315068493150686,705.0,0.1732186732186732,FD001,1.0,5,20
1.95,420,731,2919,0,0.0,0.2002739726027397,731.0,0.1796068796068796,FD001,1.0,5,20
2.0,420,768,2882,0,0.0,0.2104109589041096,768.0,0.1886977886977887,FD001,1.0,5,20
0.0,343,20,3630,77,0.18333333333333332,0.005479452054794521,790.0,0.1941031941031941,FD001,1.0,10,20
0.05,346,22,3628,74,0.1761904761904762,0.006027397260273973,762.0,0.18722358722358723,FD001,1.0,10,20
0.1,348,24,3626,72,0.17142857142857143,0.006575342465753425,744.0,0.1828009828009828,FD001,1.0,10,20
0.15,354,28,3622,66,0.15714285714285714,0.007671232876712329,688.0,0.16904176904176904,FD001,1.0,10,20
0.2,359,29,3621,61,0.14523809523809525,0.007945205479452055,639.0,0.157002457002457,FD001,1.0,10,20
0.25,363,31,3619,57,0.1357142857142857,0.008493150684931507,601.0,0.14766584766584767,FD001,1.0,10,20
0.3,365,33,3617,55,0.13095238095238096,0.00904109589041096,583.0,0.14324324324324325,FD001,1.0,10,20
0.35,367,36,3614,53,0.1261904761904762,0.009863013698630137,566.0,0.13906633906633906,FD001,1.0,10,20
0.4,374,41,3609,46,0.10952380952380952,0.011232876712328766,501.0,0.12309582309582309,FD001,1.0,10,20
0.45,376,42,3608,44,0.10476190476190476,0.011506849315068493,482.0,0.11842751842751843,FD001,1.0,10,20
0.5,376,44,3606,44,0.10476190476190476,0.012054794520547946,484.0,0.11891891891891893,FD001,1.0,10,20
0.55,379,50,3600,41,0.09761904761904762,0.0136986301369863,460.0,0.11302211302211303,FD001,1.0,10,20
0.6,382,55,3595,38,0.09047619047619047,0.015068493150684932,435.0,0.10687960687960688,FD001,1.0,10,20
0.65,382,64,3586,38,0.09047619047619047,0.017534246575342465,444.0,0.10909090909090909,FD001,1.0,10,20
0.7,386,77,3573,34,0.08095238095238096,0.021095890410958905,417.0,0.10245700245700246,FD001,1.0,10,20
0.75,390,87,3563,30,0.07142857142857142,0.023835616438356164,387.0,0.09508599508599509,FD001,1.0,10,20
0.8,394,93,3557,26,0.06190476190476191,0.02547945205479452,353.0,0.08673218673218673,FD001,1.0,10,20
0.85,396,106,3544,24,0.05714285714285714,0.02904109589041096,346.0,0.08501228501228501,FD001,1.0,10,20
0.9,399,120,3530,21,0.05,0.03287671232876712,330.0,0.08108108108108109,FD001,1.0,10,20
0.95,401,131,3519,19,0.04523809523809524,0.035890410958904106,321.0,0.07886977886977888,FD001,1.0,10,20
1.0,404,152,3498,16,0.0380952380952381,0.041643835616438356,312.0,0.07665847665847667,FD001,1.0,10,20
1.05,404,171,3479,16,0.0380952380952381,0.04684931506849315,331.0,0.08132678132678132,FD001,1.0,10,20
1.1,409,195,3455,11,0.02619047619047619,0.05342465753424658,305.0,0.07493857493857493,FD001,1.0,10,20
1.15,412,213,3437,8,0.01904761904761905,0.05835616438356164,293.0,0.07199017199017199,FD001,1.0,10,20
1.2,414,234,3416,6,0.014285714285714285,0.06410958904109589,294.0,0.07223587223587223,FD001,1.0,10,20
1.25,416,252,3398,4,0.009523809523809525,0.06904109589041096,292.0,0.07174447174447174,FD001,1.0,10,20
1.3,417,279,3371,3,0.007142857142857143,0.07643835616438356,309.0,0.07592137592137592,FD001,1.0,10,20
1.35,417,313,3337,3,0.007142857142857143,0.08575342465753424,343.0,0.08427518427518428,FD001,1.0,10,20
1.4,419,343,3307,1,0.002380952380952381,0.09397260273972603,353.0,0.08673218673218673,FD001,1.0,10,20
1.45,419,368,3282,1,0.002380952380952381,0.10082191780821918,378.0,0.09287469287469287,FD001,1.0,10,20
1.5,419,404,3246,1,0.002380952380952381,0.11068493150684931,414.0,0.10171990171990172,FD001,1.0,10,20
1.55,420,438,3212,0,0.0,0.12,438.0,0.10761670761670762,FD001,1.0,10,20
1.6,420,472,3178,0,0.0,0.1293150684931507,472.0,0.11597051597051597,FD001,1.0,10,20
1.65,420,503,3147,0,0.0,0.1378082191780822,503.0,0.12358722358722359,FD001,1.0,10,20
1.7,420,544,3106,0,0.0,0.14904109589041095,544.0,0.13366093366093365,FD001,1.0,10,20
1.75,420,585,3065,0,0.0,0.16027397260273973,585.0,0.14373464373464373,FD001,1.0,10,20
1.8,420,626,3024,0,0.0,0.1715068493150685,626.0,0.1538083538083538,FD001,1.0,10,20
1.85,420,660,2990,0,0.0,0.18082191780821918,660.0,0.16216216216216217,FD001,1.0,10,20
1.9,420,705,2945,0,0.0,0.19315068493150686,705.0,0.1732186732186732,FD001,1.0,10,20
1.95,420,731,2919,0,0.0,0.2002739726027397,731.0,0.1796068796068796,FD001,1.0,10,20
2.0,420,768,2882,0,0.0,0.2104109589041096,768.0,0.1886977886977887,FD001,1.0,10,20
0.0,343,20,3630,77,0.18333333333333332,0.005479452054794521,1560.0,0.3832923832923833,FD001,1.0,20,20
0.05,346,22,3628,74,0.1761904761904762,0.006027397260273973,1502.0,0.36904176904176905,FD001,1.0,20,20
0.1,348,24,3626,72,0.17142857142857143,0.006575342465753425,1464.0,0.3597051597051597,FD001,1.0,20,20
0.15,354,28,3622,66,0.15714285714285714,0.007671232876712329,1348.0,0.3312039312039312,FD001,1.0,20,20
0.2,359,29,3621,61,0.14523809523809525,0.007945205479452055,1249.0,0.30687960687960686,FD001,1.0,20,20
0.25,363,31,3619,57,0.1357142857142857,0.008493150684931507,1171.0,0.2877149877149877,FD001,1.0,20,20
0.3,365,33,3617,55,0.13095238095238096,0.00904109589041096,1133.0,0.27837837837837837,FD001,1.0,20,20
0.35,367,36,3614,53,0.1261904761904762,0.009863013698630137,1096.0,0.26928746928746927,FD001,1.0,20,20
0.4,374,41,3609,46,0.10952380952380952,0.011232876712328766,961.0,0.2361179361179361,FD001,1.0,20,20
0.45,376,42,3608,44,0.10476190476190476,0.011506849315068493,922.0,0.22653562653562653,FD001,1.0,20,20
0.5,376,44,3606,44,0.10476190476190476,0.012054794520547946,924.0,0.22702702702702704,FD001,1.0,20,20
0.55,379,50,3600,41,0.09761904761904762,0.0136986301369863,870.0,0.21375921375921375,FD001,1.0,20,20
0.6,382,55,3595,38,0.09047619047619047,0.015068493150684932,815.0,0.20024570024570024,FD001,1.0,20,20
0.65,382,64,3586,38,0.09047619047619047,0.017534246575342465,824.0,0.20245700245700246,FD001,1.0,20,20
0.7,386,77,3573,34,0.08095238095238096,0.021095890410958905,757.0,0.185995085995086,FD001,1.0,20,20
0.75,390,87,3563,30,0.07142857142857142,0.023835616438356164,687.0,0.1687960687960688,FD001,1.0,20,20
0.8,394,93,3557,26,0.06190476190476191,0.02547945205479452,613.0,0.15061425061425063,FD001,1.0,20,20
0.85,396,106,3544,24,0.05714285714285714,0.02904109589041096,586.0,0.14398034398034398,FD001,1.0,20,20
0.9,399,120,3530,21,0.05,0.03287671232876712,540.0,0.13267813267813267,FD001,1.0,20,20
0.95,401,131,3519,19,0.04523809523809524,0.035890410958904106,511.0,0.12555282555282554,FD001,1.0,20,20
1.0,404,152,3498,16,0.0380952380952381,0.041643835616438356,472.0,0.11597051597051597,FD001,1.0,20,20
1.05,404,171,3479,16,0.0380952380952381,0.04684931506849315,491.0,0.12063882063882064,FD001,1.0,20,20
1.1,409,195,3455,11,0.02619047619047619,0.05342465753424658,415.0,0.10196560196560196,FD001,1.0,20,20
1.15,412,213,3437,8,0.01904761904761905,0.05835616438356164,373.0,0.09164619164619164,FD001,1.0,20,20
1.2,414,234,3416,6,0.014285714285714285,0.06410958904109589,354.0,0.08697788697788698,FD001,1.0,20,20
1.25,416,252,3398,4,0.009523809523809525,0.06904109589041096,332.0,0.08157248157248158,FD001,1.0,20,20
1.3,417,279,3371,3,0.007142857142857143,0.07643835616438356,339.0,0.0832923832923833,FD001,1.0,20,20
1.35,417,313,3337,3,0.007142857142857143,0.08575342465753424,373.0,0.09164619164619164,FD001,1.0,20,20
1.4,419,343,3307,1,0.002380952380952381,0.09397260273972603,363.0,0.0891891891891892,FD001,1.0,20,20
1.45,419,368,3282,1,0.002380952380952381,0.10082191780821918,388.0,0.09533169533169533,FD001,1.0,20,20
1.5,419,404,3246,1,0.002380952380952381,0.11068493150684931,424.0,0.10417690417690417,FD001,1.0,20,20
1.55,420,438,3212,0,0.0,0.12,438.0,0.10761670761670762,FD001,1.0,20,20
1.6,420,472,3178,0,0.0,0.1293150684931507,472.0,0.11597051597051597,FD001,1.0,20,20
1.65,420,503,3147,0,0.0,0.1378082191780822,503.0,0.12358722358722359,FD001,1.0,20,20
1.7,420,544,3106,0,0.0,0.14904109589041095,544.0,0.13366093366093365,FD001,1.0,20,20
1.75,420,585,3065,0,0.0,0.16027397260273973,585.0,0.14373464373464373,FD001,1.0,20,20
1.8,420,626,3024,0,0.0,0.1715068493150685,626.0,0.1538083538083538,FD001,1.0,20,20
1.85,420,660,2990,0,0.0,0.18082191780821918,660.0,0.16216216216216217,FD001,1.0,20,20
1.9,420,705,2945,0,0.0,0.19315068493150686,705.0,0.1732186732186732,FD001,1.0,20,20
1.95,420,731,2919,0,0.0,0.2002739726027397,731.0,0.1796068796068796,FD001,1.0,20,20
2.0,420,768,2882,0,0.0,0.2104109589041096,768.0,0.1886977886977887,FD001,1.0,20,20
0.0,343,20,3630,77,0.18333333333333332,0.005479452054794521,3870.0,0.9508599508599509,FD001,1.0,50,20
0.05,346,22,3628,74,0.1761904761904762,0.006027397260273973,3722.0,0.9144963144963145,FD001,1.0,50,20
0.1,348,24,3626,72,0.17142857142857143,0.006575342465753425,3624.0,0.8904176904176904,FD001,1.0,50,20
0.15,354,28,3622,66,0.15714285714285714,0.007671232876712329,3328.0,0.8176904176904177,FD001,1.0,50,20
0.2,359,29,3621,61,0.14523809523809525,0.007945205479452055,3079.0,0.7565110565110565,FD001,1.0,50,20
0.25,363,31,3619,57,0.1357142857142857,0.008493150684931507,2881.0,0.7078624078624078,FD001,1.0,50,20
0.3,365,33,3617,55,0.13095238095238096,0.00904109589041096,2783.0,0.6837837837837838,FD001,1.0,50,20
0.35,367,36,3614,53,0.1261904761904762,0.009863013698630137,2686.0,0.65995085995086,FD001,1.0,50,20
0.4,374,41,3609,46,0.10952380952380952,0.011232876712328766,2341.0,0.5751842751842752,FD001,1.0,50,20
0.45,376,42,3608,44,0.10476190476190476,0.011506849315068493,2242.0,0.5508599508599509,FD001,1.0,50,20
0.5,376,44,3606,44,0.10476190476190476,0.012054794520547946,2244.0,0.5513513513513514,FD001,1.0,50,20
0.55,379,50,3600,41,0.09761904761904762,0.0136986301369863,2100.0,0.515970515970516,FD001,1.0,50,20
0.6,382,55,3595,38,0.09047619047619047,0.015068493150684932,1955.0,0.48034398034398035,FD001,1.0,50,20
0.65,382,64,3586,38,0.09047619047619047,0.017534246575342465,1964.0,0.48255528255528257,FD001,1.0,50,20
0.7,386,77,3573,34,0.08095238095238096,0.021095890410958905,1777.0,0.4366093366093366,FD001,1.0,50,20
0.75,390,87,3563,30,0.07142857142857142,0.023835616438356164,1587.0,0.3899262899262899,FD001,1.0,50,20
0.8,394,93,3557,26,0.06190476190476191,0.02547945205479452,1393.0,0.3422604422604423,FD001,1.0,50,20
0.85,396,106,3544,24,0.05714285714285714,0.02904109589041096,1306.0,0.3208845208845209,FD001,1.0,50,20
0.9,399,120,3530,21,0.05,0.03287671232876712,1170.0,0.28746928746928746,FD001,1.0,50,20
0.95,401,131,3519,19,0.04523809523809524,0.035890410958904106,1081.0,0.2656019656019656,FD001,1.0,50,20
1.0,404,152,3498,16,0.0380952380952381,0.041643835616438356,952.0,0.2339066339066339,FD001,1.0,50,20
1.05,404,171,3479,16,0.0380952380952381,0.04684931506849315,971.0,0.23857493857493858,FD001,1.0,50,20
1.1,409,195,3455,11,0.02619047619047619,0.05342465753424658,745.0,0.18304668304668303,FD001,1.0,50,20
1.15,412,213,3437,8,0.01904761904761905,0.05835616438356164,613.0,0.15061425061425063,FD001,1.0,50,20
1.2,414,234,3416,6,0.014285714285714285,0.06410958904109589,534.0,0.1312039312039312,FD001,1.0,50,20
1.25,416,252,3398,4,0.009523809523809525,0.06904109589041096,452.0,0.11105651105651106,FD001,1.0,50,20
1.3,417,279,3371,3,0.007142857142857143,0.07643835616438356,429.0,0.10540540540540541,FD001,1.0,50,20
1.35,417,313,3337,3,0.007142857142857143,0.08575342465753424,463.0,0.11375921375921376,FD001,1.0,50,20
1.4,419,343,3307,1,0.002380952380952381,0.09397260273972603,393.0,0.09656019656019656,FD001,1.0,50,20
1.45,419,368,3282,1,0.002380952380952381,0.10082191780821918,418.0,0.10270270270270271,FD001,1.0,50,20
1.5,419,404,3246,1,0.002380952380952381,0.11068493150684931,454.0,0.11154791154791155,FD001,1.0,50,20
1.55,420,438,3212,0,0.0,0.12,438.0,0.10761670761670762,FD001,1.0,50,20
1.6,420,472,3178,0,0.0,0.1293150684931507,472.0,0.11597051597051597,FD001,1.0,50,20
1.65,420,503,3147,0,0.0,0.1378082191780822,503.0,0.12358722358722359,FD001,1.0,50,20
1.7,420,544,3106,0,0.0,0.14904109589041095,544.0,0.13366093366093365,FD001,1.0,50,20
1.75,420,585,3065,0,0.0,0.16027397260273973,585.0,0.14373464373464373,FD001,1.0,50,20
1.8,420,626,3024,0,0.0,0.1715068493150685,626.0,0.1538083538083538,FD001,1.0,50,20
1.85,420,660,2990,0,0.0,0.18082191780821918,660.0,0.16216216216216217,FD001,1.0,50,20
1.9,420,705,2945,0,0.0,0.19315068493150686,705.0,0.1732186732186732,FD001,1.0,50,20
1.95,420,731,2919,0,0.0,0.2002739726027397,731.0,0.1796068796068796,FD001,1.0,50,20
2.0,420,768,2882,0,0.0,0.2104109589041096,768.0,0.1886977886977887,FD001,1.0,50,20
0.0,343,20,3630,77,0.18333333333333332,0.005479452054794521,7720.0,1.8968058968058967,FD001,1.0,100,20
0.05,346,22,3628,74,0.1761904761904762,0.006027397260273973,7422.0,1.8235872235872237,FD001,1.0,100,20
0.1,348,24,3626,72,0.17142857142857143,0.006575342465753425,7224.0,1.7749385749385749,FD001,1.0,100,20
0.15,354,28,3622,66,0.15714285714285714,0.007671232876712329,6628.0,1.6285012285012286,FD001,1.0,100,20
0.2,359,29,3621,61,0.14523809523809525,0.007945205479452055,6129.0,1.5058968058968059,FD001,1.0,100,20
0.25,363,31,3619,57,0.1357142857142857,0.008493150684931507,5731.0,1.4081081081081082,FD001,1.0,100,20
0.3,365,33,3617,55,0.13095238095238096,0.00904109589041096,5533.0,1.3594594594594596,FD001,1.0,100,20
0.35,367,36,3614,53,0.1261904761904762,0.009863013698630137,5336.0,1.311056511056511,FD001,1.0,100,20
0.4,374,41,3609,46,0.10952380952380952,0.011232876712328766,4641.0,1.1402948402948403,FD001,1.0,100,20
0.45,376,42,3608,44,0.10476190476190476,0.011506849315068493,4442.0,1.0914004914004913,FD001,1.0,100,20
0.5,376,44,3606,44,0.10476190476190476,0.012054794520547946,4444.0,1.0918918918918918,FD001,1.0,100,20
0.55,379,50,3600,41,0.09761904761904762,0.0136986301369863,4150.0,1.0196560196560196,FD001,1.0,100,20
0.6,382,55,3595,38,0.09047619047619047,0.015068493150684932,3855.0,0.9471744471744472,FD001,1.0,100,20
0.65,382,64,3586,38,0.09047619047619047,0.017534246575342465,3864.0,0.9493857493857494,FD001,1.0,100,20
0.7,386,77,3573,34,0.08095238095238096,0.021095890410958905,3477.0,0.8542997542997544,FD001,1.0,100,20
0.75,390,87,3563,30,0.07142857142857142,0.023835616438356164,3087.0,0.7584766584766585,FD001,1.0,100,20
0.8,394,93,3557,26,0.06190476190476191,0.02547945205479452,2693.0,0.6616707616707617,FD001,1.0,100,20
0.85,396,106,3544,24,0.05714285714285714,0.02904109589041096,2506.0,0.6157248157248157,FD001,1.0,100,20
0.9,399,120,3530,21,0.05,0.03287671232876712,2220.0,0.5454545454545454,FD001,1.0,100,20
0.95,401,131,3519,19,0.04523809523809524,0.035890410958904106,2031.0,0.49901719901719904,FD001,1.0,100,20
1.0,404,152,3498,16,0.0380952380952381,0.041643835616438356,1752.0,0.4304668304668305,FD001,1.0,100,20
1.05,404,171,3479,16,0.0380952380952381,0.04684931506849315,1771.0,0.43513513513513513,FD001,1.0,100,20
1.1,409,195,3455,11,0.02619047619047619,0.05342465753424658,1295.0,0.3181818181818182,FD001,1.0,100,20
1.15,412,213,3437,8,0.01904761904761905,0.05835616438356164,1013.0,0.2488943488943489,FD001,1.0,100,20
1.2,414,234,3416,6,0.014285714285714285,0.06410958904109589,834.0,0.2049140049140049,FD001,1.0,100,20
1.25,416,252,3398,4,0.009523809523809525,0.06904109589041096,652.0,0.1601965601965602,FD001,1.0,100,20
1.3,417,279,3371,3,0.007142857142857143,0.07643835616438356,579.0,0.14226044226044227,FD001,1.0,100,20
1.35,417,313,3337,3,0.007142857142857143,0.08575342465753424,613.0,0.15061425061425063,FD001,1.0,100,20
1.4,419,343,3307,1,0.002380952380952381,0.09397260273972603,443.0,0.10884520884520885,FD001,1.0,100,20
1.45,419,368,3282,1,0.002380952380952381,0.10082191780821918,468.0,0.11498771498771498,FD001,1.0,100,20
1.5,419,404,3246,1,0.002380952380952381,0.11068493150684931,504.0,0.12383292383292384,FD001,1.0,100,20
1.55,420,438,3212,0,0.0,0.12,438.0,0.10761670761670762,FD001,1.0,100,20
1.6,420,472,3178,0,0.0,0.1293150684931507,472.0,0.11597051597051597,FD001,1.0,100,20
1.65,420,503,3147,0,0.0,0.1378082191780822,503.0,0.12358722358722359,FD001,1.0,100,20
1.7,420,544,3106,0,0.0,0.14904109589041095,544.0,0.13366093366093365,FD001,1.0,100,20
1.75,420,585,3065,0,0.0,0.16027397260273973,585.0,0.14373464373464373,FD001,1.0,100,20
1.8,420,626,3024,0,0.0,0.1715068493150685,626.0,0.1538083538083538,FD001,1.0,100,20
1.85,420,660,2990,0,0.0,0.18082191780821918,660.0,0.16216216216216217,FD001,1.0,100,20
1.9,420,705,2945,0,0.0,0.19315068493150686,705.0,0.1732186732186732,FD001,1.0,100,20
1.95,420,731,2919,0,0.0,0.2002739726027397,731.0,0.1796068796068796,FD001,1.0,100,20
2.0,420,768,2882,0,0.0,0.2104109589041096,768.0,0.1886977886977887,FD001,1.0,100,20
0.0,537,152,9051,555,0.5082417582417582,0.016516353363033795,1262.0,0.12258377853326857,FD002,1.0,2,20
0.05,557,164,9039,535,0.4899267399267399,0.017820275996957513,1234.0,0.11986401165614376,FD002,1.0,2,20
0.1,580,191,9012,512,0.46886446886446886,0.020754101923285886,1215.0,0.11801845556095192,FD002,1.0,2,20
0.15,601,205,8998,491,0.44963369963369965,0.02227534499619689,1187.0,0.1152986886838271,FD002,1.0,2,20
0.2,615,219,8984,477,0.4368131868131868,0.0237965880691079,1173.0,0.11393880524526469,FD002,1.0,2,20
0.25,640,240,8963,452,0.4139194139194139,0.02607845267847441,1144.0,0.11112190383681399,FD002,1.0,2,20
0.3,663,261,8942,429,0.39285714285714285,0.02836031728784092,1119.0,0.10869354055366683,FD002,1.0,2,20
0.35,688,280,8923,404,0.36996336996337,0.030424861458220147,1088.0,0.10568237008256436,FD002,1.0,2,20
0.4,710,304,8899,382,0.3498168498168498,0.03303270672606759,1068.0,0.10373967945604662,FD002,1.0,2,20
0.45,728,327,8876,364,0.3333333333333333,0.035531891774421384,1055.0,0.1024769305488101,FD002,1.0,2,20
0.5,753,357,8846,339,0.31043956043956045,0.038791698359230686,1035.0,0.10053423992229238,FD002,1.0,2,20
0.55,776,393,8810,316,0.2893772893772894,0.04270346626100185,1025.0,0.09956289460903352,FD002,1.0,2,20
0.6,807,439,8764,285,0.260989010989011,0.04770183635770944,1009.0,0.09800874210781933,FD002,1.0,2,20
0.65,835,476,8727,257,0.23534798534798534,0.051722264478974246,990.0,0.0961631860126275,FD002,1.0,2,20
0.7,849,518,8685,243,0.22252747252747251,0.056285993697707266,1004.0,0.0975230694511899,FD002,1.0,2,20
0.75,866,568,8635,226,0.20695970695970695,0.06171900467238944,1020.0,0.09907722195240408,FD002,1.0,2,20
0.8,885,616,8587,207,0.18956043956043955,0.06693469520808432,1030.0,0.10004856726566294,FD002,1.0,2,20
0.85,911,671,8532,181,0.16575091575091574,0.07291100728023471,1033.0,0.1003399708596406,FD002,1.0,2,20
0.9,931,733,8470,161,0.14743589743589744,0.0796479408888406,1055.0,0.1024769305488101,FD002,1.0,2,20
0.95,948,799,8404,144,0.13186813186813187,0.08681951537542106,1087.0,0.10558523555123847,FD002,1.0,2,20
1.0,963,859,8344,129,0.11813186813186813,0.09333912854503966,1117.0,0.10849927149101506,FD002,1.0,2,20
1.05,976,926,8277,116,0.10622710622710622,0.10061936325111377,1158.0,0.1124817872753764,FD002,1.0,2,20
1.1,986,1017,8186,106,0.09706959706959707,0.11050744322503532,1229.0,0.11937833899951433,FD002,1.0,2,20
1.15,999,1094,8109,93,0.08516483516483517,0.11887428012604585,1280.0,0.12433220009713453,FD002,1.0,2,20
1.2,1008,1185,8018,84,0.07692307692307693,0.12876236009996742,1353.0,0.13142302088392424,FD002,1.0,2,20
1.25,1017,1293,7910,75,0.06868131868131869,0.1404976638052809,1443.0,0.140165128703254,FD002,1.0,2,20
1.3,1019,1369,7834,73,0.06684981684981685,0.1487558404867978,1515.0,0.14715881495871783,FD002,1.0,2,20
1.35,1029,1470,7733,63,0.057692307692307696,0.15973052265565577,1596.0,0.15502671199611462,FD002,1.0,2,20
1.4,1035,1558,7645,57,0.0521978021978022,0.16929262197109637,1672.0,0.16240893637688197,FD002,1.0,2,20
1.45,1038,1685,7518,54,0.04945054945054945,0.1830924698467891,1793.0,0.17416221466731424,FD002,1.0,2,20
1.5,1046,1794,7409,46,0.04212454212454213,0.19493643377159622,1886.0,0.18319572608062165,FD002,1.0,2,20
1.55,1048,1921,7282,44,0.040293040293040296,0.20873628164728894,2009.0,0.1951432734337057,FD002,1.0,2,20
1.6,1052,2040,7163,40,0.03663003663003663,0.2216668477670325,2120.0,0.20592520641087908,FD002,1.0,2,20
1.65,1057,2168,7035,35,0.03205128205128205,0.23557535586221884,2238.0,0.21738708110733365,FD002,1.0,2,20
1.7,1061,2292,6911,31,0.028388278388278388,0.24904922307943061,2354.0,0.22865468674113648,FD002,1.0,2,20
1.75,1062,2423,6780,30,0.027472527472527472,0.2632837118330979,2483.0,0.24118504128217583,FD002,1.0,2,20
1.8,1066,2538,6665,26,0.023809523809523808,0.2757796370748669,2590.0,0.2515784361340457,FD002,1.0,2,20
1.85,1067,2690,6513,25,0.022893772893772892,0.29229599043790067,2740.0,0.2661486158329286,FD002,1.0,2,20
1.9,1067,2794,6409,25,0.022893772893772892,0.3035966532652396,2844.0,0.2762506070908208,FD002,1.0,2,20
1.95,1069,2910,6293,23,0.021062271062271064,0.31620123872650224,2956.0,0.28712967459932004,FD002,1.0,2,20
2.0,1071,3035,6168,21,0.019230769230769232,0.32978376616320765,3077.0,0.2988829528897523,FD002,1.0,2,20
0.0,537,152,9051,555,0.5082417582417582,0.016516353363033795,2927.0,0.28431277319086934,FD002,1.0,5,20
0.05,557,164,9039,535,0.4899267399267399,0.017820275996957513,2839.0,0.27576493443419137,FD002,1.0,5,20
0.1,580,191,9012,512,0.46886446886446886,0.020754101923285886,2751.0,0.26721709567751334,FD002,1.0,5,20
0.15,601,205,8998,491,0.44963369963369965,0.02227534499619689,2660.0,0.2583778533268577,FD002,1.0,5,20
0.2,615,219,8984,477,0.4368131868131868,0.0237965880691079,2604.0,0.25293831957260804,FD002,1.0,5,20
0.25,640,240,8963,452,0.4139194139194139,0.02607845267847441,2500.0,0.24283632831471588,FD002,1.0,5,20
0.3,663,261,8942,429,0.39285714285714285,0.02836031728784092,2406.0,0.23370568237008257,FD002,1.0,5,20
0.35,688,280,8923,404,0.36996336996337,0.030424861458220147,2300.0,0.22340942204953862,FD002,1.0,5,20
0.4,710,304,8899,382,0.3498168498168498,0.03303270672606759,2214.0,0.2150558523555124,FD002,1.0,5,20
0.45,728,327,8876,364,0.3333333333333333,0.035531891774421384,2147.0,0.208547838756678,FD002,1.0,5,20
0.5,753,357,8846,339,0.31043956043956045,0.038791698359230686,2052.0,0.1993200582807188,FD002,1.0,5,20
0.55,776,393,8810,316,0.2893772893772894,0.04270346626100185,1973.0,0.19164643030597378,FD002,1.0,5,20
0.6,807,439,8764,285,0.260989010989011,0.04770183635770944,1864.0,0.18105876639145216,FD002,1.0,5,20
0.65,835,476,8727,257,0.23534798534798534,0.051722264478974246,1761.0,0.17105390966488587,FD002,1.0,5,20
0.7,849,518,8685,243,0.22252747252747251,0.056285993697707266,1733.0,0.16833414278776104,FD002,1.0,5,20
0.75,866,568,8635,226,0.20695970695970695,0.06171900467238944,1698.0,0.16493443419135503,FD002,1.0,5,20
0.8,885,616,8587,207,0.18956043956043955,0.06693469520808432,1651.0,0.16036911121903838,FD002,1.0,5,20
0.85,911,671,8532,181,0.16575091575091574,0.07291100728023471,1576.0,0.1530840213695969,FD002,1.0,5,20
0.9,931,733,8470,161,0.14743589743589744,0.0796479408888406,1538.0,0.14939290917921322,FD002,1.0,5,20
0.95,948,799,8404,144,0.13186813186813187,0.08681951537542106,1519.0,0.14754735308402137,FD002,1.0,5,20
1.0,963,859,8344,129,0.11813186813186813,0.09333912854503966,1504.0,0.14609033511413308,FD002,1.0,5,20
1.05,976,926,8277,116,0.10622710622710622,0.10061936325111377,1506.0,0.14628460417678485,FD002,1.0,5,20
1.1,986,1017,8186,106,0.09706959706959707,0.11050744322503532,1547.0,0.1502671199611462,FD002,1.0,5,20
1.15,999,1094,8109,93,0.08516483516483517,0.11887428012604585,1559.0,0.1514327343370568,FD002,1.0,5,20
1.2,1008,1185,8018,84,0.07692307692307693,0.12876236009996742,1605.0,0.1559009227780476,FD002,1.0,5,20
1.25,1017,1293,7910,75,0.06868131868131869,0.1404976638052809,1668.0,0.16202039825157843,FD002,1.0,5,20
1.3,1019,1369,7834,73,0.06684981684981685,0.1487558404867978,1734.0,0.16843127731908694,FD002,1.0,5,20
1.35,1029,1470,7733,63,0.057692307692307696,0.15973052265565577,1785.0,0.17338513841670714,FD002,1.0,5,20
1.4,1035,1558,7645,57,0.0521978021978022,0.16929262197109637,1843.0,0.17901894123360854,FD002,1.0,5,20
1.45,1038,1685,7518,54,0.04945054945054945,0.1830924698467891,1955.0,0.18989800874210783,FD002,1.0,5,20
1.5,1046,1794,7409,46,0.04212454212454213,0.19493643377159622,2024.0,0.19660029140359397,FD002,1.0,5,20
1.55,1048,1921,7282,44,0.040293040293040296,0.20873628164728894,2141.0,0.20796503156872267,FD002,1.0,5,20
1.6,1052,2040,7163,40,0.03663003663003663,0.2216668477670325,2240.0,0.21758135016998542,FD002,1.0,5,20
1.65,1057,2168,7035,35,0.03205128205128205,0.23557535586221884,2343.0,0.22758620689655173,FD002,1.0,5,20
1.7,1061,2292,6911,31,0.028388278388278388,0.24904922307943061,2447.0,0.2376881981544439,FD002,1.0,5,20
1.75,1062,2423,6780,30,0.027472527472527472,0.2632837118330979,2573.0,0.2499271491015056,FD002,1.0,5,20
1.8,1066,2538,6665,26,0.023809523809523808,0.2757796370748669,2668.0,0.2591549295774648,FD002,1.0,5,20
1.85,1067,2690,6513,25,0.022893772893772892,0.29229599043790067,2815.0,0.2734337056823701,FD002,1.0,5,20
1.9,1067,2794,6409,25,0.022893772893772892,0.3035966532652396,2919.0,0.28353569694026226,FD002,1.0,5,20
1.95,1069,2910,6293,23,0.021062271062271064,0.31620123872650224,3025.0,0.29383195726080624,FD002,1.0,5,20
2.0,1071,3035,6168,21,0.019230769230769232,0.32978376616320765,3140.0,0.3050024283632832,FD002,1.0,5,20
0.0,537,152,9051,555,0.5082417582417582,0.016516353363033795,5702.0,0.553861097620204,FD002,1.0,10,20
0.05,557,164,9039,535,0.4899267399267399,0.017820275996957513,5514.0,0.5355998057309374,FD002,1.0,10,20
0.1,580,191,9012,512,0.46886446886446886,0.020754101923285886,5311.0,0.5158814958717824,FD002,1.0,10,20
0.15,601,205,8998,491,0.44963369963369965,0.02227534499619689,5115.0,0.4968431277319087,FD002,1.0,10,20
0.2,615,219,8984,477,0.4368131868131868,0.0237965880691079,4989.0,0.484604176784847,FD002,1.0,10,20
0.25,640,240,8963,452,0.4139194139194139,0.02607845267847441,4760.0,0.462360369111219,FD002,1.0,10,20
0.3,663,261,8942,429,0.39285714285714285,0.02836031728784092,4551.0,0.4420592520641088,FD002,1.0,10,20
0.35,688,280,8923,404,0.36996336996337,0.030424861458220147,4320.0,0.41962117532782905,FD002,1.0,10,20
0.4,710,304,8899,382,0.3498168498168498,0.03303270672606759,4124.0,0.4005828071879553,FD002,1.0,10,20
0.45,728,327,8876,364,0.3333333333333333,0.035531891774421384,3967.0,0.3853326857697912,FD002,1.0,10,20
0.5,753,357,8846,339,0.31043956043956045,0.038791698359230686,3747.0,0.36396308887809614,FD002,1.0,10,20
0.55,776,393,8810,316,0.2893772893772894,0.04270346626100185,3553.0,0.3451189898008742,FD002,1.0,10,20
0.6,807,439,8764,285,0.260989010989011,0.04770183635770944,3289.0,0.3194754735308402,FD002,1.0,10,20
0.65,835,476,8727,257,0.23534798534798534,0.051722264478974246,3046.0,0.2958717824186498,FD002,1.0,10,20
0.7,849,518,8685,243,0.22252747252747251,0.056285993697707266,2948.0,0.28635259834871296,FD002,1.0,10,20
0.75,866,568,8635,226,0.20695970695970695,0.06171900467238944,2828.0,0.2746964545896066,FD002,1.0,10,20
0.8,885,616,8587,207,0.18956043956043955,0.06693469520808432,2686.0,0.26090335114133073,FD002,1.0,10,20
0.85,911,671,8532,181,0.16575091575091574,0.07291100728023471,2481.0,0.24099077221952403,FD002,1.0,10,20
0.9,931,733,8470,161,0.14743589743589744,0.0796479408888406,2343.0,0.22758620689655173,FD002,1.0,10,20
0.95,948,799,8404,144,0.13186813186813187,0.08681951537542106,2239.0,0.21748421563865955,FD002,1.0,10,20
1.0,963,859,8344,129,0.11813186813186813,0.09333912854503966,2149.0,0.20874210781932978,FD002,1.0,10,20
1.05,976,926,8277,116,0.10622710622710622,0.10061936325111377,2086.0,0.20262263234579894,FD002,1.0,10,20
1.1,986,1017,8186,106,0.09706959706959707,0.11050744322503532,2077.0,0.20174842156386597,FD002,1.0,10,20
1.15,999,1094,8109,93,0.08516483516483517,0.11887428012604585,2024.0,0.19660029140359397,FD002,1.0,10,20
1.2,1008,1185,8018,84,0.07692307692307693,0.12876236009996742,2025.0,0.19669742593491987,FD002,1.0,10,20
1.25,1017,1293,7910,75,0.06868131868131869,0.1404976638052809,2043.0,0.19844584749878583,FD002,1.0,10,20
1.3,1019,1369,7834,73,0.06684981684981685,0.1487558404867978,2099.0,0.20388538125303546,FD002,1.0,10,20
1.35,1029,1470,7733,63,0.057692307692307696,0.15973052265565577,2100.0,0.20398251578436133,FD002,1.0,10,20
1.4,1035,1558,7645,57,0.0521978021978022,0.16929262197109637,2128.0,0.20670228266148616,FD002,1.0,10,20
1.45,1038,1685,7518,54,0.04945054945054945,0.1830924698467891,2225.0,0.21612433220009714,FD002,1.0,10,20
1.5,1046,1794,7409,46,0.04212454212454213,0.19493643377159622,2254.0,0.21894123360854784,FD002,1.0,10,20
1.55,1048,1921,7282,44,0.040293040293040296,0.20873628164728894,2361.0,0.2293346284604177,FD002,1.0,10,20
1.6,1052,2040,7163,40,0.03663003663003663,0.2216668477670325,2440.0,0.2370082564351627,FD002,1.0,10,20
1.65,1057,2168,7035,35,0.03205128205128205,0.23557535586221884,2518.0,0.24458474987858184,FD002,1.0,10,20
1.7,1061,2292,6911,31,0.028388278388278388,0.24904922307943061,2602.0,0.2527440505099563,FD002,1.0,10,20
1.75,1062,2423,6780,30,0.027472527472527472,0.2632837118330979,2723.0,0.26449732880038856,FD002,1.0,10,20
1.8,1066,2538,6665,26,0.023809523809523808,0.2757796370748669,2798.0,0.27178241864983,FD002,1.0,10,20
1.85,1067,2690,6513,25,0.022893772893772892,0.29229599043790067,2940.0,0.2855755220981059,FD002,1.0,10,20
1.9,1067,2794,6409,25,0.022893772893772892,0.3035966532652396,3044.0,0.29567751335599807,FD002,1.0,10,20
1.95,1069,2910,6293,23,0.021062271062271064,0.31620123872650224,3140.0,0.3050024283632832,FD002,1.0,10,20
2.0,1071,3035,6168,21,0.019230769230769232,0.32978376616320765,3245.0,0.31520155415250123,FD002,1.0,10,20
0.0,537,152,9051,555,0.5082417582417582,0.016516353363033795,11252.0,1.0929577464788733,FD002,1.0,20,20
0.05,557,164,9039,535,0.4899267399267399,0.017820275996957513,10864.0,1.0552695483244294,FD002,1.0,20,20
0.1,580,191,9012,512,0.46886446886446886,0.020754101923285886,10431.0,1.0132102962603204,FD002,1.0,20,20
0.15,601,205,8998,491,0.44963369963369965,0.02227534499619689,10025.0,0.9737736765420106,FD002,1.0,20,20
0.2,615,219,8984,477,0.4368131868131868,0.0237965880691079,9759.0,0.9479358912093249,FD002,1.0,20,20
0.25,640,240,8963,452,0.4139194139194139,0.02607845267847441,9280.0,0.9014084507042254,FD002,1.0,20,20
0.3,663,261,8942,429,0.39285714285714285,0.02836031728784092,8841.0,0.8587663914521613,FD002,1.0,20,20
0.35,688,280,8923,404,0.36996336996337,0.030424861458220147,8360.0,0.8120446818844099,FD002,1.0,20,20
0.4,710,304,8899,382,0.3498168498168498,0.03303270672606759,7944.0,0.7716367168528412,FD002,1.0,20,20
0.45,728,327,8876,364,0.3333333333333333,0.035531891774421384,7607.0,0.7389023797960175,FD002,1.0,20,20
0.5,753,357,8846,339,0.31043956043956045,0.038791698359230686,7137.0,0.6932491500728509,FD002,1.0,20,20
0.55,776,393,8810,316,0.2893772893772894,0.04270346626100185,6713.0,0.6520641087906751,FD002,1.0,20,20
0.6,807,439,8764,285,0.260989010989011,0.04770183635770944,6139.0,0.5963088878096163,FD002,1.0,20,20
0.65,835,476,8727,257,0.23534798534798534,0.051722264478974246,5616.0,0.5455075279261777,FD002,1.0,20,20
0.7,849,518,8685,243,0.22252747252747251,0.056285993697707266,5378.0,0.5223895094706168,FD002,1.0,20,20
0.75,866,568,8635,226,0.20695970695970695,0.06171900467238944,5088.0,0.49422049538610974,FD002,1.0,20,20
0.8,885,616,8587,207,0.18956043956043955,0.06693469520808432,4756.0,0.4619718309859155,FD002,1.0,20,20
0.85,911,671,8532,181,0.16575091575091574,0.07291100728023471,4291.0,0.41680427391937835,FD002,1.0,20,20
0.9,931,733,8470,161,0.14743589743589744,0.0796479408888406,3953.0,0.38397280233122877,FD002,1.0,20,20
0.95,948,799,8404,144,0.13186813186813187,0.08681951537542106,3679.0,0.35735794074793586,FD002,1.0,20,20
1.0,963,859,8344,129,0.11813186813186813,0.09333912854503966,3439.0,0.3340456532297232,FD002,1.0,20,20
1.05,976,926,8277,116,0.10622710622710622,0.10061936325111377,3246.0,0.3152986886838271,FD002,1.0,20,20
1.1,986,1017,8186,106,0.09706959706959707,0.11050744322503532,3137.0,0.3047110247693055,FD002,1.0,20,20
1.15,999,1094,8109,93,0.08516483516483517,0.11887428012604585,2954.0,0.2869354055366683,FD002,1.0,20,20
1.2,1008,1185,8018,84,0.07692307692307693,0.12876236009996742,2865.0,0.2782904322486644,FD002,1.0,20,20
1.25,1017,1293,7910,75,0.06868131868131869,0.1404976638052809,2793.0,0.2712967459932006,FD002,1.0,20,20
1.3,1019,1369,7834,73,0.06684981684981685,0.1487558404867978,2829.0,0.2747935891209325,FD002,1.0,20,20
1.35,1029,1470,7733,63,0.057692307692307696,0.15973052265565577,2730.0,0.2651772705196697,FD002,1.0,20,20
1.4,1035,1558,7645,57,0.0521978021978022,0.16929262197109637,2698.0,0.2620689655172414,FD002,1.0,20,20
1.45,1038,1685,7518,54,0.04945054945054945,0.1830924698467891,2765.0,0.26857697911607575,FD002,1.0,20,20
1.5,1046,1794,7409,46,0.04212454212454213,0.19493643377159622,2714.0,0.26362311801845556,FD002,1.0,20,20
1.55,1048,1921,7282,44,0.040293040293040296,0.20873628164728894,2801.0,0.27207382224380766,FD002,1.0,20,20
1.6,1052,2040,7163,40,0.03663003663003663,0.2216668477670325,2840.0,0.27586206896551724,FD002,1.0,20,20
1.65,1057,2168,7035,35,0.03205128205128205,0.23557535586221884,2868.0,0.27858183584264207,FD002,1.0,20,20
1.7,1061,2292,6911,31,0.028388278388278388,0.24904922307943061,2912.0,0.28285575522098105,FD002,1.0,20,20
1.75,1062,2423,6780,30,0.027472527472527472,0.2632837118330979,3023.0,0.29363768819815445,FD002,1.0,20,20
1.8,1066,2538,6665,26,0.023809523809523808,0.2757796370748669,3058.0,0.2970373967945605,FD002,1.0,20,20
1.85,1067,2690,6513,25,0.022893772893772892,0.29229599043790067,3190.0,0.30985915492957744,FD002,1.0,20,20
1.9,1067,2794,6409,25,0.022893772893772892,0.3035966532652396,3294.0,0.3199611461874696,FD002,1.0,20,20
1.95,1069,2910,6293,23,0.021062271062271064,0.31620123872650224,3370.0,0.32734337056823704,FD002,1.0,20,20
2.0,1071,3035,6168,21,0.019230769230769232,0.32978376616320765,3455.0,0.33559980573093734,FD002,1.0,20,20
0.0,537,152,9051,555,0.5082417582417582,0.016516353363033795,27902.0,2.710247693054881,FD002,1.0,50,20
0.05,557,164,9039,535,0.4899267399267399,0.017820275996957513,26914.0,2.6142787761049053,FD002,1.0,50,20
0.1,580,191,9012,512,0.46886446886446886,0.020754101923285886,25791.0,2.505196697425935,FD002,1.0,50,20
0.15,601,205,8998,491,0.44963369963369965,0.02227534499619689,24755.0,2.4045653229723167,FD002,1.0,50,20
0.2,615,219,8984,477,0.4368131868131868,0.0237965880691079,24069.0,2.3379310344827586,FD002,1.0,50,20
0.25,640,240,8963,452,0.4139194139194139,0.02607845267847441,22840.0,2.218552695483244,FD002,1.0,50,20
0.3,663,261,8942,429,0.39285714285714285,0.02836031728784092,21711.0,2.1088878096163186,FD002,1.0,50,20
0.35,688,280,8923,404,0.36996336996337,0.030424861458220147,20480.0,1.9893152015541524,FD002,1.0,50,20
0.4,710,304,8899,382,0.3498168498168498,0.03303270672606759,19404.0,1.884798445847499,FD002,1.0,50,20
0.45,728,327,8876,364,0.3333333333333333,0.035531891774421384,18527.0,1.7996114618746966,FD002,1.0,50,20
0.5,753,357,8846,339,0.31043956043956045,0.038791698359230686,17307.0,1.6811073336571152,FD002,1.0,50,20
0.55,776,393,8810,316,0.2893772893772894,0.04270346626100185,16193.0,1.5728994657600777,FD002,1.0,50,20
0.6,807,439,8764,285,0.260989010989011,0.04770183635770944,14689.0,1.4268091306459447,FD002,1.0,50,20
0.65,835,476,8727,257,0.23534798534798534,0.051722264478974246,13326.0,1.2944147644487616,FD002,1.0,50,20
0.7,849,518,8685,243,0.22252747252747251,0.056285993697707266,12668.0,1.2305002428363283,FD002,1.0,50,20
0.75,866,568,8635,226,0.20695970695970695,0.06171900467238944,11868.0,1.1527926177756191,FD002,1.0,50,20
0.8,885,616,8587,207,0.18956043956043955,0.06693469520808432,10966.0,1.0651772705196698,FD002,1.0,50,20
0.85,911,671,8532,181,0.16575091575091574,0.07291100728023471,9721.0,0.9442447790189412,FD002,1.0,50,20
0.9,931,733,8470,161,0.14743589743589744,0.0796479408888406,8783.0,0.8531325886352599,FD002,1.0,50,20
0.95,948,799,8404,144,0.13186813186813187,0.08681951537542106,7999.0,0.776979116075765,FD002,1.0,50,20
1.0,963,859,8344,129,0.11813186813186813,0.09333912854503966,7309.0,0.7099562894609034,FD002,1.0,50,20
1.05,976,926,8277,116,0.10622710622710622,0.10061936325111377,6726.0,0.6533268576979117,FD002,1.0,50,20
1.1,986,1017,8186,106,0.09706959706959707,0.11050744322503532,6317.0,0.6135988343856241,FD002,1.0,50,20
1.15,999,1094,8109,93,0.08516483516483517,0.11887428012604585,5744.0,0.5579407479358912,FD002,1.0,50,20
1.2,1008,1185,8018,84,0.07692307692307693,0.12876236009996742,5385.0,0.523069451189898,FD002,1.0,50,20
1.25,1017,1293,7910,75,0.06868131868131869,0.1404976638052809,5043.0,0.4898494414764449,FD002,1.0,50,20
1.3,1019,1369,7834,73,0.06684981684981685,0.1487558404867978,5019.0,0.4875182127246236,FD002,1.0,50,20
1.35,1029,1470,7733,63,0.057692307692307696,0.15973052265565577,4620.0,0.44876153472559493,FD002,1.0,50,20
1.4,1035,1558,7645,57,0.0521978021978022,0.16929262197109637,4408.0,0.428169014084507,FD002,1.0,50,20
1.45,1038,1685,7518,54,0.04945054945054945,0.1830924698467891,4385.0,0.42593491986401166,FD002,1.0,50,20
1.5,1046,1794,7409,46,0.04212454212454213,0.19493643377159622,4094.0,0.39766877124817873,FD002,1.0,50,20
1.55,1048,1921,7282,44,0.040293040293040296,0.20873628164728894,4121.0,0.40029140359397763,FD002,1.0,50,20
1.6,1052,2040,7163,40,0.03663003663003663,0.2216668477670325,4040.0,0.39242350655658087,FD002,1.0,50,20
1.65,1057,2168,7035,35,0.03205128205128205,0.23557535586221884,3918.0,0.38057309373482273,FD002,1.0,50,20
1.7,1061,2292,6911,31,0.028388278388278388,0.24904922307943061,3842.0,0.3731908693540554,FD002,1.0,50,20
1.75,1062,2423,6780,30,0.027472527472527472,0.2632837118330979,3923.0,0.38105876639145214,FD002,1.0,50,20
1.8,1066,2538,6665,26,0.023809523809523808,0.2757796370748669,3838.0,0.37280233122875184,FD002,1.0,50,20
1.85,1067,2690,6513,25,0.022893772893772892,0.29229599043790067,3940.0,0.3827100534239922,FD002,1.0,50,20
1.9,1067,2794,6409,25,0.022893772893772892,0.3035966532652396,4044.0,0.3928120446818844,FD002,1.0,50,20
1.95,1069,2910,6293,23,0.021062271062271064,0.31620123872650224,4060.0,0.39436619718309857,FD002,1.0,50,20
2.0,1071,3035,6168,21,0.019230769230769232,0.32978376616320765,4085.0,0.3967945604662457,FD002,1.0,50,20
0.0,537,152,9051,555,0.5082417582417582,0.016516353363033795,55652.0,5.405730937348228,FD002,1.0,100,20
0.05,557,164,9039,535,0.4899267399267399,0.017820275996957513,53664.0,5.212627489072365,FD002,1.0,100,20
0.1,580,191,9012,512,0.46886446886446886,0.020754101923285886,51391.0,4.991840699368626,FD002,1.0,100,20
0.15,601,205,8998,491,0.44963369963369965,0.02227534499619689,49305.0,4.789218067022826,FD002,1.0,100,20
0.2,615,219,8984,477,0.4368131868131868,0.0237965880691079,47919.0,4.654589606605148,FD002,1.0,100,20
0.25,640,240,8963,452,0.4139194139194139,0.02607845267847441,45440.0,4.413793103448276,FD002,1.0,100,20
0.3,663,261,8942,429,0.39285714285714285,0.02836031728784092,43161.0,4.1924235065565805,FD002,1.0,100,20
0.35,688,280,8923,404,0.36996336996337,0.030424861458220147,40680.0,3.951432734337057,FD002,1.0,100,20
0.4,710,304,8899,382,0.3498168498168498,0.03303270672606759,38504.0,3.740067994171928,FD002,1.0,100,20
0.45,728,327,8876,364,0.3333333333333333,0.035531891774421384,36727.0,3.567459932005828,FD002,1.0,100,20
0.5,753,357,8846,339,0.31043956043956045,0.038791698359230686,34257.0,3.3275376396308887,FD002,1.0,100,20
0.55,776,393,8810,316,0.2893772893772894,0.04270346626100185,31993.0,3.1076250607090823,FD002,1.0,100,20
0.6,807,439,8764,285,0.260989010989011,0.04770183635770944,28939.0,2.810976202039825,FD002,1.0,100,20
0.65,835,476,8727,257,0.23534798534798534,0.051722264478974246,26176.0,2.542593491986401,FD002,1.0,100,20
0.7,849,518,8685,243,0.22252747252747251,0.056285993697707266,24818.0,2.4106847984458475,FD002,1.0,100,20
0.75,866,568,8635,226,0.20695970695970695,0.06171900467238944,23168.0,2.250412821758135,FD002,1.0,100,20
0.8,885,616,8587,207,0.18956043956043955,0.06693469520808432,21316.0,2.0705196697425934,FD002,1.0,100,20
0.85,911,671,8532,181,0.16575091575091574,0.07291100728023471,18771.0,1.8233122875182126,FD002,1.0,100,20
0.9,931,733,8470,161,0.14743589743589744,0.0796479408888406,16833.0,1.635065565808645,FD002,1.0,100,20
0.95,948,799,8404,144,0.13186813186813187,0.08681951537542106,15199.0,1.4763477416221467,FD002,1.0,100,20
1.0,963,859,8344,129,0.11813186813186813,0.09333912854503966,13759.0,1.3364740165128703,FD002,1.0,100,20
1.05,976,926,8277,116,0.10622710622710622,0.10061936325111377,12526.0,1.2167071393880524,FD002,1.0,100,20
1.1,986,1017,8186,106,0.09706959706959707,0.11050744322503532,11617.0,1.1284118504128218,FD002,1.0,100,20
1.15,999,1094,8109,93,0.08516483516483517,0.11887428012604585,10394.0,1.0096163186012628,FD002,1.0,100,20
1.2,1008,1185,8018,84,0.07692307692307693,0.12876236009996742,9585.0,0.9310344827586207,FD002,1.0,100,20
1.25,1017,1293,7910,75,0.06868131868131869,0.1404976638052809,8793.0,0.8541039339485187,FD002,1.0,100,20
1.3,1019,1369,7834,73,0.06684981684981685,0.1487558404867978,8669.0,0.8420592520641088,FD002,1.0,100,20
1.35,1029,1470,7733,63,0.057692307692307696,0.15973052265565577,7770.0,0.754735308402137,FD002,1.0,100,20
1.4,1035,1558,7645,57,0.0521978021978022,0.16929262197109637,7258.0,0.7050024283632832,FD002,1.0,100,20
1.45,1038,1685,7518,54,0.04945054945054945,0.1830924698467891,7085.0,0.6881981544439048,FD002,1.0,100,20
1.5,1046,1794,7409,46,0.04212454212454213,0.19493643377159622,6394.0,0.6210781932977173,FD002,1.0,100,20
1.55,1048,1921,7282,44,0.040293040293040296,0.20873628164728894,6321.0,0.6139873725109276,FD002,1.0,100,20
1.6,1052,2040,7163,40,0.03663003663003663,0.2216668477670325,6040.0,0.5866925692083536,FD002,1.0,100,20
1.65,1057,2168,7035,35,0.03205128205128205,0.23557535586221884,5668.0,0.5505585235551238,FD002,1.0,100,20
1.7,1061,2292,6911,31,0.028388278388278388,0.24904922307943061,5392.0,0.5237493929091792,FD002,1.0,100,20
1.75,1062,2423,6780,30,0.027472527472527472,0.2632837118330979,5423.0,0.5267605633802817,FD002,1.0,100,20
1.8,1066,2538,6665,26,0.023809523809523808,0.2757796370748669,5138.0,0.49907722195240406,FD002,1.0,100,20
1.85,1067,2690,6513,25,0.022893772893772892,0.29229599043790067,5190.0,0.5041282175813502,FD002,1.0,100,20
1.9,1067,2794,6409,25,0.022893772893772892,0.3035966532652396,5294.0,0.5142302088392423,FD002,1.0,100,20
1.95,1069,2910,6293,23,0.021062271062271064,0.31620123872650224,5210.0,0.5060709082078679,FD002,1.0,100,20
2.0,1071,3035,6168,21,0.019230769230769232,0.32978376616320765,5135.0,0.49878581835842645,FD002,1.0,100,20
0.0,338,28,4260,82,0.19523809523809524,0.0065298507462686565,192.0,0.04078164825828377,FD003,1.0,2,20
0.05,343,32,4256,77,0.18333333333333332,0.007462686567164179,186.0,0.0395072217502124,FD003,1.0,2,20
0.1,344,36,4252,76,0.18095238095238095,0.008395522388059701,188.0,0.03993203058623619,FD003,1.0,2,20
0.15,347,38,4250,73,0.1738095238095238,0.008861940298507462,184.0,0.03908241291418862,FD003,1.0,2,20
0.2,352,42,4246,68,0.1619047619047619,0.009794776119402986,178.0,0.037807986406117246,FD003,1.0,2,20
0.25,357,44,4244,63,0.15,0.010261194029850746,170.0,0.03610875106202209,FD003,1.0,2,20
0.3,361,47,4241,59,0.14047619047619048,0.010960820895522388,165.0,0.035046728971962614,FD003,1.0,2,20
0.35,366,51,4237,54,0.12857142857142856,0.01189365671641791,159.0,0.03377230246389125,FD003,1.0,2,20
0.4,369,57,4231,51,0.12142857142857143,0.013292910447761194,159.0,0.03377230246389125,FD003,1.0,2,20
0.45,372,63,4225,48,0.11428571428571428,0.014692164179104478,159.0,0.03377230246389125,FD003,1.0,2,20
0.5,374,71,4217,46,0.10952380952380952,0.01655783582089552,163.0,0.03462192013593883,FD003,1.0,2,20
0.55,376,79,4209,44,0.10476190476190476,0.01842350746268657,167.0,0.035471537807986404,FD003,1.0,2,20
0.6,381,85,4203,39,0.09285714285714286,0.019822761194029852,163.0,0.03462192013593883,FD003,1.0,2,20
0.65,383,93,4195,37,0.0880952380952381,0.021688432835820896,167.0,0.035471537807986404,FD003,1.0,2,20
0.7,386,99,4189,34,0.08095238095238096,0.02308768656716418,167.0,0.035471537807986404,FD003,1.0,2,20
0.75,391,104,4184,29,0.06904761904761905,0.024253731343283583,162.0,0.034409515717926935,FD003,1.0,2,20
0.8,393,111,4177,27,0.06428571428571428,0.025886194029850745,165.0,0.035046728971962614,FD003,1.0,2,20
0.85,393,118,4170,27,0.06428571428571428,0.02751865671641791,172.0,0.03653355989804588,FD003,1.0,2,20
0.9,393,131,4157,27,0.06428571428571428,0.03055037313432836,185.0,0.03929481733220051,FD003,1.0,2,20
0.95,394,141,4147,26,0.06190476190476191,0.032882462686567165,193.0,0.04099405267629567,FD003,1.0,2,20
1.0,396,156,4132,24,0.05714285714285714,0.036380597014925374,204.0,0.04333050127442651,FD003,1.0,2,20
1.05,399,168,4120,21,0.05,0.03917910447761194,210.0,0.044604927782497875,FD003,1.0,2,20
1.1,401,182,4106,19,0.04523809523809524,0.042444029850746266,220.0,0.04672897196261682,FD003,1.0,2,20
1.15,403,194,4094,17,0.04047619047619048,0.045242537313432835,228.0,0.048428207306711976,FD003,1.0,2,20
1.2,404,209,4079,16,0.0380952380952381,0.04874067164179104,241.0,0.05118946474086661,FD003,1.0,2,20
1.25,404,226,4062,16,0.0380952380952381,0.052705223880597014,258.0,0.05480033984706882,FD003,1.0,2,20
1.3,406,251,4037,14,0.03333333333333333,0.05853544776119403,279.0,0.05926083262531861,FD003,1.0,2,20
1.35,406,274,4014,14,0.03333333333333333,0.06389925373134328,302.0,0.06414613423959219,FD003,1.0,2,20
1.4,407,295,3993,13,0.030952380952380953,0.06879664179104478,321.0,0.06818181818181818,FD003,1.0,2,20
1.45,409,321,3967,11,0.02619047619047619,0.07486007462686567,343.0,0.07285471537807986,FD003,1.0,2,20
1.5,412,338,3950,8,0.01904761904761905,0.07882462686567164,354.0,0.0751911639762107,FD003,1.0,2,20
1.55,415,359,3929,5,0.011904761904761904,0.08372201492537314,369.0,0.07837723024638912,FD003,1.0,2,20
1.6,416,376,3912,4,0.009523809523809525,0.08768656716417911,384.0,0.08156329651656755,FD003,1.0,2,20
1.65,417,402,3886,3,0.007142857142857143,0.09375,408.0,0.08666100254885302,FD003,1.0,2,20
1.7,417,428,3860,3,0.007142857142857143,0.09981343283582089,434.0,0.09218351741716228,FD003,1.0,2,20
1.75,417,468,3820,3,0.007142857142857143,0.10914179104477612,474.0,0.10067969413763807,FD003,1.0,2,20
1.8,417,511,3777,3,0.007142857142857143,0.11916977611940298,517.0,0.10981308411214953,FD003,1.0,2,20
1.85,417,550,3738,3,0.007142857142857143,0.12826492537313433,556.0,0.11809685641461343,FD003,1.0,2,20
1.9,418,581,3707,2,0.004761904761904762,0.13549440298507462,585.0,0.12425658453695837,FD003,1.0,2,20
1.95,418,637,3651,2,0.004761904761904762,0.14855410447761194,641.0,0.13615123194562448,FD003,1.0,2,20
2.0,418,675,3613,2,0.004761904761904762,0.1574160447761194,679.0,0.14422259983007646,FD003,1.0,2,20
0.0,338,28,4260,82,0.19523809523809524,0.0065298507462686565,438.0,0.09303313508920985,FD003,1.0,5,20
0.05,343,32,4256,77,0.18333333333333332,0.007462686567164179,417.0,0.08857264231096007,FD003,1.0,5,20
0.1,344,36,4252,76,0.18095238095238095,0.008395522388059701,416.0,0.08836023789294817,FD003,1.0,5,20
0.15,347,38,4250,73,0.1738095238095238,0.008861940298507462,403.0,0.08559898045879354,FD003,1.0,5,20
0.2,352,42,4246,68,0.1619047619047619,0.009794776119402986,382.0,0.08113848768054376,FD003,1.0,5,20
0.25,357,44,4244,63,0.15,0.010261194029850746,359.0,0.07625318606627018,FD003,1.0,5,20
0.3,361,47,4241,59,0.14047619047619048,0.010960820895522388,342.0,0.07264231096006797,FD003,1.0,5,20
0.35,366,51,4237,54,0.12857142857142856,0.01189365671641791,321.0,0.06818181818181818,FD003,1.0,5,20
0.4,369,57,4231,51,0.12142857142857143,0.013292910447761194,312.0,0.06627017841971113,FD003,1.0,5,20
0.45,372,63,4225,48,0.11428571428571428,0.014692164179104478,303.0,0.06435853865760408,FD003,1.0,5,20
0.5,374,71,4217,46,0.10952380952380952,0.01655783582089552,301.0,0.06393372982158028,FD003,1.0,5,20
0.55,376,79,4209,44,0.10476190476190476,0.01842350746268657,299.0,0.0635089209855565,FD003,1.0,5,20
0.6,381,85,4203,39,0.09285714285714286,0.019822761194029852,280.0,0.059473237043330504,FD003,1.0,5,20
0.65,383,93,4195,37,0.0880952380952381,0.021688432835820896,278.0,0.059048428207306713,FD003,1.0,5,20
0.7,386,99,4189,34,0.08095238095238096,0.02308768656716418,269.0,0.05713678844519966,FD003,1.0,5,20
0.75,391,104,4184,29,0.06904761904761905,0.024253731343283583,249.0,0.05288870008496177,FD003,1.0,5,20
0.8,393,111,4177,27,0.06428571428571428,0.025886194029850745,246.0,0.052251486830926085,FD003,1.0,5,20
0.85,393,118,4170,27,0.06428571428571428,0.02751865671641791,253.0,0.053738317757009345,FD003,1.0,5,20
0.9,393,131,4157,27,0.06428571428571428,0.03055037313432836,266.0,0.05649957519116398,FD003,1.0,5,20
0.95,394,141,4147,26,0.06190476190476191,0.032882462686567165,271.0,0.057561597281223446,FD003,1.0,5,20
1.0,396,156,4132,24,0.05714285714285714,0.036380597014925374,276.0,0.05862361937128292,FD003,1.0,5,20
1.05,399,168,4120,21,0.05,0.03917910447761194,273.0,0.05798640611724724,FD003,1.0,5,20
1.1,401,182,4106,19,0.04523809523809524,0.042444029850746266,277.0,0.05883602378929482,FD003,1.0,5,20
1.15,403,194,4094,17,0.04047619047619048,0.045242537313432835,279.0,0.05926083262531861,FD003,1.0,5,20
1.2,404,209,4079,16,0.0380952380952381,0.04874067164179104,289.0,0.061384876805437555,FD003,1.0,5,20
1.25,404,226,4062,16,0.0380952380952381,0.052705223880597014,306.0,0.06499575191163977,FD003,1.0,5,20
1.3,406,251,4037,14,0.03333333333333333,0.05853544776119403,321.0,0.06818181818181818,FD003,1.0,5,20
1.35,406,274,4014,14,0.03333333333333333,0.06389925373134328,344.0,0.07306711979609176,FD003,1.0,5,20
1.4,407,295,3993,13,0.030952380952380953,0.06879664179104478,360.0,0.07646559048428207,FD003,1.0,5,20
1.45,409,321,3967,11,0.02619047619047619,0.07486007462686567,376.0,0.07986406117247238,FD003,1.0,5,20
1.5,412,338,3950,8,0.01904761904761905,0.07882462686567164,378.0,0.08028887000849617,FD003,1.0,5,20
1.55,415,359,3929,5,0.011904761904761904,0.08372201492537314,384.0,0.08156329651656755,FD003,1.0,5,20
1.6,416,376,3912,4,0.009523809523809525,0.08768656716417911,396.0,0.08411214953271028,FD003,1.0,5,20
1.65,417,402,3886,3,0.007142857142857143,0.09375,417.0,0.08857264231096007,FD003,1.0,5,20
1.7,417,428,3860,3,0.007142857142857143,0.09981343283582089,443.0,0.09409515717926933,FD003,1.0,5,20
1.75,417,468,3820,3,0.007142857142857143,0.10914179104477612,483.0,0.10259133389974512,FD003,1.0,5,20
1.8,417,511,3777,3,0.007142857142857143,0.11916977611940298,526.0,0.11172472387425658,FD003,1.0,5,20
1.85,417,550,3738,3,0.007142857142857143,0.12826492537313433,565.0,0.12000849617672048,FD003,1.0,5,20
1.9,418,581,3707,2,0.004761904761904762,0.13549440298507462,591.0,0.12553101104502973,FD003,1.0,5,20
1.95,418,637,3651,2,0.004761904761904762,0.14855410447761194,647.0,0.13742565845369584,FD003,1.0,5,20
2.0,418,675,3613,2,0.004761904761904762,0.1574160447761194,685.0,0.14549702633814784,FD003,1.0,5,20
0.0,338,28,4260,82,0.19523809523809524,0.0065298507462686565,848.0,0.18011894647408666,FD003,1.0,10,20
0.05,343,32,4256,77,0.18333333333333332,0.007462686567164179,802.0,0.17034834324553952,FD003,1.0,10,20
0.1,344,36,4252,76,0.18095238095238095,0.008395522388059701,796.0,0.16907391673746813,FD003,1.0,10,20
0.15,347,38,4250,73,0.1738095238095238,0.008861940298507462,768.0,0.1631265930331351,FD003,1.0,10,20
0.2,352,42,4246,68,0.1619047619047619,0.009794776119402986,722.0,0.15335598980458792,FD003,1.0,10,20
0.25,357,44,4244,63,0.15,0.010261194029850746,674.0,0.143160577740017,FD003,1.0,10,20
0.3,361,47,4241,59,0.14047619047619048,0.010960820895522388,637.0,0.1353016142735769,FD003,1.0,10,20
0.35,366,51,4237,54,0.12857142857142856,0.01189365671641791,591.0,0.12553101104502973,FD003,1.0,10,20
0.4,369,57,4231,51,0.12142857142857143,0.013292910447761194,567.0,0.12043330501274427,FD003,1.0,10,20
0.45,372,63,4225,48,0.11428571428571428,0.014692164179104478,543.0,0.1153355989804588,FD003,1.0,10,20
0.5,374,71,4217,46,0.10952380952380952,0.01655783582089552,531.0,0.11278674596431605,FD003,1.0,10,20
0.55,376,79,4209,44,0.10476190476190476,0.01842350746268657,519.0,0.11023789294817332,FD003,1.0,10,20
0.6,381,85,4203,39,0.09285714285714286,0.019822761194029852,475.0,0.10089209855564996,FD003,1.0,10,20
0.65,383,93,4195,37,0.0880952380952381,0.021688432835820896,463.0,0.09834324553950723,FD003,1.0,10,20
0.7,386,99,4189,34,0.08095238095238096,0.02308768656716418,439.0,0.09324553950722175,FD003,1.0,10,20
0.75,391,104,4184,29,0.06904761904761905,0.024253731343283583,394.0,0.08368734069668649,FD003,1.0,10,20
0.8,393,111,4177,27,0.06428571428571428,0.025886194029850745,381.0,0.08092608326253187,FD003,1.0,10,20
0.85,393,118,4170,27,0.06428571428571428,0.02751865671641791,388.0,0.08241291418861513,FD003,1.0,10,20
0.9,393,131,4157,27,0.06428571428571428,0.03055037313432836,401.0,0.08517417162276976,FD003,1.0,10,20
0.95,394,141,4147,26,0.06190476190476191,0.032882462686567165,401.0,0.08517417162276976,FD003,1.0,10,20
1.0,396,156,4132,24,0.05714285714285714,0.036380597014925374,396.0,0.08411214953271028,FD003,1.0,10,20
1.05,399,168,4120,21,0.05,0.03917910447761194,378.0,0.08028887000849617,FD003,1.0,10,20
1.1,401,182,4106,19,0.04523809523809524,0.042444029850746266,372.0,0.0790144435004248,FD003,1.0,10,20
1.15,403,194,4094,17,0.04047619047619048,0.045242537313432835,364.0,0.07731520815632965,FD003,1.0,10,20
1.2,404,209,4079,16,0.0380952380952381,0.04874067164179104,369.0,0.07837723024638912,FD003,1.0,10,20
1.25,404,226,4062,16,0.0380952380952381,0.052705223880597014,386.0,0.08198810535259134,FD003,1.0,10,20
1.3,406,251,4037,14,0.03333333333333333,0.05853544776119403,391.0,0.0830501274426508,FD003,1.0,10,20
1.35,406,274,4014,14,0.03333333333333333,0.06389925373134328,414.0,0.08793542905692438,FD003,1.0,10,20
1.4,407,295,3993,13,0.030952380952380953,0.06879664179104478,425.0,0.09027187765505522,FD003,1.0,10,20
1.45,409,321,3967,11,0.02619047619047619,0.07486007462686567,431.0,0.09154630416312659,FD003,1.0,10,20
1.5,412,338,3950,8,0.01904761904761905,0.07882462686567164,418.0,0.08878504672897196,FD003,1.0,10,20
1.55,415,359,3929,5,0.011904761904761904,0.08372201492537314,409.0,0.08687340696686491,FD003,1.0,10,20
1.6,416,376,3912,4,0.009523809523809525,0.08768656716417911,416.0,0.08836023789294817,FD003,1.0,10,20
1.65,417,402,3886,3,0.007142857142857143,0.09375,432.0,0.09175870858113849,FD003,1.0,10,20
1.7,417,428,3860,3,0.007142857142857143,0.09981343283582089,458.0,0.09728122344944774,FD003,1.0,10,20
1.75,417,468,3820,3,0.007142857142857143,0.10914179104477612,498.0,0.10577740016992354,FD003,1.0,10,20
1.8,417,511,3777,3,0.007142857142857143,0.11916977611940298,541.0,0.114910790144435,FD003,1.0,10,20
1.85,417,550,3738,3,0.007142857142857143,0.12826492537313433,580.0,0.1231945624468989,FD003,1.0,10,20
1.9,418,581,3707,2,0.004761904761904762,0.13549440298507462,601.0,0.1276550552251487,FD003,1.0,10,20
1.95,418,637,3651,2,0.004761904761904762,0.14855410447761194,657.0,0.13954970263381478,FD003,1.0,10,20
2.0,418,675,3613,2,0.004761904761904762,0.1574160447761194,695.0,0.14762107051826678,FD003,1.0,10,20
0.0,338,28,4260,82,0.19523809523809524,0.0065298507462686565,1668.0,0.3542905692438403,FD003,1.0,20,20
0.05,343,32,4256,77,0.18333333333333332,0.007462686567164179,1572.0,0.3338997451146984,FD003,1.0,20,20
0.1,344,36,4252,76,0.18095238095238095,0.008395522388059701,1556.0,0.33050127442650806,FD003,1.0,20,20
0.15,347,38,4250,73,0.1738095238095238,0.008861940298507462,1498.0,0.3181818181818182,FD003,1.0,20,20
0.2,352,42,4246,68,0.1619047619047619,0.009794776119402986,1402.0,0.2977909940526763,FD003,1.0,20,20
0.25,357,44,4244,63,0.15,0.010261194029850746,1304.0,0.27697536108751064,FD003,1.0,20,20
0.3,361,47,4241,59,0.14047619047619048,0.010960820895522388,1227.0,0.2606202209005947,FD003,1.0,20,20
0.35,366,51,4237,54,0.12857142857142856,0.01189365671641791,1131.0,0.24022939677145286,FD003,1.0,20,20
0.4,369,57,4231,51,0.12142857142857143,0.013292910447761194,1077.0,0.22875955819881053,FD003,1.0,20,20
0.45,372,63,4225,48,0.11428571428571428,0.014692164179104478,1023.0,0.21728971962616822,FD003,1.0,20,20
0.5,374,71,4217,46,0.10952380952380952,0.01655783582089552,991.0,0.2104927782497876,FD003,1.0,20,20
0.55,376,79,4209,44,0.10476190476190476,0.01842350746268657,959.0,0.20369583687340698,FD003,1.0,20,20
0.6,381,85,4203,39,0.09285714285714286,0.019822761194029852,865.0,0.18372982158028886,FD003,1.0,20,20
0.65,383,93,4195,37,0.0880952380952381,0.021688432835820896,833.0,0.17693288020390824,FD003,1.0,20,20
0.7,386,99,4189,34,0.08095238095238096,0.02308768656716418,779.0,0.16546304163126593,FD003,1.0,20,20
0.75,391,104,4184,29,0.06904761904761905,0.024253731343283583,684.0,0.14528462192013594,FD003,1.0,20,20
0.8,393,111,4177,27,0.06428571428571428,0.025886194029850745,651.0,0.13827527612574342,FD003,1.0,20,20
0.85,393,118,4170,27,0.06428571428571428,0.02751865671641791,658.0,0.13976210705182668,FD003,1.0,20,20
0.9,393,131,4157,27,0.06428571428571428,0.03055037313432836,671.0,0.1425233644859813,FD003,1.0,20,20
0.95,394,141,4147,26,0.06190476190476191,0.032882462686567165,661.0,0.14039932030586236,FD003,1.0,20,20
1.0,396,156,4132,24,0.05714285714285714,0.036380597014925374,636.0,0.135089209855565,FD003,1.0,20,20
1.05,399,168,4120,21,0.05,0.03917910447761194,588.0,0.12489379779099405,FD003,1.0,20,20
1.1,401,182,4106,19,0.04523809523809524,0.042444029850746266,562.0,0.11937128292268478,FD003,1.0,20,20
1.15,403,194,4094,17,0.04047619047619048,0.045242537313432835,534.0,0.11342395921835174,FD003,1.0,20,20
1.2,404,209,4079,16,0.0380952380952381,0.04874067164179104,529.0,0.11236193712829227,FD003,1.0,20,20
1.25,404,226,4062,16,0.0380952380952381,0.052705223880597014,546.0,0.11597281223449447,FD003,1.0,20,20
1.3,406,251,4037,14,0.03333333333333333,0.05853544776119403,531.0,0.11278674596431605,FD003,1.0,20,20
1.35,406,274,4014,14,0.03333333333333333,0.06389925373134328,554.0,0.11767204757858964,FD003,1.0,20,20
1.4,407,295,3993,13,0.030952380952380953,0.06879664179104478,555.0,0.11788445199660152,FD003,1.0,20,20
1.45,409,321,3967,11,0.02619047619047619,0.07486007462686567,541.0,0.114910790144435,FD003,1.0,20,20
1.5,412,338,3950,8,0.01904761904761905,0.07882462686567164,498.0,0.10577740016992354,FD003,1.0,20,20
1.55,415,359,3929,5,0.011904761904761904,0.08372201492537314,459.0,0.09749362786745965,FD003,1.0,20,20
1.6,416,376,3912,4,0.009523809523809525,0.08768656716417911,456.0,0.09685641461342395,FD003,1.0,20,20
1.65,417,402,3886,3,0.007142857142857143,0.09375,462.0,0.09813084112149532,FD003,1.0,20,20
1.7,417,428,3860,3,0.007142857142857143,0.09981343283582089,488.0,0.10365335598980459,FD003,1.0,20,20
1.75,417,468,3820,3,0.007142857142857143,0.10914179104477612,528.0,0.11214953271028037,FD003,1.0,20,20
1.8,417,511,3777,3,0.007142857142857143,0.11916977611940298,571.0,0.12128292268479185,FD003,1.0,20,20
1.85,417,550,3738,3,0.007142857142857143,0.12826492537313433,610.0,0.12956669498725573,FD003,1.0,20,20
1.9,418,581,3707,2,0.004761904761904762,0.13549440298507462,621.0,0.13190314358538657,FD003,1.0,20,20
1.95,418,637,3651,2,0.004761904761904762,0.14855410447761194,677.0,0.14379779099405268,FD003,1.0,20,20
2.0,418,675,3613,2,0.004761904761904762,0.1574160447761194,715.0,0.15186915887850466,FD003,1.0,20,20
0.0,338,28,4260,82,0.19523809523809524,0.0065298507462686565,4128.0,0.8768054375531011,FD003,1.0,50,20
0.05,343,32,4256,77,0.18333333333333332,0.007462686567164179,3882.0,0.824553950722175,FD003,1.0,50,20
0.1,344,36,4252,76,0.18095238095238095,0.008395522388059701,3836.0,0.8147833474936279,FD003,1.0,50,20
0.15,347,38,4250,73,0.1738095238095238,0.008861940298507462,3688.0,0.7833474936278675,FD003,1.0,50,20
0.2,352,42,4246,68,0.1619047619047619,0.009794776119402986,3442.0,0.7310960067969414,FD003,1.0,50,20
0.25,357,44,4244,63,0.15,0.010261194029850746,3194.0,0.6784197111299916,FD003,1.0,50,20
0.3,361,47,4241,59,0.14047619047619048,0.010960820895522388,2997.0,0.6365760407816483,FD003,1.0,50,20
0.35,366,51,4237,54,0.12857142857142856,0.01189365671641791,2751.0,0.5843245539507221,FD003,1.0,50,20
0.4,369,57,4231,51,0.12142857142857143,0.013292910447761194,2607.0,0.5537383177570093,FD003,1.0,50,20
0.45,372,63,4225,48,0.11428571428571428,0.014692164179104478,2463.0,0.5231520815632965,FD003,1.0,50,20
0.5,374,71,4217,46,0.10952380952380952,0.01655783582089552,2371.0,0.5036108751062022,FD003,1.0,50,20
0.55,376,79,4209,44,0.10476190476190476,0.01842350746268657,2279.0,0.4840696686491079,FD003,1.0,50,20
0.6,381,85,4203,39,0.09285714285714286,0.019822761194029852,2035.0,0.4322429906542056,FD003,1.0,50,20
0.65,383,93,4195,37,0.0880952380952381,0.021688432835820896,1943.0,0.4127017841971113,FD003,1.0,50,20
0.7,386,99,4189,34,0.08095238095238096,0.02308768656716418,1799.0,0.3821155480033985,FD003,1.0,50,20
0.75,391,104,4184,29,0.06904761904761905,0.024253731343283583,1554.0,0.33007646559048426,FD003,1.0,50,20
0.8,393,111,4177,27,0.06428571428571428,0.025886194029850745,1461.0,0.31032285471537807,FD003,1.0,50,20
0.85,393,118,4170,27,0.06428571428571428,0.02751865671641791,1468.0,0.31180968564146133,FD003,1.0,50,20
0.9,393,131,4157,27,0.06428571428571428,0.03055037313432836,1481.0,0.31457094307561595,FD003,1.0,50,20
0.95,394,141,4147,26,0.06190476190476191,0.032882462686567165,1441.0,0.3060747663551402,FD003,1.0,50,20
1.0,396,156,4132,24,0.05714285714285714,0.036380597014925374,1356.0,0.28802039082412917,FD003,1.0,50,20
1.05,399,168,4120,21,0.05,0.03917910447761194,1218.0,0.25870858113848766,FD003,1.0,50,20
1.1,401,182,4106,19,0.04523809523809524,0.042444029850746266,1132.0,0.24044180118946473,FD003,1.0,50,20
1.15,403,194,4094,17,0.04047619047619048,0.045242537313432835,1044.0,0.221750212404418,FD003,1.0,50,20
1.2,404,209,4079,16,0.0380952380952381,0.04874067164179104,1009.0,0.2143160577740017,FD003,1.0,50,20
1.25,404,226,4062,16,0.0380952380952381,0.052705223880597014,1026.0,0.2179269328802039,FD003,1.0,50,20
1.3,406,251,4037,14,0.03333333333333333,0.05853544776119403,951.0,0.20199660152931181,FD003,1.0,50,20
1.35,406,274,4014,14,0.03333333333333333,0.06389925373134328,974.0,0.2068819031435854,FD003,1.0,50,20
1.4,407,295,3993,13,0.030952380952380953,0.06879664179104478,945.0,0.20072217502124043,FD003,1.0,50,20
1.45,409,321,3967,11,0.02619047619047619,0.07486007462686567,871.0,0.18500424808836025,FD003,1.0,50,20
1.5,412,338,3950,8,0.01904761904761905,0.07882462686567164,738.0,0.15675446049277825,FD003,1.0,50,20
1.55,415,359,3929,5,0.011904761904761904,0.08372201492537314,609.0,0.12935429056924383,FD003,1.0,50,20
1.6,416,376,3912,4,0.009523809523809525,0.08768656716417911,576.0,0.12234494477485132,FD003,1.0,50,20
1.65,417,402,3886,3,0.007142857142857143,0.09375,552.0,0.11724723874256585,FD003,1.0,50,20
1.7,417,428,3860,3,0.007142857142857143,0.09981343283582089,578.0,0.12276975361087511,FD003,1.0,50,20
1.75,417,468,3820,3,0.007142857142857143,0.10914179104477612,618.0,0.1312659303313509,FD003,1.0,50,20
1.8,417,511,3777,3,0.007142857142857143,0.11916977611940298,661.0,0.14039932030586236,FD003,1.0,50,20
1.85,417,550,3738,3,0.007142857142857143,0.12826492537313433,700.0,0.14868309260832624,FD003,1.0,50,20
1.9,418,581,3707,2,0.004761904761904762,0.13549440298507462,681.0,0.14464740866610026,FD003,1.0,50,20
1.95,418,637,3651,2,0.004761904761904762,0.14855410447761194,737.0,0.15654205607476634,FD003,1.0,50,20
2.0,418,675,3613,2,0.004761904761904762,0.1574160447761194,775.0,0.16461342395921835,FD003,1.0,50,20
0.0,338,28,4260,82,0.19523809523809524,0.0065298507462686565,8228.0,1.7476635514018692,FD003,1.0,100,20
0.05,343,32,4256,77,0.18333333333333332,0.007462686567164179,7732.0,1.6423109600679695,FD003,1.0,100,20
0.1,344,36,4252,76,0.18095238095238095,0.008395522388059701,7636.0,1.6219201359388276,FD003,1.0,100,20
0.15,347,38,4250,73,0.1738095238095238,0.008861940298507462,7338.0,1.558623619371283,FD003,1.0,100,20
0.2,352,42,4246,68,0.1619047619047619,0.009794776119402986,6842.0,1.4532710280373833,FD003,1.0,100,20
0.25,357,44,4244,63,0.15,0.010261194029850746,6344.0,1.3474936278674596,FD003,1.0,100,20
0.3,361,47,4241,59,0.14047619047619048,0.010960820895522388,5947.0,1.2631690739167374,FD003,1.0,100,20
0.35,366,51,4237,54,0.12857142857142856,0.01189365671641791,5451.0,1.1578164825828376,FD003,1.0,100,20
0.4,369,57,4231,51,0.12142857142857143,0.013292910447761194,5157.0,1.0953695836873407,FD003,1.0,100,20
0.45,372,63,4225,48,0.11428571428571428,0.014692164179104478,4863.0,1.0329226847918436,FD003,1.0,100,20
0.5,374,71,4217,46,0.10952380952380952,0.01655783582089552,4671.0,0.9921410365335599,FD003,1.0,100,20
0.55,376,79,4209,44,0.10476190476190476,0.01842350746268657,4479.0,0.9513593882752761,FD003,1.0,100,20
0.6,381,85,4203,39,0.09285714285714286,0.019822761194029852,3985.0,0.8464316057774002,FD003,1.0,100,20
0.65,383,93,4195,37,0.0880952380952381,0.021688432835820896,3793.0,0.8056499575191164,FD003,1.0,100,20
0.7,386,99,4189,34,0.08095238095238096,0.02308768656716418,3499.0,0.7432030586236194,FD003,1.0,100,20
0.75,391,104,4184,29,0.06904761904761905,0.024253731343283583,3004.0,0.6380628717077316,FD003,1.0,100,20
0.8,393,111,4177,27,0.06428571428571428,0.025886194029850745,2811.0,0.5970688190314358,FD003,1.0,100,20
0.85,393,118,4170,27,0.06428571428571428,0.02751865671641791,2818.0,0.5985556499575191,FD003,1.0,100,20
0.9,393,131,4157,27,0.06428571428571428,0.03055037313432836,2831.0,0.6013169073916738,FD003,1.0,100,20
0.95,394,141,4147,26,0.06190476190476191,0.032882462686567165,2741.0,0.5822005097706032,FD003,1.0,100,20
1.0,396,156,4132,24,0.05714285714285714,0.036380597014925374,2556.0,0.5429056924384027,FD003,1.0,100,20
1.05,399,168,4120,21,0.05,0.03917910447761194,2268.0,0.4817332200509771,FD003,1.0,100,20
1.1,401,182,4106,19,0.04523809523809524,0.042444029850746266,2082.0,0.44222599830076464,FD003,1.0,100,20
1.15,403,194,4094,17,0.04047619047619048,0.045242537313432835,1894.0,0.40229396771452847,FD003,1.0,100,20
1.2,404,209,4079,16,0.0380952380952381,0.04874067164179104,1809.0,0.38423959218351744,FD003,1.0,100,20
1.25,404,226,4062,16,0.0380952380952381,0.052705223880597014,1826.0,0.3878504672897196,FD003,1.0,100,20
1.3,406,251,4037,14,0.03333333333333333,0.05853544776119403,1651.0,0.35067969413763805,FD003,1.0,100,20
1.35,406,274,4014,14,0.03333333333333333,0.06389925373134328,1674.0,0.35556499575191164,FD003,1.0,100,20
1.4,407,295,3993,13,0.030952380952380953,0.06879664179104478,1595.0,0.338785046728972,FD003,1.0,100,20
1.45,409,321,3967,11,0.02619047619047619,0.07486007462686567,1421.0,0.3018266779949023,FD003,1.0,100,20
1.5,412,338,3950,8,0.01904761904761905,0.07882462686567164,1138.0,0.24171622769753612,FD003,1.0,100,20
1.55,415,359,3929,5,0.011904761904761904,0.08372201492537314,859.0,0.1824553950722175,FD003,1.0,100,20
1.6,416,376,3912,4,0.009523809523809525,0.08768656716417911,776.0,0.16482582837723025,FD003,1.0,100,20
1.65,417,402,3886,3,0.007142857142857143,0.09375,702.0,0.14910790144435004,FD003,1.0,100,20
1.7,417,428,3860,3,0.007142857142857143,0.09981343283582089,728.0,0.1546304163126593,FD003,1.0,100,20
1.75,417,468,3820,3,0.007142857142857143,0.10914179104477612,768.0,0.1631265930331351,FD003,1.0,100,20
1.8,417,511,3777,3,0.007142857142857143,0.11916977611940298,811.0,0.17225998300764656,FD003,1.0,100,20
1.85,417,550,3738,3,0.007142857142857143,0.12826492537313433,850.0,0.18054375531011044,FD003,1.0,100,20
1.9,418,581,3707,2,0.004761904761904762,0.13549440298507462,781.0,0.1658878504672897,FD003,1.0,100,20
1.95,418,637,3651,2,0.004761904761904762,0.14855410447761194,837.0,0.17778249787595582,FD003,1.0,100,20
2.0,418,675,3613,2,0.004761904761904762,0.1574160447761194,875.0,0.18585386576040783,FD003,1.0,100,20
0.0,459,100,10805,591,0.5628571428571428,0.009170105456212746,1282.0,0.10723546633207863,FD004,1.0,2,20
0.05,478,110,10795,572,0.5447619047619048,0.010087116001834021,1254.0,0.10489335006273526,FD004,1.0,2,20
0.1,502,121,10784,548,0.5219047619047619,0.011095827602017423,1217.0,0.10179841070681724,FD004,1.0,2,20
0.15,527,140,10765,523,0.4980952380952381,0.012838147638697846,1186.0,0.09920535340861564,FD004,1.0,2,20
0.2,542,154,10751,508,0.4838095238095238,0.01412196240256763,1170.0,0.09786700125470514,FD004,1.0,2,20
0.25,563,168,10737,487,0.4638095238095238,0.015405777166437413,1142.0,0.09552488498536177,FD004,1.0,2,20
0.3,581,185,10720,469,0.44666666666666666,0.016964695093993582,1123.0,0.09393559180259306,FD004,1.0,2,20
0.35,595,206,10699,455,0.43333333333333335,0.018890417239798257,1116.0,0.09335006273525721,FD004,1.0,2,20
0.4,615,232,10673,435,0.4142857142857143,0.021274644658413572,1102.0,0.09217900460058553,FD004,1.0,2,20
0.45,633,257,10648,417,0.39714285714285713,0.02356717102246676,1091.0,0.09125888749477207,FD004,1.0,2,20
0.5,656,287,10618,394,0.37523809523809526,0.026318202659330582,1075.0,0.08992053534086157,FD004,1.0,2,20
0.55,685,315,10590,365,0.3476190476190476,0.02888583218707015,1045.0,0.08741112505227938,FD004,1.0,2,20
0.6,706,347,10558,344,0.32761904761904764,0.03182026593305823,1035.0,0.08657465495608532,FD004,1.0,2,20
0.65,721,380,10525,329,0.31333333333333335,0.03484640073360844,1038.0,0.08682559598494353,FD004,1.0,2,20
0.7,740,431,10474,310,0.29523809523809524,0.039523154516276936,1051.0,0.08791300710999582,FD004,1.0,2,20
0.75,762,482,10423,288,0.2742857142857143,0.04419990829894544,1058.0,0.08849853617733167,FD004,1.0,2,20
0.8,788,545,10360,262,0.24952380952380954,0.04997707473635947,1069.0,0.08941865328314513,FD004,1.0,2,20
0.85,803,588,10317,247,0.23523809523809525,0.05392022008253095,1082.0,0.0905060644081974,FD004,1.0,2,20
0.9,816,641,10264,234,0.22285714285714286,0.05878037597432371,1109.0,0.09276453366792137,FD004,1.0,2,20
0.95,829,700,10205,221,0.21047619047619048,0.06419073819348922,1142.0,0.09552488498536177,FD004,1.0,2,20
1.0,837,774,10131,213,0.20285714285714285,0.07097661623108666,1200.0,0.10037641154328733,FD004,1.0,2,20
1.05,849,852,10053,201,0.19142857142857142,0.0781292984869326,1254.0,0.10489335006273526,FD004,1.0,2,20
1.1,864,915,9990,186,0.17714285714285713,0.08390646492434663,1287.0,0.10765370138017566,FD004,1.0,2,20
1.15,876,991,9914,174,0.1657142857142857,0.09087574507106831,1339.0,0.11200334588038478,FD004,1.0,2,20
1.2,888,1070,9835,162,0.15428571428571428,0.09812012838147639,1394.0,0.11660393140945212,FD004,1.0,2,20
1.25,898,1143,9762,152,0.14476190476190476,0.1048143053645117,1447.0,0.12103722291928064,FD004,1.0,2,20
1.3,905,1235,9670,145,0.1380952380952381,0.11325080238422743,1525.0,0.1275616896695943,FD004,1.0,2,20
1.35,919,1336,9569,131,0.12476190476190477,0.12251260889500229,1598.0,0.13366792137181097,FD004,1.0,2,20
1.4,932,1432,9473,118,0.11238095238095239,0.13131591013296653,1668.0,0.13952321204516938,FD004,1.0,2,20
1.45,942,1529,9376,108,0.10285714285714286,0.14021091242549288,1745.0,0.14596403178586365,FD004,1.0,2,20
1.5,952,1624,9281,98,0.09333333333333334,0.148922512608895,1820.0,0.15223755750731913,FD004,1.0,2,20
1.55,955,1742,9163,95,0.09047619047619047,0.15974323704722604,1932.0,0.1616060225846926,FD004,1.0,2,20
1.6,969,1858,9047,81,0.07714285714285714,0.17038055937643282,2020.0,0.16896695943120033,FD004,1.0,2,20
1.65,976,1978,8927,74,0.07047619047619047,0.18138468592388812,2126.0,0.1778335424508574,FD004,1.0,2,20
1.7,979,2106,8799,71,0.06761904761904762,0.19312242090784043,2248.0,0.18803847762442494,FD004,1.0,2,20
1.75,986,2240,8665,64,0.06095238095238095,0.20541036221916553,2368.0,0.19807611877875367,FD004,1.0,2,20
1.8,990,2369,8536,60,0.05714285714285714,0.21723979825767997,2489.0,0.2081974069427018,FD004,1.0,2,20
1.85,992,2505,8400,58,0.05523809523809524,0.2297111416781293,2621.0,0.2192388122124634,FD004,1.0,2,20
1.9,999,2622,8283,51,0.04857142857142857,0.24044016506189822,2724.0,0.22785445420326222,FD004,1.0,2,20
1.95,1005,2756,8149,45,0.04285714285714286,0.2527281063732233,2846.0,0.23805938937682977,FD004,1.0,2,20
2.0,1010,2890,8015,40,0.0380952380952381,0.2650160476845484,2970.0,0.24843161856963614,FD004,1.0,2,20
0.0,459,100,10805,591,0.5628571428571428,0.009170105456212746,3055.0,0.2555416143872857,FD004,1.0,5,20
0.05,478,110,10795,572,0.5447619047619048,0.010087116001834021,2970.0,0.24843161856963614,FD004,1.0,5,20
0.1,502,121,10784,548,0.5219047619047619,0.011095827602017423,2861.0,0.23931409452112087,FD004,1.0,5,20
0.15,527,140,10765,523,0.4980952380952381,0.012838147638697846,2755.0,0.23044751150146384,FD004,1.0,5,20
0.2,542,154,10751,508,0.4838095238095238,0.01412196240256763,2694.0,0.22534504391468005,FD004,1.0,5,20
0.25,563,168,10737,487,0.4638095238095238,0.015405777166437413,2603.0,0.21773316603931409,FD004,1.0,5,20
0.3,581,185,10720,469,0.44666666666666666,0.016964695093993582,2530.0,0.21162693433709745,FD004,1.0,5,20
0.35,595,206,10699,455,0.43333333333333335,0.018890417239798257,2481.0,0.20752823086574654,FD004,1.0,5,20
0.4,615,232,10673,435,0.4142857142857143,0.021274644658413572,2407.0,0.2013383521539105,FD004,1.0,5,20
0.45,633,257,10648,417,0.39714285714285713,0.02356717102246676,2342.0,0.1959012965286491,FD004,1.0,5,20
0.5,656,287,10618,394,0.37523809523809526,0.026318202659330582,2257.0,0.1887913007109996,FD004,1.0,5,20
0.55,685,315,10590,365,0.3476190476190476,0.02888583218707015,2140.0,0.17900460058552906,FD004,1.0,5,20
0.6,706,347,10558,344,0.32761904761904764,0.03182026593305823,2067.0,0.17289836888331242,FD004,1.0,5,20
0.65,721,380,10525,329,0.31333333333333335,0.03484640073360844,2025.0,0.16938519447929737,FD004,1.0,5,20
0.7,740,431,10474,310,0.29523809523809524,0.039523154516276936,1981.0,0.1657047260560435,FD004,1.0,5,20
0.75,762,482,10423,288,0.2742857142857143,0.04419990829894544,1922.0,0.16076955248849853,FD004,1.0,5,20
0.8,788,545,10360,262,0.24952380952380954,0.04997707473635947,1855.0,0.15516520284399832,FD004,1.0,5,20
0.85,803,588,10317,247,0.23523809523809525,0.05392022008253095,1823.0,0.15248849853617732,FD004,1.0,5,20
0.9,816,641,10264,234,0.22285714285714286,0.05878037597432371,1811.0,0.15148473442074445,FD004,1.0,5,20
0.95,829,700,10205,221,0.21047619047619048,0.06419073819348922,1805.0,0.15098285236302803,FD004,1.0,5,20
1.0,837,774,10131,213,0.20285714285714285,0.07097661623108666,1839.0,0.15382685069008784,FD004,1.0,5,20
1.05,849,852,10053,201,0.19142857142857142,0.0781292984869326,1857.0,0.15533249686323714,FD004,1.0,5,20
1.1,864,915,9990,186,0.17714285714285713,0.08390646492434663,1845.0,0.15432873274780426,FD004,1.0,5,20
1.15,876,991,9914,174,0.1657142857142857,0.09087574507106831,1861.0,0.15566708490171477,FD004,1.0,5,20
1.2,888,1070,9835,162,0.15428571428571428,0.09812012838147639,1880.0,0.15725637808448348,FD004,1.0,5,20
1.25,898,1143,9762,152,0.14476190476190476,0.1048143053645117,1903.0,0.15918025930572982,FD004,1.0,5,20
1.3,905,1235,9670,145,0.1380952380952381,0.11325080238422743,1960.0,0.16394813885403597,FD004,1.0,5,20
1.35,919,1336,9569,131,0.12476190476190477,0.12251260889500229,1991.0,0.16654119615223756,FD004,1.0,5,20
1.4,932,1432,9473,118,0.11238095238095239,0.13131591013296653,2022.0,0.16913425345043914,FD004,1.0,5,20
1.45,942,1529,9376,108,0.10285714285714286,0.14021091242549288,2069.0,0.17306566290255124,FD004,1.0,5,20
1.5,952,1624,9281,98,0.09333333333333334,0.148922512608895,2114.0,0.17682977833542451,FD004,1.0,5,20
1.55,955,1742,9163,95,0.09047619047619047,0.15974323704722604,2217.0,0.18544542032622333,FD004,1.0,5,20
1.6,969,1858,9047,81,0.07714285714285714,0.17038055937643282,2263.0,0.189293182768716,FD004,1.0,5,20
1.65,976,1978,8927,74,0.07047619047619047,0.18138468592388812,2348.0,0.19640317858636555,FD004,1.0,5,20
1.7,979,2106,8799,71,0.06761904761904762,0.19312242090784043,2461.0,0.20585529067335842,FD004,1.0,5,20
1.75,986,2240,8665,64,0.06095238095238095,0.20541036221916553,2560.0,0.21413634462567963,FD004,1.0,5,20
1.8,990,2369,8536,60,0.05714285714285714,0.21723979825767997,2669.0,0.2232538686741949,FD004,1.0,5,20
1.85,992,2505,8400,58,0.05523809523809524,0.2297111416781293,2795.0,0.23379339188624007,FD004,1.0,5,20
1.9,999,2622,8283,51,0.04857142857142857,0.24044016506189822,2877.0,0.24065244667503136,FD004,1.0,5,20
1.95,1005,2756,8149,45,0.04285714285714286,0.2527281063732233,2981.0,0.2493517356754496,FD004,1.0,5,20
2.0,1010,2890,8015,40,0.0380952380952381,0.2650160476845484,3090.0,0.2584692597239649,FD004,1.0,5,20
0.0,459,100,10805,591,0.5628571428571428,0.009170105456212746,6010.0,0.5027185278126307,FD004,1.0,10,20
0.05,478,110,10795,572,0.5447619047619048,0.010087116001834021,5830.0,0.4876620660811376,FD004,1.0,10,20
0.1,502,121,10784,548,0.5219047619047619,0.011095827602017423,5601.0,0.4685069008782936,FD004,1.0,10,20
0.15,527,140,10765,523,0.4980952380952381,0.012838147638697846,5370.0,0.4491844416562108,FD004,1.0,10,20
0.2,542,154,10751,508,0.4838095238095238,0.01412196240256763,5234.0,0.43780844834797156,FD004,1.0,10,20
0.25,563,168,10737,487,0.4638095238095238,0.015405777166437413,5038.0,0.42141363446256797,FD004,1.0,10,20
0.3,581,185,10720,469,0.44666666666666666,0.016964695093993582,4875.0,0.4077791718946048,FD004,1.0,10,20
0.35,595,206,10699,455,0.43333333333333335,0.018890417239798257,4756.0,0.39782517774989545,FD004,1.0,10,20
0.4,615,232,10673,435,0.4142857142857143,0.021274644658413572,4582.0,0.3832705980761188,FD004,1.0,10,20
0.45,633,257,10648,417,0.39714285714285713,0.02356717102246676,4427.0,0.3703053115851108,FD004,1.0,10,20
0.5,656,287,10618,394,0.37523809523809526,0.026318202659330582,4227.0,0.3535759096612296,FD004,1.0,10,20
0.55,685,315,10590,365,0.3476190476190476,0.02888583218707015,3965.0,0.3316603931409452,FD004,1.0,10,20
0.6,706,347,10558,344,0.32761904761904764,0.03182026593305823,3787.0,0.3167712254286909,FD004,1.0,10,20
0.65,721,380,10525,329,0.31333333333333335,0.03484640073360844,3670.0,0.3069845253032204,FD004,1.0,10,20
0.7,740,431,10474,310,0.29523809523809524,0.039523154516276936,3531.0,0.29535759096612296,FD004,1.0,10,20
0.75,762,482,10423,288,0.2742857142857143,0.04419990829894544,3362.0,0.2812212463404433,FD004,1.0,10,20
0.8,788,545,10360,262,0.24952380952380954,0.04997707473635947,3165.0,0.26474278544542035,FD004,1.0,10,20
0.85,803,588,10317,247,0.23523809523809525,0.05392022008253095,3058.0,0.2557925554161439,FD004,1.0,10,20
0.9,816,641,10264,234,0.22285714285714286,0.05878037597432371,2981.0,0.2493517356754496,FD004,1.0,10,20
0.95,829,700,10205,221,0.21047619047619048,0.06419073819348922,2910.0,0.24341279799247176,FD004,1.0,10,20
1.0,837,774,10131,213,0.20285714285714285,0.07097661623108666,2904.0,0.24291091593475533,FD004,1.0,10,20
1.05,849,852,10053,201,0.19142857142857142,0.0781292984869326,2862.0,0.23939774153074028,FD004,1.0,10,20
1.1,864,915,9990,186,0.17714285714285713,0.08390646492434663,2775.0,0.23212045169385195,FD004,1.0,10,20
1.15,876,991,9914,174,0.1657142857142857,0.09087574507106831,2731.0,0.22843998327059808,FD004,1.0,10,20
1.2,888,1070,9835,162,0.15428571428571428,0.09812012838147639,2690.0,0.22501045587620241,FD004,1.0,10,20
1.25,898,1143,9762,152,0.14476190476190476,0.1048143053645117,2663.0,0.22275198661647846,FD004,1.0,10,20
1.3,905,1235,9670,145,0.1380952380952381,0.11325080238422743,2685.0,0.2245922208281054,FD004,1.0,10,20
1.35,919,1336,9569,131,0.12476190476190477,0.12251260889500229,2646.0,0.22132998745294855,FD004,1.0,10,20
1.4,932,1432,9473,118,0.11238095238095239,0.13131591013296653,2612.0,0.21848598912588876,FD004,1.0,10,20
1.45,942,1529,9376,108,0.10285714285714286,0.14021091242549288,2609.0,0.21823504809703054,FD004,1.0,10,20
1.5,952,1624,9281,98,0.09333333333333334,0.148922512608895,2604.0,0.2178168130489335,FD004,1.0,10,20
1.55,955,1742,9163,95,0.09047619047619047,0.15974323704722604,2692.0,0.22517774989544123,FD004,1.0,10,20
1.6,969,1858,9047,81,0.07714285714285714,0.17038055937643282,2668.0,0.22317022166457548,FD004,1.0,10,20
1.65,976,1978,8927,74,0.07047619047619047,0.18138468592388812,2718.0,0.2273525721455458,FD004,1.0,10,20
1.7,979,2106,8799,71,0.06761904761904762,0.19312242090784043,2816.0,0.2355499790882476,FD004,1.0,10,20
1.75,986,2240,8665,64,0.06095238095238095,0.20541036221916553,2880.0,0.24090338770388958,FD004,1.0,10,20
1.8,990,2369,8536,60,0.05714285714285714,0.21723979825767997,2969.0,0.24834797156001673,FD004,1.0,10,20
1.85,992,2505,8400,58,0.05523809523809524,0.2297111416781293,3085.0,0.2580510246758678,FD004,1.0,10,20
1.9,999,2622,8283,51,0.04857142857142857,0.24044016506189822,3132.0,0.26198243412797995,FD004,1.0,10,20
1.95,1005,2756,8149,45,0.04285714285714286,0.2527281063732233,3206.0,0.26817231283981596,FD004,1.0,10,20
2.0,1010,2890,8015,40,0.0380952380952381,0.2650160476845484,3290.0,0.27519866164784607,FD004,1.0,10,20
0.0,459,100,10805,591,0.5628571428571428,0.009170105456212746,11920.0,0.9970723546633208,FD004,1.0,20,20
0.05,478,110,10795,572,0.5447619047619048,0.010087116001834021,11550.0,0.9661229611041405,FD004,1.0,20,20
0.1,502,121,10784,548,0.5219047619047619,0.011095827602017423,11081.0,0.926892513592639,FD004,1.0,20,20
0.15,527,140,10765,523,0.4980952380952381,0.012838147638697846,10600.0,0.8866583019657047,FD004,1.0,20,20
0.2,542,154,10751,508,0.4838095238095238,0.01412196240256763,10314.0,0.8627352572145546,FD004,1.0,20,20
0.25,563,168,10737,487,0.4638095238095238,0.015405777166437413,9908.0,0.8287745713090757,FD004,1.0,20,20
0.3,581,185,10720,469,0.44666666666666666,0.016964695093993582,9565.0,0.8000836470096194,FD004,1.0,20,20
0.35,595,206,10699,455,0.43333333333333335,0.018890417239798257,9306.0,0.7784190715181932,FD004,1.0,20,20
0.4,615,232,10673,435,0.4142857142857143,0.021274644658413572,8932.0,0.7471350899205353,FD004,1.0,20,20
0.45,633,257,10648,417,0.39714285714285713,0.02356717102246676,8597.0,0.7191133416980343,FD004,1.0,20,20
0.5,656,287,10618,394,0.37523809523809526,0.026318202659330582,8167.0,0.6831451275616897,FD004,1.0,20,20
0.55,685,315,10590,365,0.3476190476190476,0.02888583218707015,7615.0,0.6369719782517775,FD004,1.0,20,20
0.6,706,347,10558,344,0.32761904761904764,0.03182026593305823,7227.0,0.6045169385194479,FD004,1.0,20,20
0.65,721,380,10525,329,0.31333333333333335,0.03484640073360844,6960.0,0.5821831869510665,FD004,1.0,20,20
0.7,740,431,10474,310,0.29523809523809524,0.039523154516276936,6631.0,0.5546633207862819,FD004,1.0,20,20
0.75,762,482,10423,288,0.2742857142857143,0.04419990829894544,6242.0,0.522124634044333,FD004,1.0,20,20
0.8,788,545,10360,262,0.24952380952380954,0.04997707473635947,5785.0,0.48389795064826435,FD004,1.0,20,20
0.85,803,588,10317,247,0.23523809523809525,0.05392022008253095,5528.0,0.462400669176077,FD004,1.0,20,20
0.9,816,641,10264,234,0.22285714285714286,0.05878037597432371,5321.0,0.4450857381848599,FD004,1.0,20,20
0.95,829,700,10205,221,0.21047619047619048,0.06419073819348922,5120.0,0.42827268925135925,FD004,1.0,20,20
1.0,837,774,10131,213,0.20285714285714285,0.07097661623108666,5034.0,0.42107904642409033,FD004,1.0,20,20
1.05,849,852,10053,201,0.19142857142857142,0.0781292984869326,4872.0,0.4075282308657466,FD004,1.0,20,20
1.1,864,915,9990,186,0.17714285714285713,0.08390646492434663,4635.0,0.3877038895859473,FD004,1.0,20,20
1.15,876,991,9914,174,0.1657142857142857,0.09087574507106831,4471.0,0.3739857800083647,FD004,1.0,20,20
1.2,888,1070,9835,162,0.15428571428571428,0.09812012838147639,4310.0,0.3605186114596403,FD004,1.0,20,20
1.25,898,1143,9762,152,0.14476190476190476,0.1048143053645117,4183.0,0.3498954412379757,FD004,1.0,20,20
1.3,905,1235,9670,145,0.1380952380952381,0.11325080238422743,4135.0,0.3458803847762443,FD004,1.0,20,20
1.35,919,1336,9569,131,0.12476190476190477,0.12251260889500229,3956.0,0.33090757005437055,FD004,1.0,20,20
1.4,932,1432,9473,118,0.11238095238095239,0.13131591013296653,3792.0,0.317189460476788,FD004,1.0,20,20
1.45,942,1529,9376,108,0.10285714285714286,0.14021091242549288,3689.0,0.30857381848598914,FD004,1.0,20,20
1.5,952,1624,9281,98,0.09333333333333334,0.148922512608895,3584.0,0.2997908824759515,FD004,1.0,20,20
1.55,955,1742,9163,95,0.09047619047619047,0.15974323704722604,3642.0,0.304642409033877,FD004,1.0,20,20
1.6,969,1858,9047,81,0.07714285714285714,0.17038055937643282,3478.0,0.29092429945629444,FD004,1.0,20,20
1.65,976,1978,8927,74,0.07047619047619047,0.18138468592388812,3458.0,0.2892513592639063,FD004,1.0,20,20
1.7,979,2106,8799,71,0.06761904761904762,0.19312242090784043,3526.0,0.29493935591802595,FD004,1.0,20,20
1.75,986,2240,8665,64,0.06095238095238095,0.20541036221916553,3520.0,0.2944374738603095,FD004,1.0,20,20
1.8,990,2369,8536,60,0.05714285714285714,0.21723979825767997,3569.0,0.2985361773316604,FD004,1.0,20,20
1.85,992,2505,8400,58,0.05523809523809524,0.2297111416781293,3665.0,0.3065662902551234,FD004,1.0,20,20
1.9,999,2622,8283,51,0.04857142857142857,0.24044016506189822,3642.0,0.304642409033877,FD004,1.0,20,20
1.95,1005,2756,8149,45,0.04285714285714286,0.2527281063732233,3656.0,0.30581346716854874,FD004,1.0,20,20
2.0,1010,2890,8015,40,0.0380952380952381,0.2650160476845484,3690.0,0.3086574654956085,FD004,1.0,20,20
0.0,459,100,10805,591,0.5628571428571428,0.009170105456212746,29650.0,2.480133835215391,FD004,1.0,50,20
0.05,478,110,10795,572,0.5447619047619048,0.010087116001834021,28710.0,2.4015056461731494,FD004,1.0,50,20
0.1,502,121,10784,548,0.5219047619047619,0.011095827602017423,27521.0,2.3020493517356755,FD004,1.0,50,20
0.15,527,140,10765,523,0.4980952380952381,0.012838147638697846,26290.0,2.1990798828941864,FD004,1.0,50,20
0.2,542,154,10751,508,0.4838095238095238,0.01412196240256763,25554.0,2.1375156838143035,FD004,1.0,50,20
0.25,563,168,10737,487,0.4638095238095238,0.015405777166437413,24518.0,2.050857381848599,FD004,1.0,50,20
0.3,581,185,10720,469,0.44666666666666666,0.016964695093993582,23635.0,1.9769970723546633,FD004,1.0,50,20
0.35,595,206,10699,455,0.43333333333333335,0.018890417239798257,22956.0,1.9202007528230867,FD004,1.0,50,20
0.4,615,232,10673,435,0.4142857142857143,0.021274644658413572,21982.0,1.838728565453785,FD004,1.0,50,20
0.45,633,257,10648,417,0.39714285714285713,0.02356717102246676,21107.0,1.7655374320368047,FD004,1.0,50,20
0.5,656,287,10618,394,0.37523809523809526,0.026318202659330582,19987.0,1.67185278126307,FD004,1.0,50,20
0.55,685,315,10590,365,0.3476190476190476,0.02888583218707015,18565.0,1.5529067335842743,FD004,1.0,50,20
0.6,706,347,10558,344,0.32761904761904764,0.03182026593305823,17547.0,1.4677540777917188,FD004,1.0,50,20
0.65,721,380,10525,329,0.31333333333333335,0.03484640073360844,16830.0,1.4077791718946047,FD004,1.0,50,20
0.7,740,431,10474,310,0.29523809523809524,0.039523154516276936,15931.0,1.3325805102467587,FD004,1.0,50,20
0.75,762,482,10423,288,0.2742857142857143,0.04419990829894544,14882.0,1.2448347971560016,FD004,1.0,50,20
0.8,788,545,10360,262,0.24952380952380954,0.04997707473635947,13645.0,1.1413634462567963,FD004,1.0,50,20
0.85,803,588,10317,247,0.23523809523809525,0.05392022008253095,12938.0,1.0822250104558762,FD004,1.0,50,20
0.9,816,641,10264,234,0.22285714285714286,0.05878037597432371,12341.0,1.0322877457130908,FD004,1.0,50,20
0.95,829,700,10205,221,0.21047619047619048,0.06419073819348922,11750.0,0.9828523630280217,FD004,1.0,50,20
1.0,837,774,10131,213,0.20285714285714285,0.07097661623108666,11424.0,0.9555834378920953,FD004,1.0,50,20
1.05,849,852,10053,201,0.19142857142857142,0.0781292984869326,10902.0,0.9119196988707654,FD004,1.0,50,20
1.1,864,915,9990,186,0.17714285714285713,0.08390646492434663,10215.0,0.8544542032622334,FD004,1.0,50,20
1.15,876,991,9914,174,0.1657142857142857,0.09087574507106831,9691.0,0.8106231702216645,FD004,1.0,50,20
1.2,888,1070,9835,162,0.15428571428571428,0.09812012838147639,9170.0,0.767043078209954,FD004,1.0,50,20
1.25,898,1143,9762,152,0.14476190476190476,0.1048143053645117,8743.0,0.7313258051024676,FD004,1.0,50,20
1.3,905,1235,9670,145,0.1380952380952381,0.11325080238422743,8485.0,0.7097448766206608,FD004,1.0,50,20
1.35,919,1336,9569,131,0.12476190476190477,0.12251260889500229,7886.0,0.6596403178586365,FD004,1.0,50,20
1.4,932,1432,9473,118,0.11238095238095239,0.13131591013296653,7332.0,0.6132998745294855,FD004,1.0,50,20
1.45,942,1529,9376,108,0.10285714285714286,0.14021091242549288,6929.0,0.5795901296528649,FD004,1.0,50,20
1.5,952,1624,9281,98,0.09333333333333334,0.148922512608895,6524.0,0.5457130907570055,FD004,1.0,50,20
1.55,955,1742,9163,95,0.09047619047619047,0.15974323704722604,6492.0,0.5430363864491844,FD004,1.0,50,20
1.6,969,1858,9047,81,0.07714285714285714,0.17038055937643282,5908.0,0.49418653283145125,FD004,1.0,50,20
1.65,976,1978,8927,74,0.07047619047619047,0.18138468592388812,5678.0,0.4749477206189879,FD004,1.0,50,20
1.7,979,2106,8799,71,0.06761904761904762,0.19312242090784043,5656.0,0.47310748640736094,FD004,1.0,50,20
1.75,986,2240,8665,64,0.06095238095238095,0.20541036221916553,5440.0,0.45503973232956924,FD004,1.0,50,20
1.8,990,2369,8536,60,0.05714285714285714,0.21723979825767997,5369.0,0.44910079464659136,FD004,1.0,50,20
1.85,992,2505,8400,58,0.05523809523809524,0.2297111416781293,5405.0,0.45211208699289,FD004,1.0,50,20
1.9,999,2622,8283,51,0.04857142857142857,0.24044016506189822,5172.0,0.4326223337515684,FD004,1.0,50,20
1.95,1005,2756,8149,45,0.04285714285714286,0.2527281063732233,5006.0,0.41873693015474694,FD004,1.0,50,20
2.0,1010,2890,8015,40,0.0380952380952381,0.2650160476845484,4890.0,0.4090338770388959,FD004,1.0,50,20
0.0,459,100,10805,591,0.5628571428571428,0.009170105456212746,59200.0,4.951902969468842,FD004,1.0,100,20
0.05,478,110,10795,572,0.5447619047619048,0.010087116001834021,57310.0,4.793810121288164,FD004,1.0,100,20
0.1,502,121,10784,548,0.5219047619047619,0.011095827602017423,54921.0,4.5939774153074024,FD004,1.0,100,20
0.15,527,140,10765,523,0.4980952380952381,0.012838147638697846,52440.0,4.386449184441656,FD004,1.0,100,20
0.2,542,154,10751,508,0.4838095238095238,0.01412196240256763,50954.0,4.262149728147219,FD004,1.0,100,20
0.25,563,168,10737,487,0.4638095238095238,0.015405777166437413,48868.0,4.087662066081138,FD004,1.0,100,20
0.3,581,185,10720,469,0.44666666666666666,0.016964695093993582,47085.0,3.9385194479297363,FD004,1.0,100,20
0.35,595,206,10699,455,0.43333333333333335,0.018890417239798257,45706.0,3.8231702216645753,FD004,1.0,100,20
0.4,615,232,10673,435,0.4142857142857143,0.021274644658413572,43732.0,3.658051024675868,FD004,1.0,100,20
0.45,633,257,10648,417,0.39714285714285713,0.02356717102246676,41957.0,3.509577582601422,FD004,1.0,100,20
0.5,656,287,10618,394,0.37523809523809526,0.026318202659330582,39687.0,3.3196988707653703,FD004,1.0,100,20
0.55,685,315,10590,365,0.3476190476190476,0.02888583218707015,36815.0,3.0794646591384356,FD004,1.0,100,20
0.6,706,347,10558,344,0.32761904761904764,0.03182026593305823,34747.0,2.906482643245504,FD004,1.0,100,20
0.65,721,380,10525,329,0.31333333333333335,0.03484640073360844,33280.0,2.7837724801338353,FD004,1.0,100,20
0.7,740,431,10474,310,0.29523809523809524,0.039523154516276936,31431.0,2.6291091593475535,FD004,1.0,100,20
0.75,762,482,10423,288,0.2742857142857143,0.04419990829894544,29282.0,2.4493517356754495,FD004,1.0,100,20
0.8,788,545,10360,262,0.24952380952380954,0.04997707473635947,26745.0,2.2371392722710164,FD004,1.0,100,20
0.85,803,588,10317,247,0.23523809523809525,0.05392022008253095,25288.0,2.1152655792555417,FD004,1.0,100,20
0.9,816,641,10264,234,0.22285714285714286,0.05878037597432371,24041.0,2.010957758260142,FD004,1.0,100,20
0.95,829,700,10205,221,0.21047619047619048,0.06419073819348922,22800.0,1.9071518193224593,FD004,1.0,100,20
1.0,837,774,10131,213,0.20285714285714285,0.07097661623108666,22074.0,1.8464240903387703,FD004,1.0,100,20
1.05,849,852,10053,201,0.19142857142857142,0.0781292984869326,20952.0,1.7525721455457968,FD004,1.0,100,20
1.1,864,915,9990,186,0.17714285714285713,0.08390646492434663,19515.0,1.6323713927227101,FD004,1.0,100,20
1.15,876,991,9914,174,0.1657142857142857,0.09087574507106831,18391.0,1.5383521539104976,FD004,1.0,100,20
1.2,888,1070,9835,162,0.15428571428571428,0.09812012838147639,17270.0,1.4445838561271434,FD004,1.0,100,20
1.25,898,1143,9762,152,0.14476190476190476,0.1048143053645117,16343.0,1.367043078209954,FD004,1.0,100,20
1.3,905,1235,9670,145,0.1380952380952381,0.11325080238422743,15735.0,1.3161856963613552,FD004,1.0,100,20
1.35,919,1336,9569,131,0.12476190476190477,0.12251260889500229,14436.0,1.2075282308657465,FD004,1.0,100,20
1.4,932,1432,9473,118,0.11238095238095239,0.13131591013296653,13232.0,1.1068172312839817,FD004,1.0,100,20
1.45,942,1529,9376,108,0.10285714285714286,0.14021091242549288,12329.0,1.0312839815976578,FD004,1.0,100,20
1.5,952,1624,9281,98,0.09333333333333334,0.148922512608895,11424.0,0.9555834378920953,FD004,1.0,100,20
1.55,955,1742,9163,95,0.09047619047619047,0.15974323704722604,11242.0,0.9403596821413635,FD004,1.0,100,20
1.6,969,1858,9047,81,0.07714285714285714,0.17038055937643282,9958.0,0.832956921790046,FD004,1.0,100,20
1.65,976,1978,8927,74,0.07047619047619047,0.18138468592388812,9378.0,0.7844416562107904,FD004,1.0,100,20
1.7,979,2106,8799,71,0.06761904761904762,0.19312242090784043,9206.0,0.7700543705562526,FD004,1.0,100,20
1.75,986,2240,8665,64,0.06095238095238095,0.20541036221916553,8640.0,0.7227101631116688,FD004,1.0,100,20
1.8,990,2369,8536,60,0.05714285714285714,0.21723979825767997,8369.0,0.7000418235048097,FD004,1.0,100,20
1.85,992,2505,8400,58,0.05523809523809524,0.2297111416781293,8305.0,0.6946884148891677,FD004,1.0,100,20
1.9,999,2622,8283,51,0.04857142857142857,0.24044016506189822,7722.0,0.645922208281054,FD004,1.0,100,20
1.95,1005,2756,8149,45,0.04285714285714286,0.2527281063732233,7256.0,0.6069427017984107,FD004,1.0,100,20
2.0,1010,2890,8015,40,0.0380952380952381,0.2650160476845484,6890.0,0.5763278962777081,FD004,1.0,100,20
