unit,cycle,RUL,pred_mean,pred_std,error,abs_error,dangerous_overestimate,failure_prob_h10,maintain_now
1,1,140,138.90497,18.652,1.09503173828125,1.09503173828125,False,0.0,False
1,2,140,135.75865,17.790487,4.2413482666015625,4.2413482666015625,False,0.0,False
1,3,140,133.07211,18.163536,6.927886962890625,6.927886962890625,False,0.0,False
1,4,140,140.5487,18.218985,-0.5487060546875,0.5487060546875,False,0.0,False
1,5,140,133.80164,17.923195,6.1983642578125,6.1983642578125,False,0.0,False
1,6,140,136.77422,17.592112,3.2257843017578125,3.2257843017578125,False,0.0,False
1,7,140,143.38663,20.992369,-3.386627197265625,3.386627197265625,False,0.0,False
1,8,140,139.00894,16.039421,0.991058349609375,0.991058349609375,False,0.0,False
1,9,140,133.99483,18.647522,6.0051727294921875,6.0051727294921875,False,0.0,False
1,10,140,139.84726,15.64451,0.152740478515625,0.152740478515625,False,0.0,False
1,11,140,137.24939,14.927445,2.7506103515625,2.7506103515625,False,0.0,False
1,12,140,132.49487,19.637115,7.505126953125,7.505126953125,False,0.0,False
1,13,140,128.30513,19.159203,11.694869995117188,11.694869995117188,False,0.0,False
1,14,140,129.88371,17.521467,10.116287231445312,10.116287231445312,False,0.0,False
1,15,140,137.5957,16.242058,2.404296875,2.404296875,False,0.0,False
1,16,140,131.2753,14.713243,8.724700927734375,8.724700927734375,False,0.0,False
1,17,140,125.06907,18.58549,14.930931091308594,14.930931091308594,False,0.0,False
1,18,140,124.93234,15.195025,15.067657470703125,15.067657470703125,False,0.0,False
1,19,140,126.297966,16.759134,13.702033996582031,13.702033996582031,False,0.0,False
1,20,140,130.57738,17.199856,9.422622680664062,9.422622680664062,False,0.0,False
1,21,140,133.66237,16.236475,6.3376312255859375,6.3376312255859375,False,0.0,False
1,22,140,135.17023,16.65607,4.82977294921875,4.82977294921875,False,0.0,False
1,23,140,137.23921,15.403327,2.7607879638671875,2.7607879638671875,False,0.0,False
1,24,140,128.66843,17.578226,11.331573486328125,11.331573486328125,False,0.0,False
1,25,140,136.00291,16.82934,3.9970855712890625,3.9970855712890625,False,0.0,False
1,26,140,131.85707,14.507084,8.142929077148438,8.142929077148438,False,0.0,False
1,27,140,132.73717,20.880447,7.2628326416015625,7.2628326416015625,False,0.0,False
1,28,140,140.32993,18.93128,-0.329925537109375,0.329925537109375,False,0.0,False
1,29,140,140.19481,19.235659,-0.1948089599609375,0.1948089599609375,False,0.0,False
1,30,140,135.97705,20.673546,4.02294921875,4.02294921875,False,0.0,False
1,31,140,136.78642,16.839533,3.2135772705078125,3.2135772705078125,False,0.0,False
1,32,140,145.34804,19.815784,-5.3480377197265625,5.3480377197265625,False,0.0,False
1,33,140,137.31625,18.45671,2.683746337890625,2.683746337890625,False,0.0,False
1,34,140,134.31834,16.976088,5.6816558837890625,5.6816558837890625,False,0.0,False
1,35,140,140.34988,18.389324,-0.349884033203125,0.349884033203125,False,0.0,False
1,36,140,135.15302,18.793602,4.84698486328125,4.84698486328125,False,0.0,False
1,37,140,132.88567,17.453217,7.1143341064453125,7.1143341064453125,False,0.0,False
1,38,140,138.83437,20.044336,1.1656341552734375,1.1656341552734375,False,0.0,False
1,39,140,133.83232,16.788862,6.1676788330078125,6.1676788330078125,False,0.0,False
1,40,140,138.38684,17.920258,1.6131591796875,1.6131591796875,False,0.0,False
1,41,140,135.93799,16.497404,4.06201171875,4.06201171875,False,0.0,False
1,42,140,136.55728,17.93643,3.442718505859375,3.442718505859375,False,0.0,False
1,43,140,134.8172,19.30077,5.18280029296875,5.18280029296875,False,0.0,False
1,44,140,140.20207,19.502728,-0.2020721435546875,0.2020721435546875,False,0.0,False
1,45,140,133.92795,19.09065,6.072052001953125,6.072052001953125,False,0.0,False
1,46,140,137.47002,18.22535,2.5299835205078125,2.5299835205078125,False,0.0,False
1,47,140,141.61165,19.399761,-1.6116485595703125,1.6116485595703125,False,0.0,False
1,48,140,139.27959,18.962086,0.7204132080078125,0.7204132080078125,False,0.0,False
1,49,140,130.44804,17.881361,9.551956176757812,9.551956176757812,False,0.0,False
1,50,140,137.76013,20.46808,2.2398681640625,2.2398681640625,False,0.0,False
1,51,140,135.79005,16.122156,4.2099456787109375,4.2099456787109375,False,0.0,False
1,52,140,128.7791,18.822763,11.220901489257812,11.220901489257812,False,0.0,False
1,53,139,132.11435,16.248882,6.885650634765625,6.885650634765625,False,0.0,False
1,54,138,131.14206,15.4013195,6.857940673828125,6.857940673828125,False,0.0,False
1,55,137,135.33649,14.723494,1.66351318359375,1.66351318359375,False,0.0,False
1,56,136,127.75941,14.9806795,8.240592956542969,8.240592956542969,False,0.0,False
1,57,135,129.84686,16.896692,5.15313720703125,5.15313720703125,False,0.0,False
1,58,134,124.37148,16.5526,9.628517150878906,9.628517150878906,False,0.0,False
1,59,133,133.0053,16.343786,-0.0052947998046875,0.0052947998046875,False,0.0,False
1,60,132,134.05858,19.306013,-2.0585784912109375,2.0585784912109375,False,0.0,False
1,61,131,138.15977,16.349045,-7.1597747802734375,7.1597747802734375,False,0.0,False
1,62,130,142.1351,17.65331,-12.135101318359375,12.135101318359375,False,0.0,False
1,63,129,139.36577,17.187801,-10.365768432617188,10.365768432617188,False,0.0,False
1,64,128,130.79292,18.64838,-2.7929229736328125,2.7929229736328125,False,0.0,False
1,65,127,123.99994,17.536299,3.00006103515625,3.00006103515625,False,0.0,False
1,66,126,125.079865,17.860039,0.920135498046875,0.920135498046875,False,0.0,False
1,67,125,131.92946,15.576071,-6.9294586181640625,6.9294586181640625,False,0.0,False
1,68,124,128.9958,17.373337,-4.9958038330078125,4.9958038330078125,False,0.0,False
1,69,123,136.74861,18.170021,-13.748611450195312,13.748611450195312,False,0.0,False
1,70,122,135.45105,18.538973,-13.4510498046875,13.4510498046875,False,0.0,False
1,71,121,136.4086,19.594927,-15.408599853515625,15.408599853515625,False,0.0,False
1,72,120,130.43582,17.693495,-10.435821533203125,10.435821533203125,False,0.0,False
1,73,119,131.25624,16.549139,-12.256240844726562,12.256240844726562,False,0.0,False
1,74,118,125.54665,19.166285,-7.546653747558594,7.546653747558594,False,0.0,False
1,75,117,130.2549,15.36313,-13.254898071289062,13.254898071289062,False,0.0,False
1,76,116,129.38326,17.644579,-13.383255004882812,13.383255004882812,False,0.0,False
1,77,115,128.12227,16.380299,-13.122268676757812,13.122268676757812,False,0.0,False
1,78,114,127.343994,14.577017,-13.343994140625,13.343994140625,False,0.0,False
1,79,113,125.552826,14.658302,-12.552825927734375,12.552825927734375,False,0.0,False
1,80,112,124.53127,18.384453,-12.531272888183594,12.531272888183594,False,0.0,False
1,81,111,114.896706,15.393083,-3.8967056274414062,3.8967056274414062,False,0.0,False
1,82,110,119.96923,14.087734,-9.969230651855469,9.969230651855469,False,0.0,False
1,83,109,120.04043,17.54993,-11.040428161621094,11.040428161621094,False,0.0,False
1,84,108,115.8432,14.594778,-7.84320068359375,7.84320068359375,False,0.0,False
1,85,107,122.057236,15.694926,-15.057235717773438,15.057235717773438,False,0.0,False
1,86,106,124.94381,14.855021,-18.943809509277344,18.943809509277344,False,0.0,False
1,87,105,120.71243,16.105627,-15.712432861328125,15.712432861328125,False,0.0,False
1,88,104,124.56588,13.663261,-20.565879821777344,20.565879821777344,False,0.0,False
1,89,103,130.58984,17.724413,-27.58984375,27.58984375,False,0.0,False
1,90,102,126.804665,17.358105,-24.804664611816406,24.804664611816406,False,0.0,False
1,91,101,127.673386,15.821161,-26.673385620117188,26.673385620117188,False,0.0,False
1,92,100,128.0439,17.956692,-28.043899536132812,28.043899536132812,False,0.0,False
1,93,99,119.73621,17.638044,-20.73621368408203,20.73621368408203,False,0.0,False
1,94,98,126.04342,14.207487,-28.043418884277344,28.043418884277344,False,0.0,False
1,95,97,123.49129,15.52818,-26.491287231445312,26.491287231445312,False,0.0,False
1,96,96,116.81397,15.9946785,-20.81397247314453,20.81397247314453,False,0.0,False
1,97,95,118.0739,15.266207,-23.073898315429688,23.073898315429688,False,0.0,False
1,98,94,120.070496,16.382397,-26.07049560546875,26.07049560546875,False,0.0,False
1,99,93,119.41788,16.55883,-26.417877197265625,26.417877197265625,False,0.0,False
1,100,92,125.078705,14.056214,-33.078704833984375,33.078704833984375,False,0.0,False
1,101,91,127.46791,16.385338,-36.46791076660156,36.46791076660156,False,0.0,False
1,102,90,121.48458,13.143205,-31.484580993652344,31.484580993652344,False,0.0,False
1,103,89,120.4663,17.646984,-31.46630096435547,31.46630096435547,False,0.0,False
1,104,88,128.26245,16.487976,-40.262451171875,40.262451171875,False,0.0,False
1,105,87,123.61008,15.982054,-36.610076904296875,36.610076904296875,False,0.0,False
1,106,86,124.796326,17.20675,-38.79632568359375,38.79632568359375,False,0.0,False
1,107,85,124.24365,19.272266,-39.24365234375,39.24365234375,False,0.0,False
1,108,84,125.784904,16.609125,-41.78490447998047,41.78490447998047,False,0.0,False
1,109,83,128.27313,20.68117,-45.27313232421875,45.27313232421875,False,0.0,False
1,110,82,131.24828,19.070976,-49.24827575683594,49.24827575683594,False,0.0,False
1,111,81,124.00279,14.534853,-43.00279235839844,43.00279235839844,False,0.0,False
1,112,80,119.25656,14.985975,-39.256561279296875,39.256561279296875,False,0.0,False
1,113,79,121.74896,13.613006,-42.74896240234375,42.74896240234375,False,0.0,False
1,114,78,118.98342,18.198254,-40.983421325683594,40.983421325683594,False,0.0,False
1,115,77,117.209335,15.246548,-40.20933532714844,40.20933532714844,False,0.0,False
1,116,76,118.784454,16.5369,-42.784454345703125,42.784454345703125,False,0.0,False
1,117,75,118.427635,17.316961,-43.427635192871094,43.427635192871094,False,0.0,False
1,118,74,122.145096,15.033338,-48.14509582519531,48.14509582519531,False,0.0,False
1,119,73,124.24729,15.885068,-51.247291564941406,51.247291564941406,False,0.0,False
1,120,72,120.36136,16.112663,-48.361358642578125,48.361358642578125,False,0.0,False
1,121,71,113.15047,17.305447,-42.15046691894531,42.15046691894531,False,0.0,False
1,122,70,110.84022,17.866732,-40.84021759033203,40.84021759033203,False,0.0,False
1,123,69,115.157616,17.04221,-46.157615661621094,46.157615661621094,False,0.0,False
1,124,68,106.25377,13.470302,-38.25376892089844,38.25376892089844,False,0.0,False
1,125,67,97.572845,14.300854,-30.572845458984375,30.572845458984375,False,0.0,False
1,126,66,97.9797,12.146552,-31.979698181152344,31.979698181152344,False,0.0,False
1,127,65,102.30159,12.23047,-37.30158996582031,37.30158996582031,False,0.0,False
1,128,64,101.54523,13.494465,-37.54522705078125,37.54522705078125,False,0.0,False
1,129,63,106.92595,15.128762,-43.92594909667969,43.92594909667969,False,0.0,False
1,130,62,112.09348,14.01637,-50.093482971191406,50.093482971191406,False,0.0,False
1,131,61,115.86679,17.448265,-54.866790771484375,54.866790771484375,False,0.0,False
1,132,60,110.19785,12.691288,-50.197853088378906,50.197853088378906,False,0.0,False
1,133,59,116.5776,14.185163,-57.577598571777344,57.577598571777344,False,0.0,False
1,134,58,104.87688,14.854451,-46.87687683105469,46.87687683105469,False,0.0,False
1,135,57,105.15186,15.637093,-48.15186309814453,48.15186309814453,False,0.0,False
1,136,56,107.582634,15.218187,-51.58263397216797,51.58263397216797,False,0.0,False
1,137,55,113.77029,15.978591,-58.770286560058594,58.770286560058594,False,0.0,False
1,138,54,114.59404,15.647455,-60.59403991699219,60.59403991699219,False,0.0,False
1,139,53,116.34155,13.935846,-63.341552734375,63.341552734375,False,0.0,False
1,140,52,112.95038,14.076419,-60.95037841796875,60.95037841796875,False,0.0,False
1,141,51,117.48884,15.800934,-66.48883819580078,66.48883819580078,False,0.0,False
1,142,50,106.50573,16.403511,-56.50572967529297,56.50572967529297,False,0.0,False
1,143,49,107.66811,14.102135,-58.668113708496094,58.668113708496094,False,0.0,False
1,144,48,101.005684,15.014938,-53.00568389892578,53.00568389892578,False,0.0,False
1,145,47,96.85014,11.00161,-49.85014343261719,49.85014343261719,False,0.0,False
1,146,46,83.79521,14.058018,-37.79521179199219,37.79521179199219,False,0.0,False
1,147,45,91.120995,14.3776045,-46.120994567871094,46.120994567871094,False,0.0,False
1,148,44,85.16025,12.908535,-41.160247802734375,41.160247802734375,False,0.0,False
1,149,43,81.17763,14.7150135,-38.17762756347656,38.17762756347656,False,0.0,False
1,150,42,73.319046,14.833592,-31.319046020507812,31.319046020507812,False,0.0,False
1,151,41,59.585415,11.828186,-18.58541488647461,18.58541488647461,False,0.0,False
1,152,40,55.411533,14.425446,-15.41153335571289,15.41153335571289,False,0.0,False
1,153,39,48.591675,14.202168,-9.5916748046875,9.5916748046875,False,0.0,False
1,154,38,50.047653,14.94933,-12.047653198242188,12.047653198242188,False,0.0,False
1,155,37,51.18071,13.279253,-14.180709838867188,14.180709838867188,False,0.0,False
1,156,36,65.660446,15.085783,-29.660446166992188,29.660446166992188,False,0.0,False
1,157,35,56.957165,13.964226,-21.957164764404297,21.957164764404297,False,0.0,False
1,158,34,73.37672,11.793693,-39.37671661376953,39.37671661376953,False,0.0,False
1,159,33,61.130215,13.527234,-28.13021469116211,28.13021469116211,False,0.0,False
1,160,32,48.74592,14.065893,-16.74591827392578,16.74591827392578,False,0.02,False
1,161,31,46.50176,13.022003,-15.501758575439453,15.501758575439453,False,0.0,False
1,162,30,46.263206,10.66364,-16.263206481933594,16.263206481933594,False,0.0,False
1,163,29,37.95001,15.375703,-8.950008392333984,8.950008392333984,False,0.02,False
1,164,28,33.869244,13.082107,-5.869243621826172,5.869243621826172,False,0.02,False
1,165,27,37.5383,12.460787,-10.538299560546875,10.538299560546875,False,0.0,False
1,166,26,27.478325,14.044944,-1.4783248901367188,1.4783248901367188,False,0.06,False
1,167,25,31.020649,15.067167,-6.020648956298828,6.020648956298828,False,0.08,False
1,168,24,37.794174,13.495361,-13.794174194335938,13.794174194335938,False,0.02,False
1,169,23,43.720287,13.063435,-20.720287322998047,20.720287322998047,False,0.02,False
1,170,22,32.959213,15.227978,-10.959213256835938,10.959213256835938,False,0.08,False
1,171,21,38.68705,15.6764145,-17.687049865722656,17.687049865722656,False,0.0,False
1,172,20,32.37938,13.605723,-12.379379272460938,12.379379272460938,False,0.04,False
1,173,19,24.48311,12.464816,-5.483110427856445,5.483110427856445,False,0.12,False
1,174,18,21.562359,13.863908,-3.562358856201172,3.562358856201172,False,0.22,False
1,175,17,25.769554,13.379886,-8.769554138183594,8.769554138183594,False,0.1,False
1,176,16,24.91896,14.647068,-8.918960571289062,8.918960571289062,False,0.16,False
1,177,15,16.926907,13.704321,-1.9269065856933594,1.9269065856933594,False,0.34,True
1,178,14,20.68029,12.70357,-6.680290222167969,6.680290222167969,False,0.14,False
1,179,13,21.008045,14.7227335,-8.008045196533203,8.008045196533203,False,0.28,False
1,180,12,25.686169,14.360487,-13.686168670654297,13.686168670654297,False,0.14,False
1,181,11,27.643694,13.300566,-16.643693923950195,16.643693923950195,False,0.08,False
1,182,10,29.922852,13.225593,-19.9228515625,19.9228515625,False,0.06,False
1,183,9,24.292532,12.989047,-15.292531967163086,15.292531967163086,False,0.2,False
1,184,8,18.509598,13.581272,-10.509597778320312,10.509597778320312,False,0.26,False
1,185,7,10.19544,13.706155,-3.1954402923583984,3.1954402923583984,False,0.4,True
1,186,6,13.679512,15.143545,-7.679512023925781,7.679512023925781,False,0.38,True
1,187,5,8.827274,11.244071,-3.8272743225097656,3.8272743225097656,False,0.5,True
1,188,4,8.927179,11.014933,-4.927179336547852,4.927179336547852,True,0.52,True
1,189,3,9.235063,12.054131,-6.235062599182129,6.235062599182129,True,0.42,True
1,190,2,8.4973135,15.193427,-6.497313499450684,6.497313499450684,True,0.5,True
1,191,1,4.767041,15.118842,-3.7670412063598633,3.7670412063598633,True,0.68,True
1,192,0,6.689773,12.7753,-6.689773082733154,6.689773082733154,True,0.62,True
5,1,140,124.97247,16.006199,15.02752685546875,15.02752685546875,False,0.0,False
5,2,140,131.30406,22.382984,8.695938110351562,8.695938110351562,False,0.0,False
5,3,140,130.89742,17.741552,9.102584838867188,9.102584838867188,False,0.0,False
5,4,140,131.35904,16.71524,8.640960693359375,8.640960693359375,False,0.0,False
5,5,140,134.05324,18.669254,5.9467620849609375,5.9467620849609375,False,0.0,False
5,6,140,131.69568,17.332596,8.3043212890625,8.3043212890625,False,0.0,False
5,7,140,129.7691,17.691076,10.23089599609375,10.23089599609375,False,0.0,False
5,8,140,130.30013,17.722395,9.699874877929688,9.699874877929688,False,0.0,False
5,9,140,132.10504,15.262116,7.89495849609375,7.89495849609375,False,0.0,False
5,10,140,133.18968,17.091288,6.8103179931640625,6.8103179931640625,False,0.0,False
5,11,140,130.6609,17.583057,9.339096069335938,9.339096069335938,False,0.0,False
5,12,140,131.14424,18.262922,8.855758666992188,8.855758666992188,False,0.0,False
5,13,140,127.16082,15.216201,12.839179992675781,12.839179992675781,False,0.0,False
5,14,140,126.616875,17.25028,13.383125305175781,13.383125305175781,False,0.0,False
5,15,140,127.84939,15.871547,12.150611877441406,12.150611877441406,False,0.0,False
5,16,140,128.85443,18.894012,11.14556884765625,11.14556884765625,False,0.0,False
5,17,140,126.6262,15.472099,13.373802185058594,13.373802185058594,False,0.0,False
5,18,140,131.31192,17.988945,8.688079833984375,8.688079833984375,False,0.0,False
5,19,140,128.62523,15.386753,11.374771118164062,11.374771118164062,False,0.0,False
5,20,140,124.736855,18.849176,15.263145446777344,15.263145446777344,False,0.0,False
5,21,140,120.8297,16.069654,19.170303344726562,19.170303344726562,False,0.0,False
5,22,140,120.83283,18.980238,19.16716766357422,19.16716766357422,False,0.0,False
5,23,140,114.64529,18.020878,25.354713439941406,25.354713439941406,False,0.0,False
5,24,140,111.01028,17.485403,28.989723205566406,28.989723205566406,False,0.0,False
5,25,140,125.77106,14.074032,14.22894287109375,14.22894287109375,False,0.0,False
5,26,140,131.6987,17.090033,8.301300048828125,8.301300048828125,False,0.0,False
5,27,140,123.59952,16.812244,16.400482177734375,16.400482177734375,False,0.0,False
5,28,140,127.04772,15.416097,12.952278137207031,12.952278137207031,False,0.0,False
5,29,140,133.78914,17.173395,6.2108612060546875,6.2108612060546875,False,0.0,False
5,30,140,125.92991,19.835367,14.070091247558594,14.070091247558594,False,0.0,False
5,31,140,126.693855,17.432634,13.306144714355469,13.306144714355469,False,0.0,False
5,32,140,132.54803,18.380556,7.45196533203125,7.45196533203125,False,0.0,False
5,33,140,129.03354,17.630774,10.966461181640625,10.966461181640625,False,0.0,False
5,34,140,121.47841,14.800273,18.521591186523438,18.521591186523438,False,0.0,False
5,35,140,127.197975,17.179462,12.802024841308594,12.802024841308594,False,0.0,False
5,36,140,117.75459,16.66844,22.245407104492188,22.245407104492188,False,0.0,False
5,37,140,111.02577,18.488943,28.974227905273438,28.974227905273438,False,0.0,False
5,38,140,121.53702,15.66479,18.462982177734375,18.462982177734375,False,0.0,False
5,39,140,126.567345,19.052227,13.432655334472656,13.432655334472656,False,0.0,False
5,40,140,119.37612,15.773272,20.623878479003906,20.623878479003906,False,0.0,False
5,41,140,125.55445,16.693562,14.445549011230469,14.445549011230469,False,0.0,False
5,42,140,120.16822,15.890533,19.83177947998047,19.83177947998047,False,0.0,False
5,43,140,119.77099,17.009125,20.22901153564453,20.22901153564453,False,0.0,False
5,44,140,121.94426,14.936863,18.055740356445312,18.055740356445312,False,0.0,False
5,45,140,126.13487,14.2051935,13.865127563476562,13.865127563476562,False,0.0,False
5,46,140,118.52466,16.610281,21.475341796875,21.475341796875,False,0.0,False
5,47,140,125.13069,16.417929,14.869308471679688,14.869308471679688,False,0.0,False
5,48,140,131.36517,14.44194,8.63482666015625,8.63482666015625,False,0.0,False
5,49,140,122.725624,16.13562,17.274375915527344,17.274375915527344,False,0.0,False
5,50,140,122.623505,15.984627,17.376495361328125,17.376495361328125,False,0.0,False
5,51,140,134.877,15.1057,5.1230010986328125,5.1230010986328125,False,0.0,False
5,52,140,130.57967,19.292627,9.420333862304688,9.420333862304688,False,0.0,False
5,53,140,123.05122,14.089536,16.948776245117188,16.948776245117188,False,0.0,False
5,54,140,123.64597,14.869333,16.354026794433594,16.354026794433594,False,0.0,False
5,55,140,127.27121,14.939011,12.728790283203125,12.728790283203125,False,0.0,False
5,56,140,129.06409,15.513916,10.9359130859375,10.9359130859375,False,0.0,False
5,57,140,123.18489,15.605616,16.815109252929688,16.815109252929688,False,0.0,False
5,58,140,129.17992,15.553212,10.820083618164062,10.820083618164062,False,0.0,False
5,59,140,126.88892,19.396082,13.111076354980469,13.111076354980469,False,0.0,False
5,60,140,129.88551,17.385565,10.114486694335938,10.114486694335938,False,0.0,False
5,61,140,126.23448,16.541012,13.765518188476562,13.765518188476562,False,0.0,False
5,62,140,127.72549,15.762959,12.274513244628906,12.274513244628906,False,0.0,False
5,63,140,121.196556,15.685615,18.803443908691406,18.803443908691406,False,0.0,False
5,64,140,121.18521,16.782314,18.814788818359375,18.814788818359375,False,0.0,False
5,65,140,121.27608,16.539227,18.723922729492188,18.723922729492188,False,0.0,False
5,66,140,116.47092,15.479197,23.529083251953125,23.529083251953125,False,0.0,False
5,67,140,121.56062,17.347988,18.439376831054688,18.439376831054688,False,0.0,False
5,68,140,122.89847,16.824411,17.101531982421875,17.101531982421875,False,0.0,False
5,69,140,123.64352,12.481673,16.356483459472656,16.356483459472656,False,0.0,False
5,70,140,118.293304,15.721545,21.706695556640625,21.706695556640625,False,0.0,False
5,71,140,122.08682,15.4466715,17.913177490234375,17.913177490234375,False,0.0,False
5,72,140,117.08719,15.650289,22.912811279296875,22.912811279296875,False,0.0,False
5,73,140,117.6282,15.895356,22.371803283691406,22.371803283691406,False,0.0,False
5,74,140,120.650246,17.57403,19.349754333496094,19.349754333496094,False,0.0,False
5,75,140,117.43388,14.707908,22.566116333007812,22.566116333007812,False,0.0,False
5,76,140,116.82785,14.576491,23.172149658203125,23.172149658203125,False,0.0,False
5,77,140,118.36069,16.438026,21.639312744140625,21.639312744140625,False,0.0,False
5,78,140,114.80751,15.381607,25.192489624023438,25.192489624023438,False,0.0,False
5,79,140,110.858154,14.872856,29.141845703125,29.141845703125,False,0.0,False
5,80,140,115.672775,14.50419,24.327224731445312,24.327224731445312,False,0.0,False
5,81,140,120.32687,15.893566,19.673126220703125,19.673126220703125,False,0.0,False
5,82,140,118.55293,13.737734,21.447067260742188,21.447067260742188,False,0.0,False
5,83,140,118.61331,14.94723,21.386688232421875,21.386688232421875,False,0.0,False
5,84,140,125.29788,17.875021,14.702117919921875,14.702117919921875,False,0.0,False
5,85,140,117.25219,16.046837,22.74781036376953,22.74781036376953,False,0.0,False
5,86,140,114.91967,15.237806,25.08032989501953,25.08032989501953,False,0.0,False
5,87,140,119.45,13.780276,20.550003051757812,20.550003051757812,False,0.0,False
5,88,140,112.001465,17.042137,27.99853515625,27.99853515625,False,0.0,False
5,89,140,112.74865,16.02244,27.25135040283203,27.25135040283203,False,0.0,False
5,90,140,120.78879,16.449768,19.211212158203125,19.211212158203125,False,0.0,False
5,91,140,116.9897,16.805653,23.010299682617188,23.010299682617188,False,0.0,False
5,92,140,120.44867,14.261581,19.55133056640625,19.55133056640625,False,0.0,False
5,93,140,123.86514,18.046736,16.134857177734375,16.134857177734375,False,0.0,False
5,94,140,127.85778,14.915623,12.142219543457031,12.142219543457031,False,0.0,False
5,95,140,122.05993,17.098024,17.94007110595703,17.94007110595703,False,0.0,False
5,96,140,115.036644,18.089231,24.963356018066406,24.963356018066406,False,0.0,False
5,97,140,128.47829,16.868229,11.521713256835938,11.521713256835938,False,0.0,False
5,98,140,115.04283,14.914474,24.957168579101562,24.957168579101562,False,0.0,False
5,99,140,118.76588,18.314318,21.23412322998047,21.23412322998047,False,0.0,False
5,100,140,117.13239,14.422902,22.86760711669922,22.86760711669922,False,0.0,False
5,101,140,113.28417,18.103636,26.71582794189453,26.71582794189453,False,0.0,False
5,102,140,112.30386,14.585579,27.696136474609375,27.696136474609375,False,0.0,False
5,103,140,106.74629,14.65897,33.25370788574219,33.25370788574219,False,0.0,False
5,104,140,105.64543,15.204096,34.35456848144531,34.35456848144531,False,0.0,False
5,105,140,105.492386,12.84162,34.50761413574219,34.50761413574219,False,0.0,False
5,106,140,108.25009,17.141766,31.749908447265625,31.749908447265625,False,0.0,False
5,107,140,106.36707,14.84769,33.63292694091797,33.63292694091797,False,0.0,False
5,108,140,118.210205,15.628274,21.789794921875,21.789794921875,False,0.0,False
5,109,140,112.19844,15.994487,27.801559448242188,27.801559448242188,False,0.0,False
5,110,140,115.46149,12.794316,24.53851318359375,24.53851318359375,False,0.0,False
5,111,140,105.02164,15.804707,34.978363037109375,34.978363037109375,False,0.0,False
5,112,140,107.821465,14.494766,32.17853546142578,32.17853546142578,False,0.0,False
5,113,140,108.64797,13.899283,31.352027893066406,31.352027893066406,False,0.0,False
5,114,140,115.114655,18.66513,24.885345458984375,24.885345458984375,False,0.0,False
5,115,140,118.22957,18.76705,21.770431518554688,21.770431518554688,False,0.0,False
5,116,140,124.159935,14.430266,15.840065002441406,15.840065002441406,False,0.0,False
5,117,140,122.32039,16.101212,17.679611206054688,17.679611206054688,False,0.0,False
5,118,140,125.39024,18.680477,14.609756469726562,14.609756469726562,False,0.0,False
5,119,140,125.210075,14.639762,14.789924621582031,14.789924621582031,False,0.0,False
5,120,140,107.345764,13.831766,32.65423583984375,32.65423583984375,False,0.0,False
5,121,140,111.111496,17.189335,28.888504028320312,28.888504028320312,False,0.0,False
5,122,140,112.224655,17.556355,27.775344848632812,27.775344848632812,False,0.0,False
5,123,140,105.74329,12.819505,34.25670623779297,34.25670623779297,False,0.0,False
5,124,140,105.88833,15.198854,34.111671447753906,34.111671447753906,False,0.0,False
5,125,140,113.689026,16.629505,26.31097412109375,26.31097412109375,False,0.0,False
5,126,140,107.293976,16.738813,32.706024169921875,32.706024169921875,False,0.0,False
5,127,140,107.23636,12.695909,32.763641357421875,32.763641357421875,False,0.0,False
5,128,140,103.8218,14.57373,36.178199768066406,36.178199768066406,False,0.0,False
5,129,140,110.086494,16.181105,29.91350555419922,29.91350555419922,False,0.0,False
5,130,139,104.83849,14.370774,34.16150665283203,34.16150665283203,False,0.0,False
5,131,138,99.382195,16.043459,38.61780548095703,38.61780548095703,False,0.0,False
5,132,137,98.71567,12.931514,38.284332275390625,38.284332275390625,False,0.0,False
5,133,136,91.00409,15.663101,44.99591064453125,44.99591064453125,False,0.0,False
5,134,135,98.770775,16.744934,36.229225158691406,36.229225158691406,False,0.0,False
5,135,134,103.12129,16.28149,30.878707885742188,30.878707885742188,False,0.0,False
5,136,133,107.07987,15.54501,25.920127868652344,25.920127868652344,False,0.0,False
5,137,132,107.00401,16.164783,24.995986938476562,24.995986938476562,False,0.0,False
5,138,131,106.40176,16.652367,24.598243713378906,24.598243713378906,False,0.0,False
5,139,130,106.56473,14.502293,23.435272216796875,23.435272216796875,False,0.0,False
5,140,129,101.48937,11.224027,27.51062774658203,27.51062774658203,False,0.0,False
5,141,128,102.71501,13.463685,25.284988403320312,25.284988403320312,False,0.0,False
5,142,127,103.51579,11.984203,23.484207153320312,23.484207153320312,False,0.0,False
5,143,126,107.85136,14.9278555,18.148643493652344,18.148643493652344,False,0.0,False
5,144,125,105.49952,15.745902,19.50048065185547,19.50048065185547,False,0.0,False
5,145,124,103.91772,11.607831,20.08228302001953,20.08228302001953,False,0.0,False
5,146,123,100.16963,16.780092,22.830368041992188,22.830368041992188,False,0.0,False
5,147,122,101.78757,13.901336,20.212432861328125,20.212432861328125,False,0.0,False
5,148,121,103.65779,11.56685,17.342208862304688,17.342208862304688,False,0.0,False
5,149,120,98.91529,11.576119,21.08470916748047,21.08470916748047,False,0.0,False
5,150,119,98.84921,12.516452,20.150787353515625,20.150787353515625,False,0.0,False
5,151,118,98.66435,14.3203335,19.335647583007812,19.335647583007812,False,0.0,False
5,152,117,90.94286,12.079162,26.05713653564453,26.05713653564453,False,0.0,False
5,153,116,86.040375,11.690389,29.959625244140625,29.959625244140625,False,0.0,False
5,154,115,98.98803,13.363418,16.01197052001953,16.01197052001953,False,0.0,False
5,155,114,90.829445,13.986413,23.170555114746094,23.170555114746094,False,0.0,False
5,156,113,89.34121,11.885155,23.658790588378906,23.658790588378906,False,0.0,False
5,157,112,92.5822,13.800501,19.417800903320312,19.417800903320312,False,0.0,False
5,158,111,91.37126,13.820586,19.628738403320312,19.628738403320312,False,0.0,False
5,159,110,91.406044,12.266701,18.593955993652344,18.593955993652344,False,0.0,False
5,160,109,85.10387,11.326916,23.896133422851562,23.896133422851562,False,0.0,False
5,161,108,83.881935,11.67769,24.118064880371094,24.118064880371094,False,0.0,False
5,162,107,89.40813,12.854602,17.591873168945312,17.591873168945312,False,0.0,False
5,163,106,87.52683,11.719462,18.473167419433594,18.473167419433594,False,0.0,False
5,164,105,87.398575,12.164378,17.601425170898438,17.601425170898438,False,0.0,False
5,165,104,89.846794,11.689571,14.153205871582031,14.153205871582031,False,0.0,False
5,166,103,89.920456,11.586367,13.079544067382812,13.079544067382812,False,0.0,False
5,167,102,92.69862,13.134768,9.301376342773438,9.301376342773438,False,0.0,False
5,168,101,91.67689,13.720943,9.323112487792969,9.323112487792969,False,0.0,False
5,169,100,88.13162,12.908704,11.868377685546875,11.868377685546875,False,0.0,False
5,170,99,94.078514,13.953762,4.921485900878906,4.921485900878906,False,0.0,False
5,171,98,88.69902,11.879644,9.300979614257812,9.300979614257812,False,0.0,False
5,172,97,90.991844,12.487426,6.008155822753906,6.008155822753906,False,0.0,False
5,173,96,82.646805,8.541936,13.353195190429688,13.353195190429688,False,0.0,False
5,174,95,84.904076,10.500881,10.095924377441406,10.095924377441406,False,0.0,False
5,175,94,77.79074,8.930516,16.209259033203125,16.209259033203125,False,0.0,False
5,176,93,78.32333,11.787721,14.676666259765625,14.676666259765625,False,0.0,False
5,177,92,83.824,11.636462,8.176002502441406,8.176002502441406,False,0.0,False
5,178,91,85.78738,13.689036,5.212623596191406,5.212623596191406,False,0.0,False
5,179,90,81.167725,11.871331,8.832275390625,8.832275390625,False,0.0,False
5,180,89,77.83543,11.308148,11.164573669433594,11.164573669433594,False,0.0,False
5,181,88,75.15964,12.574362,12.840362548828125,12.840362548828125,False,0.0,False
5,182,87,71.43092,10.243653,15.569076538085938,15.569076538085938,False,0.0,False
5,183,86,73.031395,9.359282,12.968605041503906,12.968605041503906,False,0.0,False
5,184,85,68.115364,9.328434,16.88463592529297,16.88463592529297,False,0.0,False
5,185,84,68.27168,7.8351855,15.728317260742188,15.728317260742188,False,0.0,False
5,186,83,70.52713,9.885669,12.472869873046875,12.472869873046875,False,0.0,False
5,187,82,66.78104,10.470077,15.218963623046875,15.218963623046875,False,0.0,False
5,188,81,71.11855,8.99379,9.881446838378906,9.881446838378906,False,0.0,False
5,189,80,63.13804,10.489852,16.861961364746094,16.861961364746094,False,0.0,False
5,190,79,64.13459,10.22309,14.865409851074219,14.865409851074219,False,0.0,False
5,191,78,65.27739,10.291849,12.722610473632812,12.722610473632812,False,0.0,False
5,192,77,71.61659,10.222301,5.3834075927734375,5.3834075927734375,False,0.0,False
5,193,76,64.300896,10.251252,11.699104309082031,11.699104309082031,False,0.0,False
5,194,75,65.319084,9.561595,9.680915832519531,9.680915832519531,False,0.0,False
5,195,74,67.05286,7.6196904,6.9471435546875,6.9471435546875,False,0.0,False
5,196,73,57.014652,8.905271,15.985347747802734,15.985347747802734,False,0.0,False
5,197,72,57.485924,7.6634135,14.514076232910156,14.514076232910156,False,0.0,False
5,198,71,58.908253,8.199245,12.091747283935547,12.091747283935547,False,0.0,False
5,199,70,60.272457,7.702856,9.727542877197266,9.727542877197266,False,0.0,False
5,200,69,62.732994,8.09307,6.267005920410156,6.267005920410156,False,0.0,False
5,201,68,55.58227,7.6443195,12.417728424072266,12.417728424072266,False,0.0,False
5,202,67,55.639236,7.9164834,11.360763549804688,11.360763549804688,False,0.0,False
5,203,66,49.642506,7.7719417,16.357494354248047,16.357494354248047,False,0.0,False
5,204,65,48.33306,8.834084,16.66693878173828,16.66693878173828,False,0.0,False
5,205,64,50.753613,9.860091,13.246387481689453,13.246387481689453,False,0.0,False
5,206,63,48.82624,6.7754307,14.173759460449219,14.173759460449219,False,0.0,False
5,207,62,50.20848,7.7905684,11.791519165039062,11.791519165039062,False,0.0,False
5,208,61,52.32485,8.223658,8.675151824951172,8.675151824951172,False,0.0,False
5,209,60,52.88334,10.252313,7.116661071777344,7.116661071777344,False,0.0,False
5,210,59,53.704525,7.7671666,5.295475006103516,5.295475006103516,False,0.0,False
5,211,58,49.011383,7.521546,8.988616943359375,8.988616943359375,False,0.0,False
5,212,57,50.14248,7.2844634,6.857521057128906,6.857521057128906,False,0.0,False
5,213,56,45.625328,7.5861416,10.374671936035156,10.374671936035156,False,0.0,False
5,214,55,43.185703,6.0860524,11.81429672241211,11.81429672241211,False,0.0,False
5,215,54,32.225693,6.3531632,21.774307250976562,21.774307250976562,False,0.0,False
5,216,53,31.570107,5.5256104,21.429893493652344,21.429893493652344,False,0.0,False
5,217,52,34.264317,6.9562073,17.73568344116211,17.73568344116211,False,0.0,False
5,218,51,35.744225,5.431784,15.255775451660156,15.255775451660156,False,0.0,False
5,219,50,33.491226,5.6491456,16.508773803710938,16.508773803710938,False,0.0,False
5,220,49,36.38982,6.4503818,12.610179901123047,12.610179901123047,False,0.0,False
5,221,48,32.93737,6.697967,15.062629699707031,15.062629699707031,False,0.0,False
5,222,47,34.36918,6.1943693,12.630821228027344,12.630821228027344,False,0.0,False
5,223,46,34.180748,5.90701,11.819252014160156,11.819252014160156,False,0.0,False
5,224,45,32.981182,6.1108437,12.018817901611328,12.018817901611328,False,0.0,False
5,225,44,31.63281,4.3782725,12.367189407348633,12.367189407348633,False,0.0,False
5,226,43,32.25868,5.603492,10.741321563720703,10.741321563720703,False,0.0,False
5,227,42,30.111431,5.513548,11.888568878173828,11.888568878173828,False,0.0,False
5,228,41,30.098293,5.7053785,10.90170669555664,10.90170669555664,False,0.0,False
5,229,40,29.397873,5.7007747,10.602127075195312,10.602127075195312,False,0.0,False
5,230,39,28.775429,5.7195597,10.224571228027344,10.224571228027344,False,0.0,False
5,231,38,29.081987,5.8041935,8.918012619018555,8.918012619018555,False,0.0,False
5,232,37,28.153872,5.1215615,8.846128463745117,8.846128463745117,False,0.0,False
5,233,36,29.920982,4.846492,6.079017639160156,6.079017639160156,False,0.0,False
5,234,35,30.545395,4.93802,4.4546051025390625,4.4546051025390625,False,0.0,False
5,235,34,28.78371,4.2678323,5.216289520263672,5.216289520263672,False,0.0,False
5,236,33,27.458557,5.493899,5.54144287109375,5.54144287109375,False,0.0,False
5,237,32,29.160751,4.7733226,2.8392486572265625,2.8392486572265625,False,0.0,False
5,238,31,25.380844,4.511756,5.6191558837890625,5.6191558837890625,False,0.0,False
5,239,30,26.27552,6.064828,3.7244796752929688,3.7244796752929688,False,0.0,False
5,240,29,28.854454,4.400987,0.14554595947265625,0.14554595947265625,False,0.0,False
5,241,28,24.752817,4.3790016,3.247182846069336,3.247182846069336,False,0.0,False
5,242,27,23.86236,4.9055676,3.1376399993896484,3.1376399993896484,False,0.0,False
5,243,26,25.386652,3.3537753,0.6133480072021484,0.6133480072021484,False,0.0,False
5,244,25,24.05902,4.1889906,0.9409809112548828,0.9409809112548828,False,0.0,False
5,245,24,20.930662,3.7427716,3.069337844848633,3.069337844848633,False,0.0,False
5,246,23,19.943504,3.74663,3.0564956665039062,3.0564956665039062,False,0.0,False
5,247,22,17.301767,3.0840824,4.698232650756836,4.698232650756836,False,0.04,False
5,248,21,15.677656,3.0209804,5.322343826293945,5.322343826293945,False,0.06,False
5,249,20,16.001429,2.672497,3.9985713958740234,3.9985713958740234,False,0.04,False
5,250,19,15.260898,2.7208703,3.739102363586426,3.739102363586426,False,0.04,False
5,251,18,14.143857,2.2973816,3.856142997741699,3.856142997741699,False,0.04,False
5,252,17,15.367958,2.277922,1.6320419311523438,1.6320419311523438,False,0.0,False
5,253,16,12.467843,2.3289502,3.5321569442749023,3.5321569442749023,False,0.18,False
5,254,15,10.130267,1.9443393,4.869732856750488,4.869732856750488,False,0.44,True
5,255,14,12.552485,1.7397748,1.447514533996582,1.447514533996582,False,0.08,False
5,256,13,10.029337,1.6500717,2.970663070678711,2.970663070678711,False,0.54,True
5,257,12,10.314591,1.3824662,1.685408592224121,1.685408592224121,False,0.44,True
5,258,11,9.939356,2.0897708,1.0606441497802734,1.0606441497802734,False,0.52,True
5,259,10,10.20472,1.6063155,-0.20471954345703125,0.20471954345703125,False,0.44,True
5,260,9,11.357966,1.89761,-2.357966423034668,2.357966423034668,False,0.26,False
5,261,8,10.430638,1.6257234,-2.430638313293457,2.430638313293457,False,0.36,True
5,262,7,9.672563,1.5144155,-2.672562599182129,2.672562599182129,False,0.6,True
5,263,6,8.279787,0.9712849,-2.279787063598633,2.279787063598633,False,0.96,True
5,264,5,8.357386,1.5704367,-3.3573856353759766,3.3573856353759766,False,0.86,True
5,265,4,7.330304,1.2644322,-3.3303041458129883,3.3303041458129883,True,0.98,True
5,266,3,7.670804,1.3259166,-4.670804023742676,4.670804023742676,True,0.96,True
5,267,2,7.404088,1.4000767,-5.404088020324707,5.404088020324707,True,0.98,True
5,268,1,7.2255406,1.3222351,-6.225540637969971,6.225540637969971,True,1.0,True
5,269,0,6.878433,1.1966279,-6.8784332275390625,6.8784332275390625,True,0.98,True
11,1,140,156.40889,22.600039,-16.408889770507812,16.408889770507812,False,0.0,False
11,2,140,151.09935,19.758137,-11.099349975585938,11.099349975585938,False,0.0,False
11,3,140,146.8166,17.623178,-6.8166046142578125,6.8166046142578125,False,0.0,False
11,4,140,137.33746,21.856504,2.66253662109375,2.66253662109375,False,0.0,False
11,5,140,140.38074,20.785885,-0.3807373046875,0.3807373046875,False,0.0,False
11,6,140,139.60248,18.84238,0.39752197265625,0.39752197265625,False,0.0,False
11,7,140,138.67159,16.536804,1.3284149169921875,1.3284149169921875,False,0.0,False
11,8,140,141.3145,20.146091,-1.3144989013671875,1.3144989013671875,False,0.0,False
11,9,140,138.89241,20.090527,1.1075897216796875,1.1075897216796875,False,0.0,False
11,10,140,139.42401,19.313044,0.57598876953125,0.57598876953125,False,0.0,False
11,11,140,138.7306,17.322252,1.2693939208984375,1.2693939208984375,False,0.0,False
11,12,140,136.14699,19.57717,3.8530120849609375,3.8530120849609375,False,0.0,False
11,13,140,135.42761,18.362677,4.5723876953125,4.5723876953125,False,0.0,False
11,14,140,137.7366,16.861202,2.263397216796875,2.263397216796875,False,0.0,False
11,15,140,135.86067,22.190971,4.1393280029296875,4.1393280029296875,False,0.0,False
11,16,140,137.93317,16.115051,2.06683349609375,2.06683349609375,False,0.0,False
11,17,140,138.29207,16.92076,1.7079315185546875,1.7079315185546875,False,0.0,False
11,18,140,134.90198,19.3732,5.0980224609375,5.0980224609375,False,0.0,False
11,19,140,141.48639,19.6679,-1.48638916015625,1.48638916015625,False,0.0,False
11,20,140,137.36658,19.124397,2.6334228515625,2.6334228515625,False,0.0,False
11,21,140,143.25557,17.987274,-3.2555694580078125,3.2555694580078125,False,0.0,False
11,22,140,138.42744,18.050697,1.5725555419921875,1.5725555419921875,False,0.0,False
11,23,140,132.14392,16.915855,7.8560791015625,7.8560791015625,False,0.0,False
11,24,140,132.69156,17.419832,7.308441162109375,7.308441162109375,False,0.0,False
11,25,140,131.94875,21.907894,8.051254272460938,8.051254272460938,False,0.0,False
11,26,140,126.12258,16.773758,13.877418518066406,13.877418518066406,False,0.0,False
11,27,140,125.201355,16.168327,14.79864501953125,14.79864501953125,False,0.0,False
11,28,140,130.36037,18.110817,9.639633178710938,9.639633178710938,False,0.0,False
11,29,140,138.37845,21.59392,1.621551513671875,1.621551513671875,False,0.0,False
11,30,140,142.40651,15.590776,-2.4065093994140625,2.4065093994140625,False,0.0,False
11,31,140,138.94592,17.935225,1.0540771484375,1.0540771484375,False,0.0,False
11,32,140,139.78453,17.962944,0.2154693603515625,0.2154693603515625,False,0.0,False
11,33,140,132.75964,19.396126,7.2403564453125,7.2403564453125,False,0.0,False
11,34,140,133.25824,14.904506,6.74176025390625,6.74176025390625,False,0.0,False
11,35,140,131.36159,18.26213,8.638412475585938,8.638412475585938,False,0.0,False
11,36,140,134.11456,15.367268,5.88543701171875,5.88543701171875,False,0.0,False
11,37,140,132.91147,16.485035,7.088531494140625,7.088531494140625,False,0.0,False
11,38,140,141.026,17.633709,-1.0260009765625,1.0260009765625,False,0.0,False
11,39,140,139.86288,19.588291,0.137115478515625,0.137115478515625,False,0.0,False
11,40,140,146.49127,19.876186,-6.49127197265625,6.49127197265625,False,0.0,False
11,41,140,139.03775,19.04878,0.962249755859375,0.962249755859375,False,0.0,False
11,42,140,134.98538,18.078032,5.014617919921875,5.014617919921875,False,0.0,False
11,43,140,133.23494,16.430508,6.7650604248046875,6.7650604248046875,False,0.0,False
11,44,140,135.78606,18.658646,4.2139434814453125,4.2139434814453125,False,0.0,False
11,45,140,137.89125,17.190622,2.1087493896484375,2.1087493896484375,False,0.0,False
11,46,140,137.89429,20.007433,2.105712890625,2.105712890625,False,0.0,False
11,47,140,140.30208,19.561655,-0.3020782470703125,0.3020782470703125,False,0.0,False
11,48,140,144.00299,18.17385,-4.00299072265625,4.00299072265625,False,0.0,False
11,49,140,147.99841,18.731153,-7.9984130859375,7.9984130859375,False,0.0,False
11,50,140,137.17963,21.147621,2.82037353515625,2.82037353515625,False,0.0,False
11,51,140,135.91745,17.8858,4.082550048828125,4.082550048828125,False,0.0,False
11,52,140,141.71141,21.456514,-1.7114105224609375,1.7114105224609375,False,0.0,False
11,53,140,139.58725,21.856916,0.412750244140625,0.412750244140625,False,0.0,False
11,54,140,141.11192,20.86958,-1.1119232177734375,1.1119232177734375,False,0.0,False
11,55,140,142.67105,16.173304,-2.671051025390625,2.671051025390625,False,0.0,False
11,56,140,136.58981,15.772463,3.410186767578125,3.410186767578125,False,0.0,False
11,57,140,138.07353,18.871828,1.9264678955078125,1.9264678955078125,False,0.0,False
11,58,140,134.31717,20.533016,5.682830810546875,5.682830810546875,False,0.0,False
11,59,140,134.75093,20.143267,5.2490692138671875,5.2490692138671875,False,0.0,False
11,60,140,132.0694,15.180407,7.93060302734375,7.93060302734375,False,0.0,False
11,61,140,141.75386,17.589561,-1.7538604736328125,1.7538604736328125,False,0.0,False
11,62,140,124.52256,17.775911,15.477439880371094,15.477439880371094,False,0.0,False
11,63,140,134.94324,16.216475,5.0567626953125,5.0567626953125,False,0.0,False
11,64,140,135.35262,17.064184,4.6473846435546875,4.6473846435546875,False,0.0,False
11,65,140,138.80013,18.836279,1.1998748779296875,1.1998748779296875,False,0.0,False
11,66,140,126.80764,15.3941765,13.192359924316406,13.192359924316406,False,0.0,False
11,67,140,133.72566,21.15251,6.2743377685546875,6.2743377685546875,False,0.0,False
11,68,140,130.14359,17.105314,9.856414794921875,9.856414794921875,False,0.0,False
11,69,140,129.17279,14.990653,10.82720947265625,10.82720947265625,False,0.0,False
11,70,140,123.83077,16.491756,16.169227600097656,16.169227600097656,False,0.0,False
11,71,140,125.01214,15.768097,14.987861633300781,14.987861633300781,False,0.0,False
11,72,140,122.5552,14.8652315,17.444801330566406,17.444801330566406,False,0.0,False
11,73,140,123.83049,16.156635,16.169509887695312,16.169509887695312,False,0.0,False
11,74,140,126.08115,18.538284,13.918853759765625,13.918853759765625,False,0.0,False
11,75,140,136.73663,16.382893,3.26336669921875,3.26336669921875,False,0.0,False
11,76,140,126.66487,14.10189,13.335128784179688,13.335128784179688,False,0.0,False
11,77,140,127.57996,16.977942,12.420036315917969,12.420036315917969,False,0.0,False
11,78,140,131.32414,18.19188,8.675857543945312,8.675857543945312,False,0.0,False
11,79,140,128.15706,16.401396,11.842941284179688,11.842941284179688,False,0.0,False
11,80,140,129.9665,21.04545,10.033493041992188,10.033493041992188,False,0.0,False
11,81,140,134.55644,17.390612,5.4435577392578125,5.4435577392578125,False,0.0,False
11,82,140,134.53012,19.412148,5.469879150390625,5.469879150390625,False,0.0,False
11,83,140,132.35394,18.219625,7.64605712890625,7.64605712890625,False,0.0,False
11,84,140,134.27402,17.268091,5.725982666015625,5.725982666015625,False,0.0,False
11,85,140,130.63998,17.407946,9.360015869140625,9.360015869140625,False,0.0,False
11,86,140,127.3652,14.929312,12.634803771972656,12.634803771972656,False,0.0,False
11,87,140,131.41695,17.301605,8.583053588867188,8.583053588867188,False,0.0,False
11,88,140,124.00337,15.742102,15.996627807617188,15.996627807617188,False,0.0,False
11,89,140,126.85893,15.363927,13.141067504882812,13.141067504882812,False,0.0,False
11,90,140,124.15119,16.606249,15.848808288574219,15.848808288574219,False,0.0,False
11,91,140,123.009186,17.683344,16.990814208984375,16.990814208984375,False,0.0,False
11,92,140,122.076775,15.5051365,17.92322540283203,17.92322540283203,False,0.0,False
11,93,140,123.09982,15.50671,16.900177001953125,16.900177001953125,False,0.0,False
11,94,140,127.63465,14.1939,12.365348815917969,12.365348815917969,False,0.0,False
11,95,140,128.65425,16.563715,11.345748901367188,11.345748901367188,False,0.0,False
11,96,140,132.47267,17.923874,7.5273284912109375,7.5273284912109375,False,0.0,False
11,97,140,126.28906,18.134455,13.7109375,13.7109375,False,0.0,False
11,98,140,131.03726,17.56358,8.962738037109375,8.962738037109375,False,0.0,False
11,99,140,130.01073,19.595097,9.989273071289062,9.989273071289062,False,0.0,False
11,100,140,126.81849,16.83241,13.181510925292969,13.181510925292969,False,0.0,False
11,101,139,126.59526,13.017934,12.404739379882812,12.404739379882812,False,0.0,False
11,102,138,133.12201,17.99281,4.87799072265625,4.87799072265625,False,0.0,False
11,103,137,122.03375,15.029758,14.96624755859375,14.96624755859375,False,0.0,False
11,104,136,115.56741,16.931345,20.432586669921875,20.432586669921875,False,0.0,False
11,105,135,124.61772,15.595419,10.382278442382812,10.382278442382812,False,0.0,False
11,106,134,134.29659,16.758402,-0.2965850830078125,0.2965850830078125,False,0.0,False
11,107,133,127.48369,17.310453,5.5163116455078125,5.5163116455078125,False,0.0,False
11,108,132,133.98067,16.487648,-1.9806671142578125,1.9806671142578125,False,0.0,False
11,109,131,129.04318,15.695996,1.956817626953125,1.956817626953125,False,0.0,False
11,110,130,127.42019,18.6597,2.5798110961914062,2.5798110961914062,False,0.0,False
11,111,129,127.13658,15.723114,1.8634185791015625,1.8634185791015625,False,0.0,False
11,112,128,124.98259,16.104752,3.0174102783203125,3.0174102783203125,False,0.0,False
11,113,127,127.45245,19.532404,-0.45245361328125,0.45245361328125,False,0.0,False
11,114,126,122.378426,13.757046,3.6215744018554688,3.6215744018554688,False,0.0,False
11,115,125,125.118095,19.394161,-0.11809539794921875,0.11809539794921875,False,0.0,False
11,116,124,122.117645,16.07289,1.882354736328125,1.882354736328125,False,0.0,False
11,117,123,111.15518,15.18854,11.844818115234375,11.844818115234375,False,0.0,False
11,118,122,114.46697,14.27985,7.533027648925781,7.533027648925781,False,0.0,False
11,119,121,117.45652,18.722935,3.5434799194335938,3.5434799194335938,False,0.0,False
11,120,120,122.14554,16.269424,-2.145538330078125,2.145538330078125,False,0.0,False
11,121,119,122.12546,14.730525,-3.125457763671875,3.125457763671875,False,0.0,False
11,122,118,116.49446,16.329353,1.5055389404296875,1.5055389404296875,False,0.0,False
11,123,117,116.76569,15.83455,0.23430633544921875,0.23430633544921875,False,0.0,False
11,124,116,113.136765,15.382155,2.8632354736328125,2.8632354736328125,False,0.0,False
11,125,115,112.156425,14.26089,2.8435745239257812,2.8435745239257812,False,0.0,False
11,126,114,114.82189,17.128395,-0.8218917846679688,0.8218917846679688,False,0.0,False
11,127,113,119.39809,19.672543,-6.3980865478515625,6.3980865478515625,False,0.0,False
11,128,112,115.41222,14.281184,-3.4122161865234375,3.4122161865234375,False,0.0,False
11,129,111,115.36728,18.251701,-4.367279052734375,4.367279052734375,False,0.0,False
11,130,110,114.31675,17.099518,-4.316749572753906,4.316749572753906,False,0.0,False
11,131,109,117.97723,15.992062,-8.977226257324219,8.977226257324219,False,0.0,False
11,132,108,112.31739,14.440671,-4.317390441894531,4.317390441894531,False,0.0,False
11,133,107,116.75592,13.111454,-9.75592041015625,9.75592041015625,False,0.0,False
11,134,106,107.036415,15.324146,-1.0364151000976562,1.0364151000976562,False,0.0,False
11,135,105,112.42192,11.94708,-7.4219207763671875,7.4219207763671875,False,0.0,False
11,136,104,116.25983,15.441567,-12.25982666015625,12.25982666015625,False,0.0,False
11,137,103,111.73524,17.055294,-8.735237121582031,8.735237121582031,False,0.0,False
11,138,102,116.850266,17.066963,-14.850265502929688,14.850265502929688,False,0.0,False
11,139,101,116.27472,17.8334,-15.27471923828125,15.27471923828125,False,0.0,False
11,140,100,113.60724,15.905124,-13.60723876953125,13.60723876953125,False,0.0,False
11,141,99,108.302536,13.227104,-9.302536010742188,9.302536010742188,False,0.0,False
11,142,98,119.2502,17.940557,-21.250198364257812,21.250198364257812,False,0.0,False
11,143,97,110.630516,15.88423,-13.630516052246094,13.630516052246094,False,0.0,False
11,144,96,111.31831,17.654757,-15.318313598632812,15.318313598632812,False,0.0,False
11,145,95,107.748024,13.351183,-12.748023986816406,12.748023986816406,False,0.0,False
11,146,94,114.31829,14.909071,-20.31829071044922,20.31829071044922,False,0.0,False
11,147,93,98.86029,11.637974,-5.86029052734375,5.86029052734375,False,0.0,False
11,148,92,94.36364,12.7995205,-2.3636398315429688,2.3636398315429688,False,0.0,False
11,149,91,91.26228,11.560791,-0.2622833251953125,0.2622833251953125,False,0.0,False
11,150,90,99.07177,12.980413,-9.071769714355469,9.071769714355469,False,0.0,False
11,151,89,96.78462,14.6019535,-7.7846221923828125,7.7846221923828125,False,0.0,False
11,152,88,94.98404,12.439791,-6.984039306640625,6.984039306640625,False,0.0,False
11,153,87,95.17014,16.379633,-8.170143127441406,8.170143127441406,False,0.0,False
11,154,86,94.76273,12.764393,-8.762733459472656,8.762733459472656,False,0.0,False
11,155,85,91.7767,12.14263,-6.776702880859375,6.776702880859375,False,0.0,False
11,156,84,89.24429,10.289844,-5.244293212890625,5.244293212890625,False,0.0,False
11,157,83,100.283905,13.27704,-17.283905029296875,17.283905029296875,False,0.0,False
11,158,82,96.56592,12.465027,-14.56591796875,14.56591796875,False,0.0,False
11,159,81,100.61568,13.183673,-19.615676879882812,19.615676879882812,False,0.0,False
11,160,80,94.48145,12.068596,-14.481452941894531,14.481452941894531,False,0.0,False
11,161,79,91.07431,12.361849,-12.074310302734375,12.074310302734375,False,0.0,False
11,162,78,86.815575,11.993502,-8.815574645996094,8.815574645996094,False,0.0,False
11,163,77,93.02086,12.039872,-16.020858764648438,16.020858764648438,False,0.0,False
11,164,76,88.98808,11.31861,-12.988082885742188,12.988082885742188,False,0.0,False
11,165,75,87.85191,12.2711315,-12.851913452148438,12.851913452148438,False,0.0,False
11,166,74,92.26101,11.797595,-18.261009216308594,18.261009216308594,False,0.0,False
11,167,73,92.48977,13.1467705,-19.489768981933594,19.489768981933594,False,0.0,False
11,168,72,87.790886,10.697401,-15.790885925292969,15.790885925292969,False,0.0,False
11,169,71,78.50535,10.84522,-7.505348205566406,7.505348205566406,False,0.0,False
11,170,70,82.15415,9.79759,-12.154151916503906,12.154151916503906,False,0.0,False
11,171,69,80.32211,11.77497,-11.322113037109375,11.322113037109375,False,0.0,False
11,172,68,83.51545,10.242733,-15.515449523925781,15.515449523925781,False,0.0,False
11,173,67,83.25699,13.3092985,-16.256988525390625,16.256988525390625,False,0.0,False
11,174,66,84.760086,9.636836,-18.760086059570312,18.760086059570312,False,0.0,False
11,175,65,77.822716,9.2548895,-12.822715759277344,12.822715759277344,False,0.0,False
11,176,64,82.19894,11.756331,-18.198936462402344,18.198936462402344,False,0.0,False
11,177,63,79.4918,9.041725,-16.491798400878906,16.491798400878906,False,0.0,False
11,178,62,77.06927,10.372596,-15.069267272949219,15.069267272949219,False,0.0,False
11,179,61,76.90605,8.489124,-15.906051635742188,15.906051635742188,False,0.0,False
11,180,60,75.254265,9.261498,-15.254264831542969,15.254264831542969,False,0.0,False
11,181,59,67.56341,10.814028,-8.563407897949219,8.563407897949219,False,0.0,False
11,182,58,65.75341,9.370303,-7.753410339355469,7.753410339355469,False,0.0,False
11,183,57,61.101368,8.809849,-4.101367950439453,4.101367950439453,False,0.0,False
11,184,56,57.377842,8.194728,-1.3778419494628906,1.3778419494628906,False,0.0,False
11,185,55,58.2196,8.594121,-3.2196006774902344,3.2196006774902344,False,0.0,False
11,186,54,63.715816,10.352776,-9.715816497802734,9.715816497802734,False,0.0,False
11,187,53,62.57382,8.893277,-9.57381820678711,9.57381820678711,False,0.0,False
11,188,52,68.22244,10.352788,-16.222442626953125,16.222442626953125,False,0.0,False
11,189,51,57.579124,7.7219763,-6.579124450683594,6.579124450683594,False,0.0,False
11,190,50,58.110104,9.105733,-8.110103607177734,8.110103607177734,False,0.0,False
11,191,49,47.85644,8.140844,1.1435585021972656,1.1435585021972656,False,0.0,False
11,192,48,51.014015,6.5430374,-3.0140151977539062,3.0140151977539062,False,0.0,False
11,193,47,48.43678,6.831766,-1.4367790222167969,1.4367790222167969,False,0.0,False
11,194,46,54.947826,8.066179,-8.947826385498047,8.947826385498047,False,0.0,False
11,195,45,49.91816,8.919892,-4.918159484863281,4.918159484863281,False,0.0,False
11,196,44,48.892086,8.405958,-4.892086029052734,4.892086029052734,False,0.0,False
11,197,43,47.915337,7.245481,-4.915336608886719,4.915336608886719,False,0.0,False
11,198,42,46.36714,7.5095673,-4.3671417236328125,4.3671417236328125,False,0.0,False
11,199,41,41.912643,7.2133055,-0.9126434326171875,0.9126434326171875,False,0.0,False
11,200,40,41.872284,7.1520348,-1.872283935546875,1.872283935546875,False,0.0,False
11,201,39,40.84035,7.454246,-1.8403511047363281,1.8403511047363281,False,0.0,False
11,202,38,37.336365,7.5919623,0.66363525390625,0.66363525390625,False,0.0,False
11,203,37,38.404366,6.6631184,-1.4043655395507812,1.4043655395507812,False,0.0,False
11,204,36,36.780407,7.6427665,-0.7804069519042969,0.7804069519042969,False,0.0,False
11,205,35,33.915585,5.5812597,1.0844154357910156,1.0844154357910156,False,0.0,False
11,206,34,30.39469,5.3082924,3.6053104400634766,3.6053104400634766,False,0.0,False
11,207,33,27.62084,4.9984136,5.379159927368164,5.379159927368164,False,0.0,False
11,208,32,25.564365,5.2242827,6.435634613037109,6.435634613037109,False,0.0,False
11,209,31,32.574383,6.244377,-1.5743827819824219,1.5743827819824219,False,0.0,False
11,210,30,24.260902,4.186217,5.739097595214844,5.739097595214844,False,0.0,False
11,211,29,33.97506,5.9997673,-4.975059509277344,4.975059509277344,False,0.0,False
11,212,28,33.534073,5.4022827,-5.5340728759765625,5.5340728759765625,False,0.0,False
11,213,27,31.25031,3.8505437,-4.250310897827148,4.250310897827148,False,0.0,False
11,214,26,28.599648,5.449569,-2.5996475219726562,2.5996475219726562,False,0.0,False
11,215,25,27.661026,4.8484793,-2.6610260009765625,2.6610260009765625,False,0.0,False
11,216,24,21.720095,3.6016793,2.279905319213867,2.279905319213867,False,0.0,False
11,217,23,19.283998,3.4756317,3.716001510620117,3.716001510620117,False,0.0,False
11,218,22,20.903767,3.2559328,1.0962333679199219,1.0962333679199219,False,0.0,False
11,219,21,20.656937,3.3574724,0.3430633544921875,0.3430633544921875,False,0.0,False
11,220,20,17.687101,2.289038,2.312898635864258,2.312898635864258,False,0.0,False
11,221,19,20.315868,3.1320438,-1.3158683776855469,1.3158683776855469,False,0.0,False
11,222,18,18.238022,3.7799761,-0.2380218505859375,0.2380218505859375,False,0.0,False
11,223,17,17.828499,3.0150452,-0.8284988403320312,0.8284988403320312,False,0.0,False
11,224,16,23.12405,3.5418003,-7.124050140380859,7.124050140380859,False,0.0,False
11,225,15,20.762468,3.3266757,-5.762468338012695,5.762468338012695,False,0.0,False
11,226,14,20.237211,3.5211413,-6.237211227416992,6.237211227416992,False,0.0,False
11,227,13,15.059829,2.8898084,-2.059828758239746,2.059828758239746,False,0.04,False
11,228,12,13.585248,1.9308951,-1.5852479934692383,1.5852479934692383,False,0.04,False
11,229,11,11.77166,2.4687483,-0.7716598510742188,0.7716598510742188,False,0.18,False
11,230,10,10.546825,1.65805,-0.5468254089355469,0.5468254089355469,False,0.38,True
11,231,9,13.368433,2.0683591,-4.368432998657227,4.368432998657227,False,0.04,False
11,232,8,11.6939745,2.0960379,-3.693974494934082,3.693974494934082,False,0.24,False
11,233,7,11.333035,1.742627,-4.333035469055176,4.333035469055176,False,0.22,False
11,234,6,12.353837,1.7404621,-6.353837013244629,6.353837013244629,False,0.14,False
11,235,5,13.101238,1.945678,-8.101238250732422,8.101238250732422,False,0.04,False
11,236,4,11.584151,1.6230655,-7.584151268005371,7.584151268005371,True,0.16,False
11,237,3,11.104387,1.8000172,-8.104387283325195,8.104387283325195,True,0.22,False
11,238,2,9.761395,1.3248863,-7.761395454406738,7.761395454406738,True,0.56,True
11,239,1,8.451485,1.5677385,-7.451484680175781,7.451484680175781,True,0.88,True
11,240,0,6.855135,1.5857838,-6.855134963989258,6.855134963989258,True,0.98,True
13,1,140,120.57873,15.957677,19.42127227783203,19.42127227783203,False,0.0,False
13,2,140,112.683975,13.856296,27.316024780273438,27.316024780273438,False,0.0,False
13,3,140,103.0962,15.346614,36.90380096435547,36.90380096435547,False,0.0,False
13,4,140,106.97321,14.0219345,33.02678680419922,33.02678680419922,False,0.0,False
13,5,140,115.355194,18.423456,24.644805908203125,24.644805908203125,False,0.0,False
13,6,140,110.493065,13.4381075,29.506935119628906,29.506935119628906,False,0.0,False
13,7,140,107.77706,14.176181,32.222938537597656,32.222938537597656,False,0.0,False
13,8,140,114.1401,15.44332,25.859901428222656,25.859901428222656,False,0.0,False
13,9,140,106.43613,13.260745,33.563873291015625,33.563873291015625,False,0.0,False
13,10,140,101.431366,11.719688,38.568634033203125,38.568634033203125,False,0.0,False
13,11,140,106.44913,14.802885,33.550872802734375,33.550872802734375,False,0.0,False
13,12,140,106.61513,14.241265,33.38487243652344,33.38487243652344,False,0.0,False
13,13,140,100.828995,14.274824,39.17100524902344,39.17100524902344,False,0.0,False
13,14,140,104.591995,14.181324,35.40800476074219,35.40800476074219,False,0.0,False
13,15,140,111.41573,12.904401,28.584266662597656,28.584266662597656,False,0.0,False
13,16,140,108.0179,13.733212,31.982101440429688,31.982101440429688,False,0.0,False
13,17,140,112.86235,14.26569,27.137649536132812,27.137649536132812,False,0.0,False
13,18,140,113.605606,13.355856,26.394393920898438,26.394393920898438,False,0.0,False
13,19,140,112.3699,14.553743,27.630096435546875,27.630096435546875,False,0.0,False
13,20,140,104.41739,12.672502,35.582611083984375,35.582611083984375,False,0.0,False
13,21,140,110.15755,13.938496,29.842453002929688,29.842453002929688,False,0.0,False
13,22,140,104.868675,14.489847,35.131324768066406,35.131324768066406,False,0.0,False
13,23,140,112.346954,13.881416,27.653045654296875,27.653045654296875,False,0.0,False
13,24,139,108.08669,14.193428,30.913307189941406,30.913307189941406,False,0.0,False
13,25,138,115.507454,18.054382,22.49254608154297,22.49254608154297,False,0.0,False
13,26,137,115.8341,13.993806,21.16590118408203,21.16590118408203,False,0.0,False
13,27,136,111.6579,14.902777,24.34210205078125,24.34210205078125,False,0.0,False
13,28,135,110.233894,17.251652,24.76610565185547,24.76610565185547,False,0.0,False
13,29,134,108.84106,16.683584,25.15894317626953,25.15894317626953,False,0.0,False
13,30,133,104.37772,13.87072,28.622276306152344,28.622276306152344,False,0.0,False
13,31,132,104.49329,13.445515,27.50670623779297,27.50670623779297,False,0.0,False
13,32,131,105.63024,14.041191,25.36975860595703,25.36975860595703,False,0.0,False
13,33,130,105.005264,15.594766,24.994735717773438,24.994735717773438,False,0.0,False
13,34,129,114.82129,17.276981,14.1787109375,14.1787109375,False,0.0,False
13,35,128,107.55964,14.171939,20.44036102294922,20.44036102294922,False,0.0,False
13,36,127,109.341934,14.08998,17.658065795898438,17.658065795898438,False,0.0,False
13,37,126,109.864525,12.922894,16.135475158691406,16.135475158691406,False,0.0,False
13,38,125,117.734764,15.619323,7.265235900878906,7.265235900878906,False,0.0,False
13,39,124,111.00455,12.249417,12.995452880859375,12.995452880859375,False,0.0,False
13,40,123,107.19021,13.086439,15.809791564941406,15.809791564941406,False,0.0,False
13,41,122,109.48084,12.981043,12.519157409667969,12.519157409667969,False,0.0,False
13,42,121,103.76151,13.867737,17.238487243652344,17.238487243652344,False,0.0,False
13,43,120,105.5829,14.137647,14.417098999023438,14.417098999023438,False,0.0,False
13,44,119,108.23023,11.152045,10.769767761230469,10.769767761230469,False,0.0,False
13,45,118,108.46558,12.8928995,9.534416198730469,9.534416198730469,False,0.0,False
13,46,117,108.06328,13.051971,8.936721801757812,8.936721801757812,False,0.0,False
13,47,116,106.79825,15.510836,9.201751708984375,9.201751708984375,False,0.0,False
13,48,115,107.397125,13.572463,7.602874755859375,7.602874755859375,False,0.0,False
13,49,114,101.26712,11.927642,12.732879638671875,12.732879638671875,False,0.0,False
13,50,113,97.76556,12.635446,15.234443664550781,15.234443664550781,False,0.0,False
13,51,112,103.76768,14.224725,8.232322692871094,8.232322692871094,False,0.0,False
13,52,111,96.82949,11.391374,14.170509338378906,14.170509338378906,False,0.0,False
13,53,110,99.76232,14.717518,10.237678527832031,10.237678527832031,False,0.0,False
13,54,109,97.709785,12.468004,11.290214538574219,11.290214538574219,False,0.0,False
13,55,108,101.116875,16.351826,6.883125305175781,6.883125305175781,False,0.0,False
13,56,107,111.36042,14.940807,-4.360420227050781,4.360420227050781,False,0.0,False
13,57,106,106.04692,13.555184,-0.0469207763671875,0.0469207763671875,False,0.0,False
13,58,105,102.94494,14.120984,2.0550613403320312,2.0550613403320312,False,0.0,False
13,59,104,105.06145,14.01598,-1.0614471435546875,1.0614471435546875,False,0.0,False
13,60,103,101.52264,13.683108,1.4773635864257812,1.4773635864257812,False,0.0,False
13,61,102,100.48098,12.5499,1.5190200805664062,1.5190200805664062,False,0.0,False
13,62,101,102.46844,15.380192,-1.4684371948242188,1.4684371948242188,False,0.0,False
13,63,100,110.13237,13.101021,-10.132369995117188,10.132369995117188,False,0.0,False
13,64,99,100.99078,14.138228,-1.99078369140625,1.99078369140625,False,0.0,False
13,65,98,109.68576,12.960351,-11.685760498046875,11.685760498046875,False,0.0,False
13,66,97,104.73573,13.166222,-7.7357330322265625,7.7357330322265625,False,0.0,False
13,67,96,101.16609,13.971009,-5.1660919189453125,5.1660919189453125,False,0.0,False
13,68,95,101.56842,16.48225,-6.56842041015625,6.56842041015625,False,0.0,False
13,69,94,100.50829,12.108537,-6.508293151855469,6.508293151855469,False,0.0,False
13,70,93,100.130486,13.657437,-7.130485534667969,7.130485534667969,False,0.0,False
13,71,92,98.81801,14.964509,-6.8180084228515625,6.8180084228515625,False,0.0,False
13,72,91,97.52322,13.242543,-6.523216247558594,6.523216247558594,False,0.0,False
13,73,90,99.13077,14.284573,-9.130767822265625,9.130767822265625,False,0.0,False
13,74,89,100.34669,13.542027,-11.346687316894531,11.346687316894531,False,0.0,False
13,75,88,95.67009,11.192966,-7.6700897216796875,7.6700897216796875,False,0.0,False
13,76,87,99.489944,13.387435,-12.489944458007812,12.489944458007812,False,0.0,False
13,77,86,91.65802,13.394349,-5.65802001953125,5.65802001953125,False,0.0,False
13,78,85,98.2532,11.359912,-13.253196716308594,13.253196716308594,False,0.0,False
13,79,84,96.06624,13.430867,-12.066238403320312,12.066238403320312,False,0.0,False
13,80,83,98.638084,14.55942,-15.638084411621094,15.638084411621094,False,0.0,False
13,81,82,90.20421,13.71537,-8.204208374023438,8.204208374023438,False,0.0,False
13,82,81,90.162445,14.761405,-9.162445068359375,9.162445068359375,False,0.0,False
13,83,80,86.14516,11.721033,-6.1451568603515625,6.1451568603515625,False,0.0,False
13,84,79,85.80075,11.08861,-6.800750732421875,6.800750732421875,False,0.0,False
13,85,78,81.64286,9.71173,-3.6428604125976562,3.6428604125976562,False,0.0,False
13,86,77,90.42919,13.167113,-13.429191589355469,13.429191589355469,False,0.0,False
13,87,76,94.20036,10.029038,-18.200363159179688,18.200363159179688,False,0.0,False
13,88,75,97.36056,15.1816635,-22.360557556152344,22.360557556152344,False,0.0,False
13,89,74,93.299385,12.788055,-19.29938507080078,19.29938507080078,False,0.0,False
13,90,73,93.38015,12.781422,-20.380149841308594,20.380149841308594,False,0.0,False
13,91,72,86.71614,12.51919,-14.716140747070312,14.716140747070312,False,0.0,False
13,92,71,84.719,10.617068,-13.719001770019531,13.719001770019531,False,0.0,False
13,93,70,90.338135,11.818741,-20.338134765625,20.338134765625,False,0.0,False
13,94,69,85.20188,12.041007,-16.201881408691406,16.201881408691406,False,0.0,False
13,95,68,80.18122,10.526252,-12.181221008300781,12.181221008300781,False,0.0,False
13,96,67,80.11692,10.99003,-13.116920471191406,13.116920471191406,False,0.0,False
13,97,66,78.03896,10.328669,-12.038963317871094,12.038963317871094,False,0.0,False
13,98,65,79.96927,10.041796,-14.969268798828125,14.969268798828125,False,0.0,False
13,99,64,80.401184,9.857268,-16.40118408203125,16.40118408203125,False,0.0,False
13,100,63,89.042015,9.562309,-26.042015075683594,26.042015075683594,False,0.0,False
13,101,62,86.2141,9.682964,-24.21410369873047,24.21410369873047,False,0.0,False
13,102,61,89.51068,9.975745,-28.51068115234375,28.51068115234375,False,0.0,False
13,103,60,84.3376,11.327826,-24.337600708007812,24.337600708007812,False,0.0,False
13,104,59,79.824326,10.085359,-20.824325561523438,20.824325561523438,False,0.0,False
13,105,58,77.73826,10.185882,-19.738258361816406,19.738258361816406,False,0.0,False
13,106,57,72.87738,9.254766,-15.87738037109375,15.87738037109375,False,0.0,False
13,107,56,66.79775,9.192511,-10.797752380371094,10.797752380371094,False,0.0,False
13,108,55,65.14218,9.219661,-10.142181396484375,10.142181396484375,False,0.0,False
13,109,54,59.3452,8.487155,-5.3451995849609375,5.3451995849609375,False,0.0,False
13,110,53,57.11,7.8397655,-4.1100006103515625,4.1100006103515625,False,0.0,False
13,111,52,65.22703,8.467677,-13.227027893066406,13.227027893066406,False,0.0,False
13,112,51,62.76942,9.088047,-11.769420623779297,11.769420623779297,False,0.0,False
13,113,50,64.45159,10.363423,-14.451591491699219,14.451591491699219,False,0.0,False
13,114,49,57.61079,8.532468,-8.610790252685547,8.610790252685547,False,0.0,False
13,115,48,64.415245,7.610721,-16.415245056152344,16.415245056152344,False,0.0,False
13,116,47,58.0722,7.144729,-11.072200775146484,11.072200775146484,False,0.0,False
13,117,46,53.537785,7.64251,-7.537784576416016,7.537784576416016,False,0.0,False
13,118,45,51.295986,6.8683333,-6.295986175537109,6.295986175537109,False,0.0,False
13,119,44,57.397198,8.383919,-13.397197723388672,13.397197723388672,False,0.0,False
13,120,43,52.77553,7.278998,-9.775531768798828,9.775531768798828,False,0.0,False
13,121,42,53.348087,6.6770573,-11.348087310791016,11.348087310791016,False,0.0,False
13,122,41,50.244297,7.502756,-9.24429702758789,9.24429702758789,False,0.0,False
13,123,40,48.349014,6.1243844,-8.349014282226562,8.349014282226562,False,0.0,False
13,124,39,40.55537,6.2983165,-1.5553703308105469,1.5553703308105469,False,0.0,False
13,125,38,43.73545,6.02993,-5.735450744628906,5.735450744628906,False,0.0,False
13,126,37,45.284145,6.854342,-8.28414535522461,8.28414535522461,False,0.0,False
13,127,36,44.214645,5.119758,-8.214645385742188,8.214645385742188,False,0.0,False
13,128,35,46.506393,7.405947,-11.506393432617188,11.506393432617188,False,0.0,False
13,129,34,51.30664,7.1154485,-17.306640625,17.306640625,False,0.0,False
13,130,33,48.842175,7.125401,-15.842174530029297,15.842174530029297,False,0.0,False
13,131,32,39.66066,5.507981,-7.6606597900390625,7.6606597900390625,False,0.0,False
13,132,31,36.739716,5.774394,-5.739715576171875,5.739715576171875,False,0.0,False
13,133,30,32.805,5.227928,-2.8050003051757812,2.8050003051757812,False,0.0,False
13,134,29,35.696804,5.4354215,-6.696804046630859,6.696804046630859,False,0.0,False
13,135,28,35.37263,5.9633045,-7.372631072998047,7.372631072998047,False,0.0,False
13,136,27,31.653467,4.8392377,-4.653467178344727,4.653467178344727,False,0.0,False
13,137,26,32.08386,4.905549,-6.083858489990234,6.083858489990234,False,0.0,False
13,138,25,29.285837,5.5011344,-4.285837173461914,4.285837173461914,False,0.0,False
13,139,24,30.136292,4.815385,-6.13629150390625,6.13629150390625,False,0.0,False
13,140,23,30.574194,4.823836,-7.574193954467773,7.574193954467773,False,0.0,False
13,141,22,27.69689,3.8402445,-5.696889877319336,5.696889877319336,False,0.0,False
13,142,21,23.30363,4.016522,-2.303630828857422,2.303630828857422,False,0.0,False
13,143,20,25.839502,4.048073,-5.839502334594727,5.839502334594727,False,0.0,False
13,144,19,19.465551,3.7477734,-0.46555137634277344,0.46555137634277344,False,0.02,False
13,145,18,20.559063,3.1819499,-2.559062957763672,2.559062957763672,False,0.0,False
13,146,17,18.666105,3.1667671,-1.6661052703857422,1.6661052703857422,False,0.0,False
13,147,16,20.523964,3.3563251,-4.523963928222656,4.523963928222656,False,0.0,False
13,148,15,18.735634,2.8175304,-3.7356338500976562,3.7356338500976562,False,0.0,False
13,149,14,18.303886,3.1636693,-4.303886413574219,4.303886413574219,False,0.0,False
13,150,13,18.523474,3.1353233,-5.523473739624023,5.523473739624023,False,0.02,False
13,151,12,17.127851,2.9728599,-5.127851486206055,5.127851486206055,False,0.02,False
13,152,11,15.991005,2.1870174,-4.991004943847656,4.991004943847656,False,0.02,False
13,153,10,17.187109,2.895045,-7.187108993530273,7.187108993530273,False,0.0,False
13,154,9,16.50178,2.5499997,-7.501779556274414,7.501779556274414,False,0.02,False
13,155,8,12.508431,2.2760715,-4.508431434631348,4.508431434631348,False,0.16,False
13,156,7,10.660836,1.8878965,-3.6608362197875977,3.6608362197875977,False,0.44,True
13,157,6,9.311936,1.4921914,-3.311936378479004,3.311936378479004,False,0.68,True
13,158,5,12.825669,1.7468984,-7.825669288635254,7.825669288635254,False,0.02,False
13,159,4,9.9433975,1.4242854,-5.943397521972656,5.943397521972656,True,0.48,True
13,160,3,8.732761,1.3342199,-5.732761383056641,5.732761383056641,True,0.84,True
13,161,2,8.437449,1.4368612,-6.4374494552612305,6.4374494552612305,True,0.86,True
13,162,1,6.8498945,1.240306,-5.8498945236206055,5.8498945236206055,True,1.0,True
13,163,0,7.4756126,1.1664963,-7.475612640380859,7.475612640380859,True,0.98,True
19,1,140,126.6859,16.992426,13.314102172851562,13.314102172851562,False,0.0,False
19,2,140,118.81198,16.662132,21.188018798828125,21.188018798828125,False,0.0,False
19,3,140,120.60591,18.009352,19.394088745117188,19.394088745117188,False,0.0,False
19,4,140,119.067215,13.752011,20.932785034179688,20.932785034179688,False,0.0,False
19,5,140,110.74536,17.684624,29.254638671875,29.254638671875,False,0.0,False
19,6,140,116.33704,15.842223,23.66295623779297,23.66295623779297,False,0.0,False
19,7,140,119.814255,13.942573,20.185745239257812,20.185745239257812,False,0.0,False
19,8,140,115.95172,14.537542,24.04827880859375,24.04827880859375,False,0.0,False
19,9,140,111.50808,13.4136915,28.491920471191406,28.491920471191406,False,0.0,False
19,10,140,114.71923,16.275839,25.28076934814453,25.28076934814453,False,0.0,False
19,11,140,112.96192,15.601571,27.03807830810547,27.03807830810547,False,0.0,False
19,12,140,112.07665,13.213035,27.92334747314453,27.92334747314453,False,0.0,False
19,13,140,121.1086,14.328603,18.891403198242188,18.891403198242188,False,0.0,False
19,14,140,115.89294,13.497067,24.10706329345703,24.10706329345703,False,0.0,False
19,15,140,113.145226,14.662571,26.854774475097656,26.854774475097656,False,0.0,False
19,16,140,111.04369,12.542847,28.95630645751953,28.95630645751953,False,0.0,False
19,17,140,111.04866,16.430637,28.951339721679688,28.951339721679688,False,0.0,False
19,18,140,103.51832,15.440841,36.48168182373047,36.48168182373047,False,0.0,False
19,19,139,95.8044,15.283307,43.19560241699219,43.19560241699219,False,0.0,False
19,20,138,111.901474,14.448468,26.098526000976562,26.098526000976562,False,0.0,False
19,21,137,110.48323,16.062048,26.516769409179688,26.516769409179688,False,0.0,False
19,22,136,119.33946,18.574738,16.660537719726562,16.660537719726562,False,0.0,False
19,23,135,116.25328,14.394818,18.746719360351562,18.746719360351562,False,0.0,False
19,24,134,120.363106,15.561014,13.636894226074219,13.636894226074219,False,0.0,False
19,25,133,117.4362,14.254119,15.563796997070312,15.563796997070312,False,0.0,False
19,26,132,119.20428,15.2370205,12.795722961425781,12.795722961425781,False,0.0,False
19,27,131,109.9444,13.697908,21.05560302734375,21.05560302734375,False,0.0,False
19,28,130,117.384186,13.224424,12.615814208984375,12.615814208984375,False,0.0,False
19,29,129,113.22289,15.742936,15.777107238769531,15.777107238769531,False,0.0,False
19,30,128,115.40998,15.425522,12.590019226074219,12.590019226074219,False,0.0,False
19,31,127,103.89603,15.166271,23.103973388671875,23.103973388671875,False,0.0,False
19,32,126,113.28191,15.288374,12.718086242675781,12.718086242675781,False,0.0,False
19,33,125,104.61749,14.25068,20.38250732421875,20.38250732421875,False,0.0,False
19,34,124,103.094284,10.924873,20.905715942382812,20.905715942382812,False,0.0,False
19,35,123,95.37943,13.535806,27.620567321777344,27.620567321777344,False,0.0,False
19,36,122,101.080154,12.610557,20.919845581054688,20.919845581054688,False,0.0,False
19,37,121,103.93836,12.359014,17.06163787841797,17.06163787841797,False,0.0,False
19,38,120,112.33939,15.09173,7.660606384277344,7.660606384277344,False,0.0,False
19,39,119,114.895164,15.052841,4.104835510253906,4.104835510253906,False,0.0,False
19,40,118,117.17945,13.456281,0.8205490112304688,0.8205490112304688,False,0.0,False
19,41,117,118.067375,16.41579,-1.0673751831054688,1.0673751831054688,False,0.0,False
19,42,116,116.39149,17.32145,-0.39148712158203125,0.39148712158203125,False,0.0,False
19,43,115,113.68285,15.416164,1.3171463012695312,1.3171463012695312,False,0.0,False
19,44,114,115.15304,16.579985,-1.1530380249023438,1.1530380249023438,False,0.0,False
19,45,113,115.056366,14.689241,-2.056365966796875,2.056365966796875,False,0.0,False
19,46,112,112.21435,17.208178,-0.21434783935546875,0.21434783935546875,False,0.0,False
19,47,111,111.40162,14.09288,-0.40161895751953125,0.40161895751953125,False,0.0,False
19,48,110,111.26417,16.355167,-1.2641677856445312,1.2641677856445312,False,0.0,False
19,49,109,113.525604,12.996356,-4.525604248046875,4.525604248046875,False,0.0,False
19,50,108,117.70556,15.264961,-9.705558776855469,9.705558776855469,False,0.0,False
19,51,107,116.20976,16.750666,-9.209762573242188,9.209762573242188,False,0.0,False
19,52,106,118.19143,15.261911,-12.191429138183594,12.191429138183594,False,0.0,False
19,53,105,117.10729,14.299398,-12.107292175292969,12.107292175292969,False,0.0,False
19,54,104,105.860466,15.745328,-1.8604660034179688,1.8604660034179688,False,0.0,False
19,55,103,111.254,13.5190525,-8.253997802734375,8.253997802734375,False,0.0,False
19,56,102,105.801575,17.730309,-3.80157470703125,3.80157470703125,False,0.0,False
19,57,101,104.21826,13.405318,-3.21826171875,3.21826171875,False,0.0,False
19,58,100,104.78065,15.56379,-4.780647277832031,4.780647277832031,False,0.0,False
19,59,99,108.29662,13.712856,-9.296623229980469,9.296623229980469,False,0.0,False
19,60,98,103.63837,15.067688,-5.63836669921875,5.63836669921875,False,0.0,False
19,61,97,105.86597,15.290145,-8.865966796875,8.865966796875,False,0.0,False
19,62,96,98.828255,14.302813,-2.8282546997070312,2.8282546997070312,False,0.0,False
19,63,95,101.00622,16.85659,-6.006217956542969,6.006217956542969,False,0.0,False
19,64,94,103.90835,16.00668,-9.908348083496094,9.908348083496094,False,0.0,False
19,65,93,108.34016,15.786299,-15.340156555175781,15.340156555175781,False,0.0,False
19,66,92,107.35776,13.600658,-15.357757568359375,15.357757568359375,False,0.0,False
19,67,91,89.118835,15.026301,1.88116455078125,1.88116455078125,False,0.0,False
19,68,90,108.74664,17.133003,-18.74664306640625,18.74664306640625,False,0.0,False
19,69,89,100.600555,13.67903,-11.600555419921875,11.600555419921875,False,0.0,False
19,70,88,95.733475,16.074512,-7.7334747314453125,7.7334747314453125,False,0.0,False
19,71,87,97.17509,17.172258,-10.175086975097656,10.175086975097656,False,0.0,False
19,72,86,99.40862,14.15663,-13.408622741699219,13.408622741699219,False,0.0,False
19,73,85,97.35918,16.987116,-12.359176635742188,12.359176635742188,False,0.0,False
19,74,84,107.98872,10.336795,-23.988723754882812,23.988723754882812,False,0.0,False
19,75,83,108.296524,17.341766,-25.296524047851562,25.296524047851562,False,0.0,False
19,76,82,106.506096,13.715333,-24.50609588623047,24.50609588623047,False,0.0,False
19,77,81,108.196686,15.907925,-27.196685791015625,27.196685791015625,False,0.0,False
19,78,80,113.798904,12.645847,-33.79890441894531,33.79890441894531,False,0.0,False
19,79,79,99.4061,14.466322,-20.406097412109375,20.406097412109375,False,0.0,False
19,80,78,87.41049,18.107878,-9.410491943359375,9.410491943359375,False,0.0,False
19,81,77,101.09686,13.128824,-24.09686279296875,24.09686279296875,False,0.0,False
19,82,76,96.87961,15.840281,-20.879608154296875,20.879608154296875,False,0.0,False
19,83,75,72.193855,12.885196,2.8061447143554688,2.8061447143554688,False,0.0,False
19,84,74,89.28791,14.427525,-15.287910461425781,15.287910461425781,False,0.0,False
19,85,73,87.98956,15.986279,-14.98956298828125,14.98956298828125,False,0.0,False
19,86,72,83.343895,15.763281,-11.343894958496094,11.343894958496094,False,0.0,False
19,87,71,82.64362,15.095885,-11.643623352050781,11.643623352050781,False,0.0,False
19,88,70,76.18631,14.947175,-6.186309814453125,6.186309814453125,False,0.0,False
19,89,69,63.325146,11.796557,5.674854278564453,5.674854278564453,False,0.0,False
19,90,68,60.464935,10.731542,7.535064697265625,7.535064697265625,False,0.0,False
19,91,67,62.94269,11.632337,4.057308197021484,4.057308197021484,False,0.0,False
19,92,66,57.40845,12.624405,8.591548919677734,8.591548919677734,False,0.0,False
19,93,65,57.46298,14.151423,7.537021636962891,7.537021636962891,False,0.0,False
19,94,64,84.09367,15.315156,-20.093673706054688,20.093673706054688,False,0.0,False
19,95,63,64.50837,14.689102,-1.5083694458007812,1.5083694458007812,False,0.0,False
19,96,62,66.79348,14.947359,-4.793479919433594,4.793479919433594,False,0.0,False
19,97,61,59.92109,15.741866,1.0789108276367188,1.0789108276367188,False,0.0,False
19,98,60,72.778046,14.051825,-12.778045654296875,12.778045654296875,False,0.0,False
19,99,59,68.54979,13.12477,-9.549789428710938,9.549789428710938,False,0.0,False
19,100,58,55.40013,12.707227,2.5998687744140625,2.5998687744140625,False,0.0,False
19,101,57,67.2787,11.375717,-10.278701782226562,10.278701782226562,False,0.0,False
19,102,56,67.783554,14.731352,-11.783554077148438,11.783554077148438,False,0.0,False
19,103,55,80.260414,15.101494,-25.260414123535156,25.260414123535156,False,0.0,False
19,104,54,61.768032,13.945688,-7.768032073974609,7.768032073974609,False,0.0,False
19,105,53,57.730972,10.127177,-4.7309722900390625,4.7309722900390625,False,0.0,False
19,106,52,50.35798,13.950087,1.6420211791992188,1.6420211791992188,False,0.0,False
19,107,51,61.48411,11.364835,-10.484111785888672,10.484111785888672,False,0.0,False
19,108,50,47.37713,12.835555,2.6228713989257812,2.6228713989257812,False,0.0,False
19,109,49,45.429893,10.858571,3.5701065063476562,3.5701065063476562,False,0.0,False
19,110,48,48.88323,13.017106,-0.8832283020019531,0.8832283020019531,False,0.0,False
19,111,47,51.895477,14.494533,-4.895477294921875,4.895477294921875,False,0.0,False
19,112,46,46.16405,15.549536,-0.16405105590820312,0.16405105590820312,False,0.0,False
19,113,45,44.073593,12.678376,0.9264068603515625,0.9264068603515625,False,0.02,False
19,114,44,45.483852,14.022388,-1.4838523864746094,1.4838523864746094,False,0.0,False
19,115,43,48.135544,14.724715,-5.1355438232421875,5.1355438232421875,False,0.0,False
19,116,42,49.55375,12.450218,-7.553749084472656,7.553749084472656,False,0.0,False
19,117,41,54.889072,13.40474,-13.88907241821289,13.88907241821289,False,0.0,False
19,118,40,51.954037,14.0795355,-11.954036712646484,11.954036712646484,False,0.0,False
19,119,39,46.490322,15.29786,-7.490322113037109,7.490322113037109,False,0.02,False
19,120,38,44.015587,12.0590105,-6.015586853027344,6.015586853027344,False,0.0,False
19,121,37,41.20979,11.6090555,-4.209789276123047,4.209789276123047,False,0.0,False
19,122,36,30.477364,16.130463,5.522636413574219,5.522636413574219,False,0.12,False
19,123,35,28.307585,13.436021,6.692415237426758,6.692415237426758,False,0.08,False
19,124,34,21.945244,12.28673,12.054756164550781,12.054756164550781,False,0.22,False
19,125,33,20.719782,14.553578,12.280218124389648,12.280218124389648,False,0.3,True
19,126,32,32.910156,14.541185,-0.91015625,0.91015625,False,0.08,False
19,127,31,33.428715,17.287127,-2.4287147521972656,2.4287147521972656,False,0.1,False
19,128,30,31.80428,13.041041,-1.8042793273925781,1.8042793273925781,False,0.04,False
19,129,29,38.10959,12.544309,-9.109588623046875,9.109588623046875,False,0.02,False
19,130,28,37.813496,13.860371,-9.813495635986328,9.813495635986328,False,0.02,False
19,131,27,31.515024,13.411353,-4.515024185180664,4.515024185180664,False,0.06,False
19,132,26,28.14005,13.2670355,-2.1400508880615234,2.1400508880615234,False,0.04,False
19,133,25,22.297182,11.350702,2.702817916870117,2.702817916870117,False,0.12,False
19,134,24,19.076694,11.865726,4.923305511474609,4.923305511474609,False,0.2,False
19,135,23,23.411125,16.089334,-0.41112518310546875,0.41112518310546875,False,0.22,False
19,136,22,17.242699,17.380615,4.757301330566406,4.757301330566406,False,0.3,True
19,137,21,19.768244,16.295473,1.2317562103271484,1.2317562103271484,False,0.28,False
19,138,20,20.625847,15.304496,-0.6258468627929688,0.6258468627929688,False,0.22,False
19,139,19,20.662197,15.48702,-1.6621971130371094,1.6621971130371094,False,0.26,False
19,140,18,17.212444,13.064305,0.7875556945800781,0.7875556945800781,False,0.34,True
19,141,17,20.063055,13.851427,-3.0630550384521484,3.0630550384521484,False,0.22,False
19,142,16,16.20458,14.128854,-0.20458030700683594,0.20458030700683594,False,0.34,True
19,143,15,16.99509,11.436828,-1.9950904846191406,1.9950904846191406,False,0.3,True
19,144,14,14.255262,13.445285,-0.2552623748779297,0.2552623748779297,False,0.34,True
19,145,13,17.316395,15.4685135,-4.316394805908203,4.316394805908203,False,0.28,False
19,146,12,13.551715,15.175708,-1.5517148971557617,1.5517148971557617,False,0.4,True
19,147,11,12.075414,13.485455,-1.075413703918457,1.075413703918457,False,0.46,True
19,148,10,13.222699,16.257727,-3.2226991653442383,3.2226991653442383,False,0.42,True
19,149,9,13.082707,13.412481,-4.082707405090332,4.082707405090332,False,0.46,True
19,150,8,14.69433,13.09096,-6.694330215454102,6.694330215454102,False,0.36,True
19,151,7,14.3089,11.991751,-7.308899879455566,7.308899879455566,False,0.42,True
19,152,6,10.93874,12.899001,-4.938739776611328,4.938739776611328,False,0.5,True
19,153,5,9.672628,10.739313,-4.672628402709961,4.672628402709961,False,0.52,True
19,154,4,9.648437,14.048396,-5.648436546325684,5.648436546325684,True,0.54,True
19,155,3,8.806293,10.633213,-5.806292533874512,5.806292533874512,True,0.52,True
19,156,2,9.567281,11.1994915,-7.5672807693481445,7.5672807693481445,True,0.56,True
19,157,1,6.4736323,13.020283,-5.473632335662842,5.473632335662842,True,0.6,True
19,158,0,7.2660832,12.747236,-7.266083240509033,7.266083240509033,True,0.6,True
23,1,140,125.090324,13.521189,14.909675598144531,14.909675598144531,False,0.0,False
23,2,140,112.50719,15.792378,27.492813110351562,27.492813110351562,False,0.0,False
23,3,140,114.20242,15.050647,25.797576904296875,25.797576904296875,False,0.0,False
23,4,140,115.71445,14.361178,24.285552978515625,24.285552978515625,False,0.0,False
23,5,140,117.30776,13.760231,22.692237854003906,22.692237854003906,False,0.0,False
23,6,140,110.22765,13.675665,29.77234649658203,29.77234649658203,False,0.0,False
23,7,140,117.226875,13.249179,22.77312469482422,22.77312469482422,False,0.0,False
23,8,140,120.03365,13.611888,19.966346740722656,19.966346740722656,False,0.0,False
23,9,140,115.20623,18.022861,24.79376983642578,24.79376983642578,False,0.0,False
23,10,140,117.66298,14.48636,22.337020874023438,22.337020874023438,False,0.0,False
23,11,140,120.60269,16.55002,19.397308349609375,19.397308349609375,False,0.0,False
23,12,140,127.64703,16.000505,12.35296630859375,12.35296630859375,False,0.0,False
23,13,140,118.28262,14.0882845,21.717376708984375,21.717376708984375,False,0.0,False
23,14,140,122.47967,17.074759,17.52033233642578,17.52033233642578,False,0.0,False
23,15,140,114.01921,14.483357,25.980789184570312,25.980789184570312,False,0.0,False
23,16,140,117.805626,15.693361,22.194374084472656,22.194374084472656,False,0.0,False
23,17,140,112.02654,14.379359,27.97345733642578,27.97345733642578,False,0.0,False
23,18,140,117.38084,16.041172,22.619163513183594,22.619163513183594,False,0.0,False
23,19,140,109.012054,16.134077,30.987945556640625,30.987945556640625,False,0.0,False
23,20,140,117.34888,13.672776,22.651123046875,22.651123046875,False,0.0,False
23,21,140,108.38372,15.477275,31.61627960205078,31.61627960205078,False,0.0,False
23,22,140,110.275345,13.422801,29.724655151367188,29.724655151367188,False,0.0,False
23,23,140,109.92307,14.632689,30.076927185058594,30.076927185058594,False,0.0,False
23,24,140,118.52427,17.488787,21.475730895996094,21.475730895996094,False,0.0,False
23,25,140,118.26019,11.85855,21.73980712890625,21.73980712890625,False,0.0,False
23,26,140,121.61945,15.335526,18.38054656982422,18.38054656982422,False,0.0,False
23,27,140,121.733864,17.254932,18.266136169433594,18.266136169433594,False,0.0,False
23,28,140,120.05339,18.143873,19.946609497070312,19.946609497070312,False,0.0,False
23,29,139,118.10058,15.026954,20.89942169189453,20.89942169189453,False,0.0,False
23,30,138,118.21881,16.555117,19.78118896484375,19.78118896484375,False,0.0,False
23,31,137,111.85626,15.861978,25.14373779296875,25.14373779296875,False,0.0,False
23,32,136,109.31031,13.438056,26.68968963623047,26.68968963623047,False,0.0,False
23,33,135,110.10124,16.183071,24.898757934570312,24.898757934570312,False,0.0,False
23,34,134,107.21447,14.360847,26.78553009033203,26.78553009033203,False,0.0,False
23,35,133,106.2703,14.731902,26.729698181152344,26.729698181152344,False,0.0,False
23,36,132,108.769104,14.765998,23.23089599609375,23.23089599609375,False,0.0,False
23,37,131,113.78972,11.36083,17.210281372070312,17.210281372070312,False,0.0,False
23,38,130,114.16988,13.536896,15.830116271972656,15.830116271972656,False,0.0,False
23,39,129,116.94001,14.481491,12.059989929199219,12.059989929199219,False,0.0,False
23,40,128,121.018,16.502386,6.982002258300781,6.982002258300781,False,0.0,False
23,41,127,118.01848,17.387009,8.981521606445312,8.981521606445312,False,0.0,False
23,42,126,116.76745,13.58328,9.232551574707031,9.232551574707031,False,0.0,False
23,43,125,115.02895,14.6502495,9.971046447753906,9.971046447753906,False,0.0,False
23,44,124,113.76079,15.960665,10.239212036132812,10.239212036132812,False,0.0,False
23,45,123,106.43628,13.774835,16.563720703125,16.563720703125,False,0.0,False
23,46,122,107.189514,14.813101,14.81048583984375,14.81048583984375,False,0.0,False
23,47,121,101.0804,16.555557,19.919601440429688,19.919601440429688,False,0.0,False
23,48,120,104.73936,14.983218,15.260643005371094,15.260643005371094,False,0.0,False
23,49,119,115.593895,15.279599,3.4061050415039062,3.4061050415039062,False,0.0,False
23,50,118,110.39633,15.23089,7.603668212890625,7.603668212890625,False,0.0,False
23,51,117,112.48417,14.133317,4.515830993652344,4.515830993652344,False,0.0,False
23,52,116,104.6874,15.741165,11.312599182128906,11.312599182128906,False,0.0,False
23,53,115,116.34807,15.915926,-1.3480682373046875,1.3480682373046875,False,0.0,False
23,54,114,108.39341,15.419097,5.606590270996094,5.606590270996094,False,0.0,False
23,55,113,102.99377,13.261679,10.006233215332031,10.006233215332031,False,0.0,False
23,56,112,108.40952,14.30227,3.5904769897460938,3.5904769897460938,False,0.0,False
23,57,111,117.5246,17.669252,-6.52459716796875,6.52459716796875,False,0.0,False
23,58,110,106.4188,13.501557,3.5811996459960938,3.5811996459960938,False,0.0,False
23,59,109,116.68544,12.863748,-7.6854400634765625,7.6854400634765625,False,0.0,False
23,60,108,111.88044,14.142209,-3.8804397583007812,3.8804397583007812,False,0.0,False
23,61,107,111.09548,12.782094,-4.095481872558594,4.095481872558594,False,0.0,False
23,62,106,104.64081,11.410978,1.35919189453125,1.35919189453125,False,0.0,False
23,63,105,110.61653,14.216044,-5.6165313720703125,5.6165313720703125,False,0.0,False
23,64,104,104.62545,14.48734,-0.6254501342773438,0.6254501342773438,False,0.0,False
23,65,103,109.37302,11.729475,-6.373016357421875,6.373016357421875,False,0.0,False
23,66,102,107.31867,10.824558,-5.318672180175781,5.318672180175781,False,0.0,False
23,67,101,109.38362,14.380417,-8.383621215820312,8.383621215820312,False,0.0,False
23,68,100,111.40542,12.952785,-11.405418395996094,11.405418395996094,False,0.0,False
23,69,99,113.58708,15.296272,-14.587081909179688,14.587081909179688,False,0.0,False
23,70,98,114.1072,14.3659725,-16.107200622558594,16.107200622558594,False,0.0,False
23,71,97,113.27874,16.321806,-16.27873992919922,16.27873992919922,False,0.0,False
23,72,96,106.665665,13.963256,-10.665664672851562,10.665664672851562,False,0.0,False
23,73,95,103.110214,16.429564,-8.110214233398438,8.110214233398438,False,0.0,False
23,74,94,99.32367,14.6439085,-5.32366943359375,5.32366943359375,False,0.0,False
23,75,93,103.35544,14.735435,-10.355438232421875,10.355438232421875,False,0.0,False
23,76,92,94.01573,14.4383745,-2.0157318115234375,2.0157318115234375,False,0.0,False
23,77,91,103.6708,13.136597,-12.670799255371094,12.670799255371094,False,0.0,False
23,78,90,100.30482,16.393139,-10.304817199707031,10.304817199707031,False,0.0,False
23,79,89,103.86057,11.6220255,-14.860572814941406,14.860572814941406,False,0.0,False
23,80,88,99.95682,14.535523,-11.956817626953125,11.956817626953125,False,0.0,False
23,81,87,103.477005,13.522171,-16.477005004882812,16.477005004882812,False,0.0,False
23,82,86,104.45229,12.497038,-18.452293395996094,18.452293395996094,False,0.0,False
23,83,85,109.52205,13.813722,-24.522048950195312,24.522048950195312,False,0.0,False
23,84,84,105.391335,14.788548,-21.391334533691406,21.391334533691406,False,0.0,False
23,85,83,107.54036,12.924643,-24.540359497070312,24.540359497070312,False,0.0,False
23,86,82,104.1503,14.280844,-22.150299072265625,22.150299072265625,False,0.0,False
23,87,81,110.88465,15.007784,-29.88465118408203,29.88465118408203,False,0.0,False
23,88,80,106.32425,15.330725,-26.324249267578125,26.324249267578125,False,0.0,False
23,89,79,109.69591,15.226551,-30.695907592773438,30.695907592773438,False,0.0,False
23,90,78,106.071976,13.463368,-28.071975708007812,28.071975708007812,False,0.0,False
23,91,77,107.99811,16.840483,-30.99810791015625,30.99810791015625,False,0.0,False
23,92,76,103.1151,9.703643,-27.115097045898438,27.115097045898438,False,0.0,False
23,93,75,98.461075,11.670981,-23.461074829101562,23.461074829101562,False,0.0,False
23,94,74,97.08316,13.652783,-23.083160400390625,23.083160400390625,False,0.0,False
23,95,73,97.51639,14.390717,-24.516387939453125,24.516387939453125,False,0.0,False
23,96,72,92.79903,10.825377,-20.799026489257812,20.799026489257812,False,0.0,False
23,97,71,102.52209,11.902058,-31.52208709716797,31.52208709716797,False,0.0,False
23,98,70,98.90981,13.29911,-28.909812927246094,28.909812927246094,False,0.0,False
23,99,69,99.07067,12.661051,-30.07067108154297,30.07067108154297,False,0.0,False
23,100,68,82.13889,12.730784,-14.138893127441406,14.138893127441406,False,0.0,False
23,101,67,76.818695,13.98791,-9.818695068359375,9.818695068359375,False,0.0,False
23,102,66,72.08248,11.900454,-6.082481384277344,6.082481384277344,False,0.0,False
23,103,65,85.47634,14.497311,-20.476341247558594,20.476341247558594,False,0.0,False
23,104,64,86.808014,13.294875,-22.808013916015625,22.808013916015625,False,0.0,False
23,105,63,90.42776,11.648112,-27.427757263183594,27.427757263183594,False,0.0,False
23,106,62,97.34076,13.272077,-35.34075927734375,35.34075927734375,False,0.0,False
23,107,61,77.8662,12.219377,-16.86620330810547,16.86620330810547,False,0.0,False
23,108,60,79.04252,15.209283,-19.042518615722656,19.042518615722656,False,0.0,False
23,109,59,86.728836,12.848347,-27.728836059570312,27.728836059570312,False,0.0,False
23,110,58,88.25332,13.422706,-30.253318786621094,30.253318786621094,False,0.0,False
23,111,57,82.634544,13.67772,-25.634544372558594,25.634544372558594,False,0.0,False
23,112,56,98.44546,14.642368,-42.445457458496094,42.445457458496094,False,0.0,False
23,113,55,87.27695,12.65703,-32.276947021484375,32.276947021484375,False,0.0,False
23,114,54,89.77697,9.838811,-35.77696990966797,35.77696990966797,False,0.0,False
23,115,53,65.6849,9.843145,-12.684898376464844,12.684898376464844,False,0.0,False
23,116,52,60.67257,13.824905,-8.672569274902344,8.672569274902344,False,0.0,False
23,117,51,54.310123,12.683673,-3.3101234436035156,3.3101234436035156,False,0.0,False
23,118,50,60.65587,12.332004,-10.655868530273438,10.655868530273438,False,0.0,False
23,119,49,56.952465,11.483835,-7.952465057373047,7.952465057373047,False,0.0,False
23,120,48,51.57316,15.23599,-3.5731582641601562,3.5731582641601562,False,0.0,False
23,121,47,51.514748,10.694097,-4.514747619628906,4.514747619628906,False,0.0,False
23,122,46,59.352333,9.104592,-13.352333068847656,13.352333068847656,False,0.0,False
23,123,45,53.222603,11.153363,-8.222602844238281,8.222602844238281,False,0.0,False
23,124,44,58.843414,10.994024,-14.843414306640625,14.843414306640625,False,0.0,False
23,125,43,62.079903,13.930516,-19.07990264892578,19.07990264892578,False,0.0,False
23,126,42,61.689808,12.951354,-19.689807891845703,19.689807891845703,False,0.0,False
23,127,41,56.87374,12.289022,-15.873741149902344,15.873741149902344,False,0.0,False
23,128,40,54.612778,13.286021,-14.612777709960938,14.612777709960938,False,0.0,False
23,129,39,45.081955,15.287904,-6.0819549560546875,6.0819549560546875,False,0.02,False
23,130,38,33.916634,10.973439,4.083366394042969,4.083366394042969,False,0.0,False
23,131,37,29.379145,12.3957,7.620855331420898,7.620855331420898,False,0.04,False
23,132,36,24.093683,12.380538,11.906316757202148,11.906316757202148,False,0.14,False
23,133,35,27.741203,9.024343,7.258796691894531,7.258796691894531,False,0.02,False
23,134,34,32.437477,9.81572,1.5625228881835938,1.5625228881835938,False,0.0,False
23,135,33,33.96545,11.003332,-0.9654502868652344,0.9654502868652344,False,0.02,False
23,136,32,34.535027,10.862008,-2.5350265502929688,2.5350265502929688,False,0.02,False
23,137,31,37.66678,10.431207,-6.666778564453125,6.666778564453125,False,0.0,False
23,138,30,42.11913,9.919104,-12.119129180908203,12.119129180908203,False,0.0,False
23,139,29,32.569447,11.855689,-3.569446563720703,3.569446563720703,False,0.04,False
23,140,28,39.326664,11.3463745,-11.326663970947266,11.326663970947266,False,0.02,False
23,141,27,37.754993,12.450913,-10.754993438720703,10.754993438720703,False,0.02,False
23,142,26,29.603498,11.638853,-3.6034984588623047,3.6034984588623047,False,0.08,False
23,143,25,25.045961,11.323362,-0.04596138000488281,0.04596138000488281,False,0.08,False
23,144,24,33.223812,12.082449,-9.223812103271484,9.223812103271484,False,0.0,False
23,145,23,27.845615,12.002186,-4.845615386962891,4.845615386962891,False,0.02,False
23,146,22,28.987608,14.048211,-6.987607955932617,6.987607955932617,False,0.08,False
23,147,21,33.753967,9.023695,-12.75396728515625,12.75396728515625,False,0.0,False
23,148,20,34.41493,10.025862,-14.414928436279297,14.414928436279297,False,0.0,False
23,149,19,24.480757,12.745582,-5.480756759643555,5.480756759643555,False,0.16,False
23,150,18,21.931574,11.836531,-3.9315738677978516,3.9315738677978516,False,0.16,False
23,151,17,21.417265,10.002264,-4.417264938354492,4.417264938354492,False,0.16,False
23,152,16,16.501974,9.691285,-0.5019741058349609,0.5019741058349609,False,0.32,True
23,153,15,23.10103,9.121125,-8.101030349731445,8.101030349731445,False,0.1,False
23,154,14,18.404104,10.446675,-4.404104232788086,4.404104232788086,False,0.2,False
23,155,13,23.474792,12.064468,-10.47479248046875,10.47479248046875,False,0.12,False
23,156,12,23.614296,11.882637,-11.614295959472656,11.614295959472656,False,0.1,False
23,157,11,25.393085,13.196231,-14.393085479736328,14.393085479736328,False,0.14,False
23,158,10,20.12571,12.712237,-10.125709533691406,10.125709533691406,False,0.2,False
23,159,9,22.977764,10.371267,-13.977764129638672,13.977764129638672,False,0.1,False
23,160,8,19.434446,8.867397,-11.434446334838867,11.434446334838867,False,0.14,False
23,161,7,17.654388,10.247454,-10.654388427734375,10.654388427734375,False,0.26,False
23,162,6,20.640503,9.756802,-14.6405029296875,14.6405029296875,False,0.18,False
23,163,5,23.225204,10.871758,-18.225204467773438,18.225204467773438,False,0.12,False
23,164,4,18.254694,9.590275,-14.254693984985352,14.254693984985352,True,0.16,False
23,165,3,15.05381,8.317464,-12.053810119628906,12.053810119628906,True,0.2,False
23,166,2,10.427284,9.274322,-8.427284240722656,8.427284240722656,True,0.44,True
23,167,1,10.681136,8.841331,-9.681136131286621,9.681136131286621,True,0.38,True
23,168,0,8.952968,9.016268,-8.952967643737793,8.952967643737793,True,0.52,True
31,1,140,141.79755,20.50821,-1.79754638671875,1.79754638671875,False,0.0,False
31,2,140,142.01323,18.842752,-2.0132293701171875,2.0132293701171875,False,0.0,False
31,3,140,138.33488,20.954556,1.6651153564453125,1.6651153564453125,False,0.0,False
31,4,140,142.34024,17.581062,-2.340240478515625,2.340240478515625,False,0.0,False
31,5,140,144.41783,16.534485,-4.4178314208984375,4.4178314208984375,False,0.0,False
31,6,140,143.03047,17.867031,-3.0304718017578125,3.0304718017578125,False,0.0,False
31,7,140,145.16322,20.030483,-5.1632232666015625,5.1632232666015625,False,0.0,False
31,8,140,144.43654,18.88274,-4.4365386962890625,4.4365386962890625,False,0.0,False
31,9,140,143.44072,18.813053,-3.4407196044921875,3.4407196044921875,False,0.0,False
31,10,140,141.08948,22.00343,-1.0894775390625,1.0894775390625,False,0.0,False
31,11,140,143.87317,15.131423,-3.8731689453125,3.8731689453125,False,0.0,False
31,12,140,134.4318,20.448807,5.568206787109375,5.568206787109375,False,0.0,False
31,13,140,138.07231,19.819168,1.9276885986328125,1.9276885986328125,False,0.0,False
31,14,140,140.64543,17.2732,-0.6454315185546875,0.6454315185546875,False,0.0,False
31,15,140,144.3445,19.729975,-4.3444976806640625,4.3444976806640625,False,0.0,False
31,16,140,142.06238,18.33682,-2.0623779296875,2.0623779296875,False,0.0,False
31,17,140,145.19199,21.51036,-5.191986083984375,5.191986083984375,False,0.0,False
31,18,140,140.03625,22.01468,-0.0362548828125,0.0362548828125,False,0.0,False
31,19,140,139.82765,19.774832,0.1723480224609375,0.1723480224609375,False,0.0,False
31,20,140,142.12247,20.209291,-2.122467041015625,2.122467041015625,False,0.0,False
31,21,140,140.92831,20.620907,-0.928314208984375,0.928314208984375,False,0.0,False
31,22,140,133.31476,21.747274,6.68524169921875,6.68524169921875,False,0.0,False
31,23,140,132.96455,16.540182,7.0354461669921875,7.0354461669921875,False,0.0,False
31,24,140,142.04167,18.833567,-2.0416717529296875,2.0416717529296875,False,0.0,False
31,25,140,138.66516,15.730644,1.3348388671875,1.3348388671875,False,0.0,False
31,26,140,136.30292,17.178757,3.69708251953125,3.69708251953125,False,0.0,False
31,27,140,134.0032,17.257927,5.996795654296875,5.996795654296875,False,0.0,False
31,28,140,133.1166,14.0592785,6.8834075927734375,6.8834075927734375,False,0.0,False
31,29,140,132.3712,21.670013,7.6287994384765625,7.6287994384765625,False,0.0,False
31,30,140,132.62868,13.269183,7.3713226318359375,7.3713226318359375,False,0.0,False
31,31,140,133.90366,18.05522,6.096343994140625,6.096343994140625,False,0.0,False
31,32,140,137.12553,16.700563,2.8744659423828125,2.8744659423828125,False,0.0,False
31,33,140,134.7841,18.315891,5.2158966064453125,5.2158966064453125,False,0.0,False
31,34,140,137.40837,18.210413,2.5916290283203125,2.5916290283203125,False,0.0,False
31,35,140,140.9258,17.833044,-0.9257965087890625,0.9257965087890625,False,0.0,False
31,36,140,137.81483,19.027588,2.1851654052734375,2.1851654052734375,False,0.0,False
31,37,140,139.05708,17.777575,0.9429168701171875,0.9429168701171875,False,0.0,False
31,38,140,142.18204,21.87886,-2.182037353515625,2.182037353515625,False,0.0,False
31,39,140,141.28566,19.758446,-1.2856597900390625,1.2856597900390625,False,0.0,False
31,40,140,135.79071,17.739346,4.20928955078125,4.20928955078125,False,0.0,False
31,41,140,132.54138,18.693047,7.4586181640625,7.4586181640625,False,0.0,False
31,42,140,139.28612,19.46455,0.7138824462890625,0.7138824462890625,False,0.0,False
31,43,140,134.009,18.08322,5.990997314453125,5.990997314453125,False,0.0,False
31,44,140,129.96344,18.466265,10.03656005859375,10.03656005859375,False,0.0,False
31,45,140,136.74667,19.475466,3.253326416015625,3.253326416015625,False,0.0,False
31,46,140,130.72256,19.075706,9.277435302734375,9.277435302734375,False,0.0,False
31,47,140,133.5247,16.64015,6.4752960205078125,6.4752960205078125,False,0.0,False
31,48,140,135.72919,21.568686,4.27081298828125,4.27081298828125,False,0.0,False
31,49,140,137.47115,21.423977,2.5288543701171875,2.5288543701171875,False,0.0,False
31,50,140,141.8255,19.299843,-1.82550048828125,1.82550048828125,False,0.0,False
31,51,140,144.17447,24.155169,-4.174468994140625,4.174468994140625,False,0.0,False
31,52,140,150.09232,16.726915,-10.092315673828125,10.092315673828125,False,0.0,False
31,53,140,140.30728,19.159286,-0.307281494140625,0.307281494140625,False,0.0,False
31,54,140,140.31259,20.25995,-0.312591552734375,0.312591552734375,False,0.0,False
31,55,140,131.55606,19.313831,8.443939208984375,8.443939208984375,False,0.0,False
31,56,140,134.19774,18.678747,5.8022613525390625,5.8022613525390625,False,0.0,False
31,57,140,142.28137,17.25886,-2.2813720703125,2.2813720703125,False,0.0,False
31,58,140,141.80438,18.509386,-1.80438232421875,1.80438232421875,False,0.0,False
31,59,140,139.00372,18.113842,0.99627685546875,0.99627685546875,False,0.0,False
31,60,140,137.28033,20.346676,2.71966552734375,2.71966552734375,False,0.0,False
31,61,140,136.86015,19.101358,3.1398468017578125,3.1398468017578125,False,0.0,False
31,62,140,129.43947,17.762018,10.560531616210938,10.560531616210938,False,0.0,False
31,63,140,131.42381,20.646553,8.576187133789062,8.576187133789062,False,0.0,False
31,64,140,135.17583,15.654688,4.8241729736328125,4.8241729736328125,False,0.0,False
31,65,140,132.95291,17.80379,7.047088623046875,7.047088623046875,False,0.0,False
31,66,140,128.34428,17.94988,11.655715942382812,11.655715942382812,False,0.0,False
31,67,140,130.30003,18.145685,9.699966430664062,9.699966430664062,False,0.0,False
31,68,140,126.62422,17.114645,13.375778198242188,13.375778198242188,False,0.0,False
31,69,140,130.54608,17.538902,9.45391845703125,9.45391845703125,False,0.0,False
31,70,140,132.38771,15.936197,7.6122894287109375,7.6122894287109375,False,0.0,False
31,71,140,131.30449,16.040054,8.695510864257812,8.695510864257812,False,0.0,False
31,72,140,141.06126,16.231321,-1.0612640380859375,1.0612640380859375,False,0.0,False
31,73,140,138.86958,18.062927,1.1304168701171875,1.1304168701171875,False,0.0,False
31,74,140,129.52036,17.410952,10.479644775390625,10.479644775390625,False,0.0,False
31,75,140,130.64526,21.56488,9.354736328125,9.354736328125,False,0.0,False
31,76,140,132.75818,15.945561,7.2418212890625,7.2418212890625,False,0.0,False
31,77,140,123.121025,18.963512,16.87897491455078,16.87897491455078,False,0.0,False
31,78,140,122.6892,18.267988,17.31079864501953,17.31079864501953,False,0.0,False
31,79,140,126.005,17.016827,13.995002746582031,13.995002746582031,False,0.0,False
31,80,140,124.44545,17.349043,15.554550170898438,15.554550170898438,False,0.0,False
31,81,140,126.801315,15.53071,13.198684692382812,13.198684692382812,False,0.0,False
31,82,140,120.77242,19.579351,19.227577209472656,19.227577209472656,False,0.0,False
31,83,140,125.723885,15.99551,14.276115417480469,14.276115417480469,False,0.0,False
31,84,140,122.638535,15.307105,17.361465454101562,17.361465454101562,False,0.0,False
31,85,140,130.21527,17.359482,9.78472900390625,9.78472900390625,False,0.0,False
31,86,140,128.36176,15.350009,11.63824462890625,11.63824462890625,False,0.0,False
31,87,140,130.52701,17.922182,9.472991943359375,9.472991943359375,False,0.0,False
31,88,140,133.06767,17.282923,6.9323272705078125,6.9323272705078125,False,0.0,False
31,89,140,137.3402,19.092361,2.6598052978515625,2.6598052978515625,False,0.0,False
31,90,140,136.6155,16.640717,3.3845062255859375,3.3845062255859375,False,0.0,False
31,91,140,137.90683,16.237097,2.093170166015625,2.093170166015625,False,0.0,False
31,92,140,137.57028,16.31762,2.429718017578125,2.429718017578125,False,0.0,False
31,93,140,139.68823,19.080559,0.311767578125,0.311767578125,False,0.0,False
31,94,140,132.39346,20.739422,7.606536865234375,7.606536865234375,False,0.0,False
31,95,139,125.38504,16.004616,13.614959716796875,13.614959716796875,False,0.0,False
31,96,138,123.08293,16.347298,14.917068481445312,14.917068481445312,False,0.0,False
31,97,137,129.05273,19.202772,7.947265625,7.947265625,False,0.0,False
31,98,136,131.67244,15.691979,4.3275604248046875,4.3275604248046875,False,0.0,False
31,99,135,131.72319,17.063,3.2768096923828125,3.2768096923828125,False,0.0,False
31,100,134,129.38351,15.2705,4.616485595703125,4.616485595703125,False,0.0,False
31,101,133,129.4549,18.27246,3.54510498046875,3.54510498046875,False,0.0,False
31,102,132,126.83476,18.941452,5.1652374267578125,5.1652374267578125,False,0.0,False
31,103,131,126.92829,19.356955,4.071708679199219,4.071708679199219,False,0.0,False
31,104,130,129.02826,16.594957,0.97174072265625,0.97174072265625,False,0.0,False
31,105,129,129.9362,18.294754,-0.9362030029296875,0.9362030029296875,False,0.0,False
31,106,128,122.46743,20.64729,5.532569885253906,5.532569885253906,False,0.0,False
31,107,127,124.14995,14.417338,2.8500518798828125,2.8500518798828125,False,0.0,False
31,108,126,122.31191,18.228323,3.6880874633789062,3.6880874633789062,False,0.0,False
31,109,125,127.08026,18.224297,-2.08026123046875,2.08026123046875,False,0.0,False
31,110,124,133.87294,15.0874815,-9.872940063476562,9.872940063476562,False,0.0,False
31,111,123,124.96759,19.405207,-1.96759033203125,1.96759033203125,False,0.0,False
31,112,122,130.02779,16.447012,-8.027786254882812,8.027786254882812,False,0.0,False
31,113,121,133.68204,19.76665,-12.682037353515625,12.682037353515625,False,0.0,False
31,114,120,128.7288,18.954815,-8.728805541992188,8.728805541992188,False,0.0,False
31,115,119,128.87715,18.565819,-9.877151489257812,9.877151489257812,False,0.0,False
31,116,118,131.79823,18.248308,-13.798233032226562,13.798233032226562,False,0.0,False
31,117,117,130.3031,15.931097,-13.3031005859375,13.3031005859375,False,0.0,False
31,118,116,126.337555,16.259943,-10.337554931640625,10.337554931640625,False,0.0,False
31,119,115,124.21111,16.067686,-9.211112976074219,9.211112976074219,False,0.0,False
31,120,114,123.67648,15.481621,-9.676483154296875,9.676483154296875,False,0.0,False
31,121,113,125.835175,16.967571,-12.835174560546875,12.835174560546875,False,0.0,False
31,122,112,125.45093,15.9405155,-13.450927734375,13.450927734375,False,0.0,False
31,123,111,122.234505,18.630962,-11.234504699707031,11.234504699707031,False,0.0,False
31,124,110,131.16014,17.065666,-21.160140991210938,21.160140991210938,False,0.0,False
31,125,109,124.10255,17.436512,-15.102546691894531,15.102546691894531,False,0.0,False
31,126,108,129.38535,15.420291,-21.385345458984375,21.385345458984375,False,0.0,False
31,127,107,127.700226,17.94305,-20.700225830078125,20.700225830078125,False,0.0,False
31,128,106,129.07454,18.973413,-23.074539184570312,23.074539184570312,False,0.0,False
31,129,105,121.19742,15.232845,-16.197418212890625,16.197418212890625,False,0.0,False
31,130,104,126.1166,17.419634,-22.116600036621094,22.116600036621094,False,0.0,False
31,131,103,120.38807,14.58387,-17.38806915283203,17.38806915283203,False,0.0,False
31,132,102,124.475296,18.681133,-22.475296020507812,22.475296020507812,False,0.0,False
31,133,101,124.4525,14.321768,-23.452499389648438,23.452499389648438,False,0.0,False
31,134,100,122.070335,16.974916,-22.070335388183594,22.070335388183594,False,0.0,False
31,135,99,127.936,13.925341,-28.935997009277344,28.935997009277344,False,0.0,False
31,136,98,125.494606,15.999379,-27.494606018066406,27.494606018066406,False,0.0,False
31,137,97,118.547615,18.861917,-21.54761505126953,21.54761505126953,False,0.0,False
31,138,96,120.77164,15.975892,-24.771636962890625,24.771636962890625,False,0.0,False
31,139,95,116.97429,15.926359,-21.974288940429688,21.974288940429688,False,0.0,False
31,140,94,121.214005,16.62694,-27.214004516601562,27.214004516601562,False,0.0,False
31,141,93,120.78354,14.36698,-27.783538818359375,27.783538818359375,False,0.0,False
31,142,92,120.46445,16.936827,-28.464447021484375,28.464447021484375,False,0.0,False
31,143,91,120.11912,17.126665,-29.119117736816406,29.119117736816406,False,0.0,False
31,144,90,120.38476,16.307625,-30.38475799560547,30.38475799560547,False,0.0,False
31,145,89,115.30057,14.169474,-26.300567626953125,26.300567626953125,False,0.0,False
31,146,88,114.09906,16.639265,-26.09906005859375,26.09906005859375,False,0.0,False
31,147,87,113.75289,13.201394,-26.752891540527344,26.752891540527344,False,0.0,False
31,148,86,115.79097,15.819261,-29.790969848632812,29.790969848632812,False,0.0,False
31,149,85,115.26572,14.653321,-30.265716552734375,30.265716552734375,False,0.0,False
31,150,84,123.10522,16.15739,-39.10521697998047,39.10521697998047,False,0.0,False
31,151,83,111.43179,13.821191,-28.431793212890625,28.431793212890625,False,0.0,False
31,152,82,118.310135,15.58985,-36.31013488769531,36.31013488769531,False,0.0,False
31,153,81,113.4074,17.449492,-32.40740203857422,32.40740203857422,False,0.0,False
31,154,80,110.380585,12.113288,-30.380584716796875,30.380584716796875,False,0.0,False
31,155,79,109.838455,13.929775,-30.838455200195312,30.838455200195312,False,0.0,False
31,156,78,110.998116,13.169173,-32.99811553955078,32.99811553955078,False,0.0,False
31,157,77,106.600235,12.981812,-29.600234985351562,29.600234985351562,False,0.0,False
31,158,76,112.174286,15.575775,-36.174285888671875,36.174285888671875,False,0.0,False
31,159,75,103.68007,13.483382,-28.680068969726562,28.680068969726562,False,0.0,False
31,160,74,105.58916,15.85307,-31.589157104492188,31.589157104492188,False,0.0,False
31,161,73,100.75262,15.530307,-27.75261688232422,27.75261688232422,False,0.0,False
31,162,72,108.229416,15.607841,-36.22941589355469,36.22941589355469,False,0.0,False
31,163,71,110.88967,16.92965,-39.889671325683594,39.889671325683594,False,0.0,False
31,164,70,110.6851,12.876529,-40.685096740722656,40.685096740722656,False,0.0,False
31,165,69,111.02065,14.815841,-42.020652770996094,42.020652770996094,False,0.0,False
31,166,68,118.04303,14.135184,-50.04302978515625,50.04302978515625,False,0.0,False
31,167,67,106.78233,17.905365,-39.78233337402344,39.78233337402344,False,0.0,False
31,168,66,105.619095,13.458803,-39.61909484863281,39.61909484863281,False,0.0,False
31,169,65,100.50322,14.1892185,-35.50321960449219,35.50321960449219,False,0.0,False
31,170,64,103.78585,14.089457,-39.785850524902344,39.785850524902344,False,0.0,False
31,171,63,98.32067,11.472526,-35.32067108154297,35.32067108154297,False,0.0,False
31,172,62,98.88096,10.977507,-36.880958557128906,36.880958557128906,False,0.0,False
31,173,61,101.12369,13.399026,-40.123687744140625,40.123687744140625,False,0.0,False
31,174,60,99.908516,11.332646,-39.90851593017578,39.90851593017578,False,0.0,False
31,175,59,101.811844,14.245598,-42.81184387207031,42.81184387207031,False,0.0,False
31,176,58,93.89874,11.79729,-35.89874267578125,35.89874267578125,False,0.0,False
31,177,57,91.55556,14.325829,-34.55555725097656,34.55555725097656,False,0.0,False
31,178,56,96.32617,12.640111,-40.326171875,40.326171875,False,0.0,False
31,179,55,97.63068,13.98288,-42.63067626953125,42.63067626953125,False,0.0,False
31,180,54,101.38388,13.246574,-47.383880615234375,47.383880615234375,False,0.0,False
31,181,53,95.75959,14.6678505,-42.75959014892578,42.75959014892578,False,0.0,False
31,182,52,99.97704,12.087652,-47.97704315185547,47.97704315185547,False,0.0,False
31,183,51,99.62752,14.837475,-48.62751770019531,48.62751770019531,False,0.0,False
31,184,50,102.36091,16.769512,-52.36090850830078,52.36090850830078,False,0.0,False
31,185,49,98.819466,14.342532,-49.81946563720703,49.81946563720703,False,0.0,False
31,186,48,102.72997,13.404109,-54.72997283935547,54.72997283935547,False,0.0,False
31,187,47,104.160095,14.117995,-57.16009521484375,57.16009521484375,False,0.0,False
31,188,46,100.81122,14.12501,-54.81121826171875,54.81121826171875,False,0.0,False
31,189,45,103.51818,13.20534,-58.51818084716797,58.51818084716797,False,0.0,False
31,190,44,102.67759,13.697875,-58.677589416503906,58.677589416503906,False,0.0,False
31,191,43,95.5317,16.255438,-52.531700134277344,52.531700134277344,False,0.0,False
31,192,42,100.60948,13.875542,-58.60948181152344,58.60948181152344,False,0.0,False
31,193,41,95.959885,15.19318,-54.95988464355469,54.95988464355469,False,0.0,False
31,194,40,93.35797,14.098303,-53.35797119140625,53.35797119140625,False,0.0,False
31,195,39,88.30284,12.632999,-49.30284118652344,49.30284118652344,False,0.0,False
31,196,38,68.88483,13.110129,-30.88482666015625,30.88482666015625,False,0.0,False
31,197,37,53.73982,14.197159,-16.739818572998047,16.739818572998047,False,0.0,False
31,198,36,50.370407,10.577679,-14.370407104492188,14.370407104492188,False,0.0,False
31,199,35,51.49727,11.073463,-16.497268676757812,16.497268676757812,False,0.0,False
31,200,34,40.26277,12.352415,-6.2627716064453125,6.2627716064453125,False,0.0,False
31,201,33,36.30237,9.829094,-3.3023681640625,3.3023681640625,False,0.0,False
31,202,32,39.796917,12.893979,-7.796916961669922,7.796916961669922,False,0.0,False
31,203,31,37.198437,12.403868,-6.198436737060547,6.198436737060547,False,0.02,False
31,204,30,35.899315,13.6459875,-5.899314880371094,5.899314880371094,False,0.04,False
31,205,29,33.6599,10.826393,-4.659900665283203,4.659900665283203,False,0.0,False
31,206,28,39.710506,13.486376,-11.710506439208984,11.710506439208984,False,0.02,False
31,207,27,34.95367,10.553884,-7.953670501708984,7.953670501708984,False,0.0,False
31,208,26,35.51236,11.338824,-9.512359619140625,9.512359619140625,False,0.02,False
31,209,25,32.130802,11.020093,-7.130802154541016,7.130802154541016,False,0.02,False
31,210,24,29.142263,12.595035,-5.142263412475586,5.142263412475586,False,0.02,False
31,211,23,25.548773,11.331043,-2.5487728118896484,2.5487728118896484,False,0.1,False
31,212,22,28.217695,14.439534,-6.217695236206055,6.217695236206055,False,0.08,False
31,213,21,29.818043,10.715413,-8.818042755126953,8.818042755126953,False,0.02,False
31,214,20,28.29904,11.6323805,-8.299039840698242,8.299039840698242,False,0.04,False
31,215,19,33.729004,12.341414,-14.72900390625,14.72900390625,False,0.02,False
31,216,18,25.76987,11.473697,-7.769870758056641,7.769870758056641,False,0.1,False
31,217,17,30.853725,11.149224,-13.85372543334961,13.85372543334961,False,0.04,False
31,218,16,23.126657,13.032339,-7.126657485961914,7.126657485961914,False,0.14,False
31,219,15,25.742792,13.480064,-10.742792129516602,10.742792129516602,False,0.14,False
31,220,14,27.26859,12.512475,-13.268590927124023,13.268590927124023,False,0.1,False
31,221,13,22.939863,10.81578,-9.939863204956055,9.939863204956055,False,0.12,False
31,222,12,21.169031,11.211857,-9.169031143188477,9.169031143188477,False,0.14,False
31,223,11,13.884621,10.404274,-2.8846206665039062,2.8846206665039062,False,0.32,True
31,224,10,13.239917,10.062874,-3.2399168014526367,3.2399168014526367,False,0.3,True
31,225,9,10.699397,10.483789,-1.699397087097168,1.699397087097168,False,0.38,True
31,226,8,10.445818,10.094282,-2.4458179473876953,2.4458179473876953,False,0.5,True
31,227,7,8.746883,11.177347,-1.7468833923339844,1.7468833923339844,False,0.6,True
31,228,6,11.536468,11.141883,-5.536467552185059,5.536467552185059,False,0.48,True
31,229,5,10.091802,10.970597,-5.091801643371582,5.091801643371582,False,0.52,True
31,230,4,8.819348,12.058161,-4.819348335266113,4.819348335266113,True,0.58,True
31,231,3,5.3077893,9.7024355,-2.3077893257141113,2.3077893257141113,True,0.66,True
31,232,2,4.9550514,9.453343,-2.9550514221191406,2.9550514221191406,True,0.7,True
31,233,1,6.7942567,12.556183,-5.794256687164307,5.794256687164307,True,0.6,True
31,234,0,5.910448,12.362669,-5.91044807434082,5.91044807434082,True,0.68,True
32,1,140,116.364655,16.655893,23.635345458984375,23.635345458984375,False,0.0,False
32,2,140,114.43208,15.818734,25.567916870117188,25.567916870117188,False,0.0,False
32,3,140,106.54756,17.645836,33.45243835449219,33.45243835449219,False,0.0,False
32,4,140,110.466995,13.012845,29.533004760742188,29.533004760742188,False,0.0,False
32,5,140,110.59693,15.474257,29.40306854248047,29.40306854248047,False,0.0,False
32,6,140,111.28428,16.111462,28.715721130371094,28.715721130371094,False,0.0,False
32,7,140,106.18977,14.1277275,33.81022644042969,33.81022644042969,False,0.0,False
32,8,140,104.475716,14.954942,35.52428436279297,35.52428436279297,False,0.0,False
32,9,140,105.34368,14.968365,34.65631866455078,34.65631866455078,False,0.0,False
32,10,140,104.324524,14.740735,35.67547607421875,35.67547607421875,False,0.0,False
32,11,140,110.45688,16.2298,29.543121337890625,29.543121337890625,False,0.0,False
32,12,140,108.49481,13.331517,31.50518798828125,31.50518798828125,False,0.0,False
32,13,140,109.37569,15.768375,30.624313354492188,30.624313354492188,False,0.0,False
32,14,140,102.383446,12.745617,37.616554260253906,37.616554260253906,False,0.0,False
32,15,140,100.49037,13.934895,39.50962829589844,39.50962829589844,False,0.0,False
32,16,140,99.52208,11.753884,40.47792053222656,40.47792053222656,False,0.0,False
32,17,140,103.23594,16.54488,36.764060974121094,36.764060974121094,False,0.0,False
32,18,140,112.234406,15.715334,27.765594482421875,27.765594482421875,False,0.0,False
32,19,140,111.5406,16.709692,28.459396362304688,28.459396362304688,False,0.0,False
32,20,140,113.96264,13.50381,26.03736114501953,26.03736114501953,False,0.0,False
32,21,140,110.0412,14.923922,29.95880126953125,29.95880126953125,False,0.0,False
32,22,140,110.913666,14.866452,29.086334228515625,29.086334228515625,False,0.0,False
32,23,140,106.345955,15.690443,33.65404510498047,33.65404510498047,False,0.0,False
32,24,140,107.318115,16.035473,32.681884765625,32.681884765625,False,0.0,False
32,25,140,107.020325,15.596366,32.97967529296875,32.97967529296875,False,0.0,False
32,26,140,105.75216,12.872634,34.247840881347656,34.247840881347656,False,0.0,False
32,27,140,101.022,13.026947,38.977996826171875,38.977996826171875,False,0.0,False
32,28,140,96.765236,11.911993,43.234764099121094,43.234764099121094,False,0.0,False
32,29,140,95.20853,14.478218,44.791473388671875,44.791473388671875,False,0.0,False
32,30,140,78.47687,16.690565,61.52313232421875,61.52313232421875,False,0.0,False
32,31,140,96.306816,14.805295,43.69318389892578,43.69318389892578,False,0.0,False
32,32,140,103.30783,16.746555,36.692169189453125,36.692169189453125,False,0.0,False
32,33,140,111.57485,16.796793,28.425148010253906,28.425148010253906,False,0.0,False
32,34,140,111.43425,13.469722,28.565750122070312,28.565750122070312,False,0.0,False
32,35,140,107.10047,13.716875,32.89952850341797,32.89952850341797,False,0.0,False
32,36,140,107.06749,14.23634,32.93251037597656,32.93251037597656,False,0.0,False
32,37,140,107.95463,15.071368,32.045372009277344,32.045372009277344,False,0.0,False
32,38,140,102.773796,13.013882,37.22620391845703,37.22620391845703,False,0.0,False
32,39,140,104.20235,13.621095,35.79765319824219,35.79765319824219,False,0.0,False
32,40,140,103.305214,13.798775,36.694786071777344,36.694786071777344,False,0.0,False
32,41,140,107.398056,14.348163,32.60194396972656,32.60194396972656,False,0.0,False
32,42,140,105.96459,14.864422,34.03540802001953,34.03540802001953,False,0.0,False
32,43,140,102.74825,11.606615,37.251747131347656,37.251747131347656,False,0.0,False
32,44,140,102.67654,13.952813,37.323463439941406,37.323463439941406,False,0.0,False
32,45,140,104.11492,14.314466,35.88507843017578,35.88507843017578,False,0.0,False
32,46,140,104.95401,12.832543,35.045989990234375,35.045989990234375,False,0.0,False
32,47,140,103.24314,14.09255,36.756858825683594,36.756858825683594,False,0.0,False
32,48,140,103.297775,14.383692,36.70222473144531,36.70222473144531,False,0.0,False
32,49,140,101.59625,12.100851,38.40374755859375,38.40374755859375,False,0.0,False
32,50,140,101.42052,11.338344,38.57948303222656,38.57948303222656,False,0.0,False
32,51,140,108.89578,15.478432,31.104217529296875,31.104217529296875,False,0.0,False
32,52,139,101.998985,13.324167,37.001014709472656,37.001014709472656,False,0.0,False
32,53,138,101.77281,13.849843,36.22718811035156,36.22718811035156,False,0.0,False
32,54,137,100.52616,13.754009,36.473838806152344,36.473838806152344,False,0.0,False
32,55,136,103.54601,14.584513,32.45398712158203,32.45398712158203,False,0.0,False
32,56,135,96.88134,14.823052,38.11865997314453,38.11865997314453,False,0.0,False
32,57,134,107.906105,12.895114,26.093894958496094,26.093894958496094,False,0.0,False
32,58,133,106.25836,14.155871,26.74163818359375,26.74163818359375,False,0.0,False
32,59,132,103.94403,14.9547615,28.05596923828125,28.05596923828125,False,0.0,False
32,60,131,105.830414,15.436048,25.169586181640625,25.169586181640625,False,0.0,False
32,61,130,102.99341,15.6060295,27.006591796875,27.006591796875,False,0.0,False
32,62,129,106.199036,14.0660305,22.80096435546875,22.80096435546875,False,0.0,False
32,63,128,104.21609,10.786942,23.783912658691406,23.783912658691406,False,0.0,False
32,64,127,100.02536,11.170338,26.974639892578125,26.974639892578125,False,0.0,False
32,65,126,96.866844,14.647619,29.133155822753906,29.133155822753906,False,0.0,False
32,66,125,93.98179,15.393497,31.018211364746094,31.018211364746094,False,0.0,False
32,67,124,96.479256,12.469379,27.52074432373047,27.52074432373047,False,0.0,False
32,68,123,101.796486,13.413102,21.203514099121094,21.203514099121094,False,0.0,False
32,69,122,101.30895,14.165518,20.69104766845703,20.69104766845703,False,0.0,False
32,70,121,108.31743,16.52951,12.682571411132812,12.682571411132812,False,0.0,False
32,71,120,110.66218,14.433484,9.337821960449219,9.337821960449219,False,0.0,False
32,72,119,103.24985,16.983643,15.750152587890625,15.750152587890625,False,0.0,False
32,73,118,106.908554,15.980771,11.091445922851562,11.091445922851562,False,0.0,False
32,74,117,106.675354,14.002681,10.32464599609375,10.32464599609375,False,0.0,False
32,75,116,103.590164,15.77038,12.409835815429688,12.409835815429688,False,0.0,False
32,76,115,101.47436,15.959228,13.525642395019531,13.525642395019531,False,0.0,False
32,77,114,101.582855,15.445773,12.417144775390625,12.417144775390625,False,0.0,False
32,78,113,96.35368,15.351599,16.646316528320312,16.646316528320312,False,0.0,False
32,79,112,98.59113,11.836576,13.408866882324219,13.408866882324219,False,0.0,False
32,80,111,89.20742,11.732549,21.792579650878906,21.792579650878906,False,0.0,False
32,81,110,99.13351,12.369347,10.866493225097656,10.866493225097656,False,0.0,False
32,82,109,97.80633,13.977659,11.193672180175781,11.193672180175781,False,0.0,False
32,83,108,98.44067,14.004379,9.559333801269531,9.559333801269531,False,0.0,False
32,84,107,99.46937,11.628914,7.530632019042969,7.530632019042969,False,0.0,False
32,85,106,97.46661,11.818028,8.53338623046875,8.53338623046875,False,0.0,False
32,86,105,96.00808,13.195495,8.991920471191406,8.991920471191406,False,0.0,False
32,87,104,89.28825,12.570112,14.711746215820312,14.711746215820312,False,0.0,False
32,88,103,89.76091,12.160944,13.239089965820312,13.239089965820312,False,0.0,False
32,89,102,90.694916,11.664683,11.305084228515625,11.305084228515625,False,0.0,False
32,90,101,98.00618,13.634199,2.9938201904296875,2.9938201904296875,False,0.0,False
32,91,100,83.47817,13.521314,16.521827697753906,16.521827697753906,False,0.0,False
32,92,99,94.26392,14.637516,4.736076354980469,4.736076354980469,False,0.0,False
32,93,98,92.60355,12.748934,5.396446228027344,5.396446228027344,False,0.0,False
32,94,97,84.06634,13.063156,12.933662414550781,12.933662414550781,False,0.0,False
32,95,96,77.53773,13.970048,18.46227264404297,18.46227264404297,False,0.0,False
32,96,95,86.99792,9.9512415,8.002082824707031,8.002082824707031,False,0.0,False
32,97,94,82.26849,8.748501,11.73150634765625,11.73150634765625,False,0.0,False
32,98,93,78.1254,12.794754,14.874603271484375,14.874603271484375,False,0.0,False
32,99,92,79.15875,11.604619,12.84124755859375,12.84124755859375,False,0.0,False
32,100,91,81.61868,13.622663,9.381317138671875,9.381317138671875,False,0.0,False
32,101,90,90.85275,11.737374,-0.852752685546875,0.852752685546875,False,0.0,False
32,102,89,91.66025,11.919373,-2.660247802734375,2.660247802734375,False,0.0,False
32,103,88,85.62755,14.030144,2.3724517822265625,2.3724517822265625,False,0.0,False
32,104,87,85.70589,11.2912655,1.2941131591796875,1.2941131591796875,False,0.0,False
32,105,86,79.7404,12.009918,6.2595977783203125,6.2595977783203125,False,0.0,False
32,106,85,73.494736,13.54317,11.505264282226562,11.505264282226562,False,0.0,False
32,107,84,66.6947,11.873307,17.3052978515625,17.3052978515625,False,0.0,False
32,108,83,88.80709,11.763045,-5.807090759277344,5.807090759277344,False,0.0,False
32,109,82,85.22172,11.110481,-3.2217178344726562,3.2217178344726562,False,0.0,False
32,110,81,80.56384,10.626044,0.4361572265625,0.4361572265625,False,0.0,False
32,111,80,68.16962,12.084519,11.83038330078125,11.83038330078125,False,0.0,False
32,112,79,80.78916,14.3928795,-1.7891616821289062,1.7891616821289062,False,0.0,False
32,113,78,66.02442,12.665598,11.975578308105469,11.975578308105469,False,0.0,False
32,114,77,67.1906,10.849662,9.809402465820312,9.809402465820312,False,0.0,False
32,115,76,70.67725,11.00504,5.322746276855469,5.322746276855469,False,0.0,False
32,116,75,81.09454,12.709438,-6.09454345703125,6.09454345703125,False,0.0,False
32,117,74,82.76521,12.59713,-8.765213012695312,8.765213012695312,False,0.0,False
32,118,73,79.276535,10.323733,-6.2765350341796875,6.2765350341796875,False,0.0,False
32,119,72,85.371506,13.228457,-13.371505737304688,13.371505737304688,False,0.0,False
32,120,71,71.01193,11.101172,-0.011932373046875,0.011932373046875,False,0.0,False
32,121,70,77.993515,14.223721,-7.9935150146484375,7.9935150146484375,False,0.0,False
32,122,69,68.22222,12.667821,0.7777786254882812,0.7777786254882812,False,0.0,False
32,123,68,55.86449,12.523248,12.135509490966797,12.135509490966797,False,0.0,False
32,124,67,56.800205,11.958492,10.19979476928711,10.19979476928711,False,0.0,False
32,125,66,58.558975,12.804197,7.4410247802734375,7.4410247802734375,False,0.0,False
32,126,65,66.602936,9.6284075,-1.602935791015625,1.602935791015625,False,0.0,False
32,127,64,58.995766,11.467564,5.004234313964844,5.004234313964844,False,0.0,False
32,128,63,57.09947,8.763883,5.900531768798828,5.900531768798828,False,0.0,False
32,129,62,55.991013,10.81898,6.0089874267578125,6.0089874267578125,False,0.0,False
32,130,61,58.62346,11.136118,2.3765411376953125,2.3765411376953125,False,0.0,False
32,131,60,50.99154,9.605101,9.008460998535156,9.008460998535156,False,0.0,False
32,132,59,48.15569,10.610026,10.844310760498047,10.844310760498047,False,0.0,False
32,133,58,57.73788,9.544233,0.2621192932128906,0.2621192932128906,False,0.0,False
32,134,57,60.490948,9.389533,-3.490947723388672,3.490947723388672,False,0.0,False
32,135,56,56.939068,10.454536,-0.9390678405761719,0.9390678405761719,False,0.0,False
32,136,55,48.89042,10.095315,6.109580993652344,6.109580993652344,False,0.0,False
32,137,54,48.633526,10.641506,5.366474151611328,5.366474151611328,False,0.0,False
32,138,53,45.84891,9.184522,7.151088714599609,7.151088714599609,False,0.0,False
32,139,52,49.57595,8.464832,2.4240493774414062,2.4240493774414062,False,0.0,False
32,140,51,41.230034,8.168752,9.769966125488281,9.769966125488281,False,0.0,False
32,141,50,47.6103,9.594863,2.3897018432617188,2.3897018432617188,False,0.0,False
32,142,49,46.732777,8.551652,2.267223358154297,2.267223358154297,False,0.0,False
32,143,48,47.120033,9.308985,0.8799667358398438,0.8799667358398438,False,0.0,False
32,144,47,40.31344,8.421025,6.686561584472656,6.686561584472656,False,0.0,False
32,145,46,39.60077,8.941063,6.39923095703125,6.39923095703125,False,0.0,False
32,146,45,34.930958,9.363686,10.069042205810547,10.069042205810547,False,0.0,False
32,147,44,49.13783,8.840453,-5.137828826904297,5.137828826904297,False,0.0,False
32,148,43,44.122467,9.567031,-1.122467041015625,1.122467041015625,False,0.0,False
32,149,42,39.70199,10.830611,2.2980117797851562,2.2980117797851562,False,0.0,False
32,150,41,40.380642,8.961744,0.6193580627441406,0.6193580627441406,False,0.0,False
32,151,40,40.42636,9.512082,-0.426361083984375,0.426361083984375,False,0.0,False
32,152,39,34.45971,7.342343,4.540290832519531,4.540290832519531,False,0.0,False
32,153,38,31.8812,7.6459923,6.118799209594727,6.118799209594727,False,0.0,False
32,154,37,28.106028,8.905941,8.893972396850586,8.893972396850586,False,0.04,False
32,155,36,28.07061,6.6970844,7.929389953613281,7.929389953613281,False,0.0,False
32,156,35,31.075598,7.8363786,3.9244022369384766,3.9244022369384766,False,0.0,False
32,157,34,27.655882,7.6367283,6.344118118286133,6.344118118286133,False,0.0,False
32,158,33,26.76404,8.194939,6.235960006713867,6.235960006713867,False,0.04,False
32,159,32,27.671717,7.2073097,4.328283309936523,4.328283309936523,False,0.04,False
32,160,31,25.445114,6.2713914,5.5548858642578125,5.5548858642578125,False,0.0,False
32,161,30,20.152634,6.2550397,9.847366333007812,9.847366333007812,False,0.08,False
32,162,29,24.857168,5.630943,4.142831802368164,4.142831802368164,False,0.0,False
32,163,28,22.122374,6.605494,5.877626419067383,5.877626419067383,False,0.02,False
32,164,27,28.031973,7.1076446,-1.031972885131836,1.031972885131836,False,0.0,False
32,165,26,29.090778,6.566338,-3.090778350830078,3.090778350830078,False,0.0,False
32,166,25,27.047169,6.8812423,-2.047168731689453,2.047168731689453,False,0.0,False
32,167,24,18.842628,7.4686646,5.157371520996094,5.157371520996094,False,0.1,False
32,168,23,18.555346,7.1793175,4.44465446472168,4.44465446472168,False,0.12,False
32,169,22,12.591614,5.519157,9.40838623046875,9.40838623046875,False,0.28,False
32,170,21,17.304798,5.600687,3.695201873779297,3.695201873779297,False,0.1,False
32,171,20,15.394239,5.8965616,4.60576057434082,4.60576057434082,False,0.18,False
32,172,19,15.4351225,5.655911,3.564877510070801,3.564877510070801,False,0.14,False
32,173,18,12.8751745,5.293001,5.124825477600098,5.124825477600098,False,0.36,True
32,174,17,13.757786,5.3793035,3.2422142028808594,3.2422142028808594,False,0.24,False
32,175,16,11.589344,4.8180447,4.410655975341797,4.410655975341797,False,0.3,True
32,176,15,13.243277,5.7532096,1.756723403930664,1.756723403930664,False,0.28,False
32,177,14,10.729546,6.4247813,3.2704544067382812,3.2704544067382812,False,0.36,True
32,178,13,11.82084,6.4934597,1.1791601181030273,1.1791601181030273,False,0.36,True
32,179,12,10.750746,5.5271735,1.2492542266845703,1.2492542266845703,False,0.38,True
32,180,11,12.78868,5.3791747,-1.788680076599121,1.788680076599121,False,0.3,True
32,181,10,9.218099,4.989712,0.7819013595581055,0.7819013595581055,False,0.66,True
32,182,9,9.327807,4.079717,-0.3278074264526367,0.3278074264526367,False,0.62,True
32,183,8,11.685342,4.5883765,-3.6853418350219727,3.6853418350219727,False,0.28,False
32,184,7,13.044375,5.2082095,-6.044375419616699,6.044375419616699,False,0.3,True
32,185,6,12.372946,4.735285,-6.372945785522461,6.372945785522461,False,0.28,False
32,186,5,10.12141,5.459396,-5.121410369873047,5.121410369873047,False,0.5,True
32,187,4,12.300751,5.842409,-8.300750732421875,8.300750732421875,True,0.32,True
32,188,3,12.526022,4.5754786,-9.526021957397461,9.526021957397461,True,0.28,False
32,189,2,12.303769,5.095761,-10.3037691116333,10.3037691116333,True,0.28,False
32,190,1,9.588491,4.022035,-8.588491439819336,8.588491439819336,True,0.54,True
32,191,0,8.263272,5.1028724,-8.263272285461426,8.263272285461426,True,0.68,True
34,1,140,93.18723,12.960959,46.812767028808594,46.812767028808594,False,0.0,False
34,2,140,96.077675,13.068888,43.922325134277344,43.922325134277344,False,0.0,False
34,3,140,97.88439,14.511903,42.11560821533203,42.11560821533203,False,0.0,False
34,4,140,108.757706,12.118737,31.242294311523438,31.242294311523438,False,0.0,False
34,5,140,109.239876,14.9174385,30.76012420654297,30.76012420654297,False,0.0,False
34,6,140,112.55674,16.124008,27.443260192871094,27.443260192871094,False,0.0,False
34,7,140,115.85648,16.235998,24.143516540527344,24.143516540527344,False,0.0,False
34,8,140,113.55836,15.857454,26.44164276123047,26.44164276123047,False,0.0,False
34,9,140,114.54551,17.304192,25.454490661621094,25.454490661621094,False,0.0,False
34,10,140,118.208626,15.238948,21.79137420654297,21.79137420654297,False,0.0,False
34,11,140,114.96027,16.171902,25.03972625732422,25.03972625732422,False,0.0,False
34,12,140,109.660286,15.623937,30.33971405029297,30.33971405029297,False,0.0,False
34,13,140,107.229294,17.92962,32.77070617675781,32.77070617675781,False,0.0,False
34,14,140,112.11204,16.05891,27.887962341308594,27.887962341308594,False,0.0,False
34,15,140,109.52378,14.852148,30.476219177246094,30.476219177246094,False,0.0,False
34,16,140,111.04813,13.189045,28.951873779296875,28.951873779296875,False,0.0,False
34,17,140,114.265076,16.90715,25.73492431640625,25.73492431640625,False,0.0,False
34,18,140,105.861115,14.920698,34.138885498046875,34.138885498046875,False,0.0,False
34,19,140,104.85961,14.836467,35.14038848876953,35.14038848876953,False,0.0,False
34,20,140,107.52061,11.017648,32.479393005371094,32.479393005371094,False,0.0,False
34,21,140,107.97338,12.779988,32.02661895751953,32.02661895751953,False,0.0,False
34,22,140,104.92511,15.035642,35.07489013671875,35.07489013671875,False,0.0,False
34,23,140,108.74495,15.424092,31.255050659179688,31.255050659179688,False,0.0,False
34,24,140,110.556915,16.264885,29.443084716796875,29.443084716796875,False,0.0,False
34,25,140,105.50093,16.155325,34.49906921386719,34.49906921386719,False,0.0,False
34,26,140,109.08816,17.512053,30.911842346191406,30.911842346191406,False,0.0,False
34,27,140,110.69597,15.0857,29.304031372070312,29.304031372070312,False,0.0,False
34,28,140,115.06605,16.05123,24.93395233154297,24.93395233154297,False,0.0,False
34,29,140,118.64219,15.046232,21.357810974121094,21.357810974121094,False,0.0,False
34,30,140,116.03782,14.837868,23.962181091308594,23.962181091308594,False,0.0,False
34,31,140,114.549774,16.240377,25.450225830078125,25.450225830078125,False,0.0,False
34,32,140,113.23541,15.639574,26.76458740234375,26.76458740234375,False,0.0,False
34,33,140,113.400955,12.440635,26.599044799804688,26.599044799804688,False,0.0,False
34,34,140,106.03191,15.954829,33.96808624267578,33.96808624267578,False,0.0,False
34,35,140,104.83964,15.179787,35.160362243652344,35.160362243652344,False,0.0,False
34,36,140,111.26291,15.946648,28.737091064453125,28.737091064453125,False,0.0,False
34,37,140,109.26361,18.451302,30.73638916015625,30.73638916015625,False,0.0,False
34,38,140,111.36661,16.280737,28.633392333984375,28.633392333984375,False,0.0,False
34,39,140,108.28506,14.38521,31.714942932128906,31.714942932128906,False,0.0,False
34,40,140,100.98175,16.386757,39.01824951171875,39.01824951171875,False,0.0,False
34,41,140,100.35383,13.711917,39.64617156982422,39.64617156982422,False,0.0,False
34,42,140,101.50966,13.037375,38.49034118652344,38.49034118652344,False,0.0,False
34,43,140,103.616936,9.970539,36.38306427001953,36.38306427001953,False,0.0,False
34,44,140,107.497025,16.112173,32.50297546386719,32.50297546386719,False,0.0,False
34,45,140,110.68603,15.642599,29.31397247314453,29.31397247314453,False,0.0,False
34,46,140,104.4132,16.45888,35.58679962158203,35.58679962158203,False,0.0,False
34,47,140,112.09618,16.191057,27.90381622314453,27.90381622314453,False,0.0,False
34,48,140,109.59088,16.395792,30.40911865234375,30.40911865234375,False,0.0,False
34,49,140,109.71791,15.538943,30.282089233398438,30.282089233398438,False,0.0,False
34,50,140,107.92148,12.812282,32.078521728515625,32.078521728515625,False,0.0,False
34,51,140,109.36277,13.684704,30.637229919433594,30.637229919433594,False,0.0,False
34,52,140,110.63073,14.789379,29.36927032470703,29.36927032470703,False,0.0,False
34,53,140,113.70739,13.786895,26.29261016845703,26.29261016845703,False,0.0,False
34,54,140,101.463554,11.832946,38.53644561767578,38.53644561767578,False,0.0,False
34,55,140,101.25409,12.48343,38.74591064453125,38.74591064453125,False,0.0,False
34,56,139,102.38754,13.7170105,36.612457275390625,36.612457275390625,False,0.0,False
34,57,138,94.01305,10.101687,43.98695373535156,43.98695373535156,False,0.0,False
34,58,137,97.85906,13.822696,39.14093780517578,39.14093780517578,False,0.0,False
34,59,136,99.27013,15.250697,36.72987365722656,36.72987365722656,False,0.0,False
34,60,135,105.703865,12.551807,29.29613494873047,29.29613494873047,False,0.0,False
34,61,134,99.24104,13.424366,34.75895690917969,34.75895690917969,False,0.0,False
34,62,133,99.80922,15.011771,33.19078063964844,33.19078063964844,False,0.0,False
34,63,132,95.95645,10.111786,36.043548583984375,36.043548583984375,False,0.0,False
34,64,131,94.80947,11.920541,36.190528869628906,36.190528869628906,False,0.0,False
34,65,130,96.86364,12.130068,33.13636016845703,33.13636016845703,False,0.0,False
34,66,129,100.41575,13.978816,28.584251403808594,28.584251403808594,False,0.0,False
34,67,128,104.61055,15.914473,23.389450073242188,23.389450073242188,False,0.0,False
34,68,127,106.113556,14.367104,20.886444091796875,20.886444091796875,False,0.0,False
34,69,126,106.465935,13.98142,19.53406524658203,19.53406524658203,False,0.0,False
34,70,125,101.80556,14.173083,23.194442749023438,23.194442749023438,False,0.0,False
34,71,124,101.686104,13.273355,22.31389617919922,22.31389617919922,False,0.0,False
34,72,123,92.361755,11.416726,30.63824462890625,30.63824462890625,False,0.0,False
34,73,122,98.30382,12.483571,23.696182250976562,23.696182250976562,False,0.0,False
34,74,121,96.96656,12.098621,24.03343963623047,24.03343963623047,False,0.0,False
34,75,120,98.33329,15.316891,21.666709899902344,21.666709899902344,False,0.0,False
34,76,119,104.966934,15.135106,14.033065795898438,14.033065795898438,False,0.0,False
34,77,118,103.56152,12.603214,14.4384765625,14.4384765625,False,0.0,False
34,78,117,106.256355,12.219101,10.743644714355469,10.743644714355469,False,0.0,False
34,79,116,100.9074,12.781247,15.092597961425781,15.092597961425781,False,0.0,False
34,80,115,98.560486,12.33289,16.43951416015625,16.43951416015625,False,0.0,False
34,81,114,104.71795,11.678805,9.282051086425781,9.282051086425781,False,0.0,False
34,82,113,101.74138,10.58844,11.258621215820312,11.258621215820312,False,0.0,False
34,83,112,106.41763,14.35,5.582366943359375,5.582366943359375,False,0.0,False
34,84,111,108.93683,14.715126,2.06317138671875,2.06317138671875,False,0.0,False
34,85,110,107.30228,14.364519,2.697723388671875,2.697723388671875,False,0.0,False
34,86,109,96.27954,12.387977,12.720458984375,12.720458984375,False,0.0,False
34,87,108,99.814674,11.173765,8.185325622558594,8.185325622558594,False,0.0,False
34,88,107,95.43916,13.685896,11.560836791992188,11.560836791992188,False,0.0,False
34,89,106,91.89987,12.615532,14.100128173828125,14.100128173828125,False,0.0,False
34,90,105,100.796036,11.40632,4.2039642333984375,4.2039642333984375,False,0.0,False
34,91,104,98.95351,14.691344,5.0464935302734375,5.0464935302734375,False,0.0,False
34,92,103,93.78427,14.206631,9.215728759765625,9.215728759765625,False,0.0,False
34,93,102,91.823875,12.903839,10.176124572753906,10.176124572753906,False,0.0,False
34,94,101,95.47415,10.779501,5.525848388671875,5.525848388671875,False,0.0,False
34,95,100,90.1105,13.133061,9.889503479003906,9.889503479003906,False,0.0,False
34,96,99,91.93569,11.932778,7.064308166503906,7.064308166503906,False,0.0,False
34,97,98,91.71233,13.991206,6.287666320800781,6.287666320800781,False,0.0,False
34,98,97,91.64781,11.068372,5.3521881103515625,5.3521881103515625,False,0.0,False
34,99,96,93.9142,11.985507,2.0858001708984375,2.0858001708984375,False,0.0,False
34,100,95,92.285126,11.954968,2.714874267578125,2.714874267578125,False,0.0,False
34,101,94,87.46146,10.7839985,6.538543701171875,6.538543701171875,False,0.0,False
34,102,93,85.33231,10.54834,7.667686462402344,7.667686462402344,False,0.0,False
34,103,92,88.52347,11.612955,3.476531982421875,3.476531982421875,False,0.0,False
34,104,91,83.38065,10.687872,7.619346618652344,7.619346618652344,False,0.0,False
34,105,90,80.297386,11.856186,9.702613830566406,9.702613830566406,False,0.0,False
34,106,89,81.9188,11.075517,7.081199645996094,7.081199645996094,False,0.0,False
34,107,88,82.950615,13.203467,5.049385070800781,5.049385070800781,False,0.0,False
34,108,87,81.495804,8.463146,5.5041961669921875,5.5041961669921875,False,0.0,False
34,109,86,81.93032,10.156571,4.069679260253906,4.069679260253906,False,0.0,False
34,110,85,77.01584,11.279081,7.984161376953125,7.984161376953125,False,0.0,False
34,111,84,75.201324,10.179868,8.798675537109375,8.798675537109375,False,0.0,False
34,112,83,82.6521,10.242806,0.347900390625,0.347900390625,False,0.0,False
34,113,82,79.95342,10.57447,2.0465774536132812,2.0465774536132812,False,0.0,False
34,114,81,79.47561,10.898926,1.5243911743164062,1.5243911743164062,False,0.0,False
34,115,80,87.36499,10.505931,-7.364990234375,7.364990234375,False,0.0,False
34,116,79,86.922165,11.152297,-7.9221649169921875,7.9221649169921875,False,0.0,False
34,117,78,82.84135,11.005657,-4.841346740722656,4.841346740722656,False,0.0,False
34,118,77,79.51626,10.657595,-2.5162582397460938,2.5162582397460938,False,0.0,False
34,119,76,80.13268,12.238984,-4.132682800292969,4.132682800292969,False,0.0,False
34,120,75,69.42113,11.376511,5.5788726806640625,5.5788726806640625,False,0.0,False
34,121,74,77.20381,8.96606,-3.2038116455078125,3.2038116455078125,False,0.0,False
34,122,73,77.39089,12.28468,-4.390892028808594,4.390892028808594,False,0.0,False
34,123,72,81.44646,11.012279,-9.446456909179688,9.446456909179688,False,0.0,False
34,124,71,76.59696,11.438397,-5.596961975097656,5.596961975097656,False,0.0,False
34,125,70,75.55958,8.811259,-5.559577941894531,5.559577941894531,False,0.0,False
34,126,69,73.967804,10.191795,-4.967803955078125,4.967803955078125,False,0.0,False
34,127,68,71.372986,10.449676,-3.37298583984375,3.37298583984375,False,0.0,False
34,128,67,68.76226,9.636764,-1.7622604370117188,1.7622604370117188,False,0.0,False
34,129,66,65.870705,8.582998,0.12929534912109375,0.12929534912109375,False,0.0,False
34,130,65,66.98942,9.428403,-1.9894180297851562,1.9894180297851562,False,0.0,False
34,131,64,64.998505,9.660224,-0.998504638671875,0.998504638671875,False,0.0,False
34,132,63,59.950226,9.580698,3.049774169921875,3.049774169921875,False,0.0,False
34,133,62,64.14774,9.015713,-2.1477432250976562,2.1477432250976562,False,0.0,False
34,134,61,58.394814,8.66903,2.6051864624023438,2.6051864624023438,False,0.0,False
34,135,60,57.95775,8.202891,2.0422515869140625,2.0422515869140625,False,0.0,False
34,136,59,60.261974,8.753513,-1.2619743347167969,1.2619743347167969,False,0.0,False
34,137,58,55.476025,9.408005,2.523975372314453,2.523975372314453,False,0.0,False
34,138,57,56.868237,8.511406,0.13176345825195312,0.13176345825195312,False,0.0,False
34,139,56,58.73581,7.45929,-2.735809326171875,2.735809326171875,False,0.0,False
34,140,55,56.94432,8.947438,-1.9443206787109375,1.9443206787109375,False,0.0,False
34,141,54,60.946815,8.953896,-6.946815490722656,6.946815490722656,False,0.0,False
34,142,53,58.130928,8.515695,-5.130928039550781,5.130928039550781,False,0.0,False
34,143,52,52.833042,7.5392284,-0.8330421447753906,0.8330421447753906,False,0.0,False
34,144,51,53.775917,8.000188,-2.7759170532226562,2.7759170532226562,False,0.0,False
34,145,50,45.566525,6.9484234,4.433475494384766,4.433475494384766,False,0.0,False
34,146,49,44.371674,6.8121967,4.628326416015625,4.628326416015625,False,0.0,False
34,147,48,42.034622,7.6972528,5.9653778076171875,5.9653778076171875,False,0.0,False
34,148,47,41.54977,6.1292477,5.450229644775391,5.450229644775391,False,0.0,False
34,149,46,43.16448,5.4006977,2.835521697998047,2.835521697998047,False,0.0,False
34,150,45,42.56972,7.1190124,2.430278778076172,2.430278778076172,False,0.0,False
34,151,44,38.755474,6.3801513,5.244525909423828,5.244525909423828,False,0.0,False
34,152,43,37.91042,6.9572134,5.089580535888672,5.089580535888672,False,0.0,False
34,153,42,33.802216,5.1511555,8.197784423828125,8.197784423828125,False,0.0,False
34,154,41,30.567394,5.1750627,10.432605743408203,10.432605743408203,False,0.0,False
34,155,40,30.769192,4.695729,9.23080825805664,9.23080825805664,False,0.0,False
34,156,39,30.11164,5.4865637,8.888359069824219,8.888359069824219,False,0.0,False
34,157,38,32.469795,5.91647,5.530204772949219,5.530204772949219,False,0.0,False
34,158,37,28.379837,4.7156544,8.620162963867188,8.620162963867188,False,0.0,False
34,159,36,29.143223,4.7360983,6.856777191162109,6.856777191162109,False,0.0,False
34,160,35,29.71186,4.461913,5.288139343261719,5.288139343261719,False,0.0,False
34,161,34,32.05852,5.2064652,1.9414787292480469,1.9414787292480469,False,0.0,False
34,162,33,25.286554,4.6669497,7.713445663452148,7.713445663452148,False,0.0,False
34,163,32,25.978752,4.265727,6.021247863769531,6.021247863769531,False,0.0,False
34,164,31,25.598797,5.0174375,5.401203155517578,5.401203155517578,False,0.0,False
34,165,30,25.711973,4.766935,4.288026809692383,4.288026809692383,False,0.0,False
34,166,29,25.34197,4.5116997,3.658029556274414,3.658029556274414,False,0.0,False
34,167,28,24.374039,4.36725,3.6259613037109375,3.6259613037109375,False,0.0,False
34,168,27,26.676453,3.9700768,0.32354736328125,0.32354736328125,False,0.0,False
34,169,26,21.779242,3.6873844,4.220758438110352,4.220758438110352,False,0.0,False
34,170,25,21.855402,3.2439835,3.1445980072021484,3.1445980072021484,False,0.0,False
34,171,24,24.247845,4.0904374,-0.24784469604492188,0.24784469604492188,False,0.0,False
34,172,23,24.011124,3.99276,-1.0111236572265625,1.0111236572265625,False,0.0,False
34,173,22,21.252129,3.5033827,0.7478713989257812,0.7478713989257812,False,0.0,False
34,174,21,20.176867,3.8346877,0.8231334686279297,0.8231334686279297,False,0.0,False
34,175,20,17.947987,2.5236068,2.052013397216797,2.052013397216797,False,0.0,False
34,176,19,20.17613,2.82172,-1.1761302947998047,1.1761302947998047,False,0.0,False
34,177,18,20.083488,3.655811,-2.0834884643554688,2.0834884643554688,False,0.0,False
34,178,17,17.228521,2.9091012,-0.22852134704589844,0.22852134704589844,False,0.02,False
34,179,16,18.822351,3.173203,-2.8223514556884766,2.8223514556884766,False,0.0,False
34,180,15,18.92997,3.5480635,-3.9299697875976562,3.9299697875976562,False,0.02,False
34,181,14,16.769064,2.880564,-2.769063949584961,2.769063949584961,False,0.02,False
34,182,13,15.901402,2.2320294,-2.901402473449707,2.901402473449707,False,0.0,False
34,183,12,14.11601,2.0848792,-2.1160097122192383,2.1160097122192383,False,0.06,False
34,184,11,14.124127,2.504375,-3.1241273880004883,3.1241273880004883,False,0.02,False
34,185,10,12.991251,1.9359115,-2.991250991821289,2.991250991821289,False,0.04,False
34,186,9,11.440968,2.0667336,-2.440967559814453,2.440967559814453,False,0.26,False
34,187,8,9.473945,1.4985092,-1.4739446640014648,1.4739446640014648,False,0.6,True
34,188,7,8.635587,1.5992557,-1.6355867385864258,1.6355867385864258,False,0.78,True
34,189,6,8.615399,1.5015993,-2.6153993606567383,2.6153993606567383,False,0.8,True
34,190,5,6.9962053,1.1040419,-1.9962053298950195,1.9962053298950195,False,1.0,True
34,191,4,7.733644,1.1390686,-3.7336440086364746,3.7336440086364746,True,0.98,True
34,192,3,8.017297,1.7334315,-5.01729679107666,5.01729679107666,True,0.92,True
34,193,2,7.3673983,1.4546804,-5.367398262023926,5.367398262023926,True,1.0,True
34,194,1,6.8350105,1.1947798,-5.835010528564453,5.835010528564453,True,1.0,True
34,195,0,6.4676647,1.1007631,-6.46766471862793,6.46766471862793,True,1.0,True
40,1,140,79.66567,11.922205,60.334327697753906,60.334327697753906,False,0.0,False
40,2,140,86.33579,11.22183,53.664207458496094,53.664207458496094,False,0.0,False
40,3,140,85.642334,12.149139,54.357666015625,54.357666015625,False,0.0,False
40,4,140,93.690735,11.653037,46.30926513671875,46.30926513671875,False,0.0,False
40,5,140,94.00285,14.605289,45.99714660644531,45.99714660644531,False,0.0,False
40,6,140,97.76357,13.548994,42.236427307128906,42.236427307128906,False,0.0,False
40,7,140,91.66867,12.491916,48.331329345703125,48.331329345703125,False,0.0,False
40,8,140,101.12347,14.677894,38.87653350830078,38.87653350830078,False,0.0,False
40,9,140,97.152176,14.435837,42.84782409667969,42.84782409667969,False,0.0,False
40,10,140,98.91843,13.5606785,41.081573486328125,41.081573486328125,False,0.0,False
40,11,140,100.11859,13.897816,39.88140869140625,39.88140869140625,False,0.0,False
40,12,140,101.72106,13.144538,38.27893829345703,38.27893829345703,False,0.0,False
40,13,140,96.488594,13.702501,43.51140594482422,43.51140594482422,False,0.0,False
40,14,140,101.75958,15.853476,38.24041748046875,38.24041748046875,False,0.0,False
40,15,140,95.03537,12.81145,44.964630126953125,44.964630126953125,False,0.0,False
40,16,140,97.06878,13.679971,42.93122100830078,42.93122100830078,False,0.0,False
40,17,140,97.064964,12.407338,42.935035705566406,42.935035705566406,False,0.0,False
40,18,140,92.907616,12.304951,47.092384338378906,47.092384338378906,False,0.0,False
40,19,140,95.56128,12.208473,44.438720703125,44.438720703125,False,0.0,False
40,20,140,92.43808,11.487968,47.561920166015625,47.561920166015625,False,0.0,False
40,21,140,94.43861,14.81898,45.56139373779297,45.56139373779297,False,0.0,False
40,22,140,91.70132,15.043103,48.298683166503906,48.298683166503906,False,0.0,False
40,23,140,94.91,14.443576,45.089996337890625,45.089996337890625,False,0.0,False
40,24,140,91.520966,13.302714,48.479034423828125,48.479034423828125,False,0.0,False
40,25,140,97.446075,14.18272,42.553924560546875,42.553924560546875,False,0.0,False
40,26,140,94.934006,14.968634,45.06599426269531,45.06599426269531,False,0.0,False
40,27,140,98.67614,13.815857,41.32386016845703,41.32386016845703,False,0.0,False
40,28,140,99.99336,12.25235,40.00663757324219,40.00663757324219,False,0.0,False
40,29,140,99.87588,14.310531,40.124122619628906,40.124122619628906,False,0.0,False
40,30,140,100.4746,14.652749,39.52539825439453,39.52539825439453,False,0.0,False
40,31,140,106.02304,12.726306,33.976959228515625,33.976959228515625,False,0.0,False
40,32,140,104.31787,13.631605,35.68212890625,35.68212890625,False,0.0,False
40,33,140,104.11886,12.904443,35.881141662597656,35.881141662597656,False,0.0,False
40,34,140,101.16906,12.659614,38.83094024658203,38.83094024658203,False,0.0,False
40,35,140,95.93199,12.193561,44.06800842285156,44.06800842285156,False,0.0,False
40,36,140,95.12152,14.340535,44.87847900390625,44.87847900390625,False,0.0,False
40,37,140,103.39789,12.568993,36.60211181640625,36.60211181640625,False,0.0,False
40,38,140,100.03103,11.473984,39.968971252441406,39.968971252441406,False,0.0,False
40,39,140,96.15209,13.061778,43.84790802001953,43.84790802001953,False,0.0,False
40,40,140,93.06421,13.498479,46.935791015625,46.935791015625,False,0.0,False
40,41,140,94.808815,12.023151,45.191184997558594,45.191184997558594,False,0.0,False
40,42,140,96.03145,12.608999,43.96855163574219,43.96855163574219,False,0.0,False
40,43,140,86.90845,11.270772,53.091552734375,53.091552734375,False,0.0,False
40,44,140,89.45035,10.559184,50.549652099609375,50.549652099609375,False,0.0,False
40,45,140,94.87236,14.347603,45.12763977050781,45.12763977050781,False,0.0,False
40,46,140,94.88388,13.846867,45.116119384765625,45.116119384765625,False,0.0,False
40,47,140,77.70537,12.082535,62.29463195800781,62.29463195800781,False,0.0,False
40,48,140,84.14537,12.739072,55.85462951660156,55.85462951660156,False,0.0,False
40,49,139,93.41925,10.892393,45.58074951171875,45.58074951171875,False,0.0,False
40,50,138,83.55085,11.232219,54.44915008544922,54.44915008544922,False,0.0,False
40,51,137,90.41506,10.695301,46.584938049316406,46.584938049316406,False,0.0,False
40,52,136,93.49609,12.760386,42.50390625,42.50390625,False,0.0,False
40,53,135,89.61392,14.20825,45.386077880859375,45.386077880859375,False,0.0,False
40,54,134,86.903206,11.496815,47.09679412841797,47.09679412841797,False,0.0,False
40,55,133,94.54251,11.804961,38.457489013671875,38.457489013671875,False,0.0,False
40,56,132,89.7192,10.961855,42.280799865722656,42.280799865722656,False,0.0,False
40,57,131,89.87326,12.872019,41.126739501953125,41.126739501953125,False,0.0,False
40,58,130,94.83967,13.30031,35.16033172607422,35.16033172607422,False,0.0,False
40,59,129,95.717834,11.690821,33.28216552734375,33.28216552734375,False,0.0,False
40,60,128,91.859665,13.046099,36.14033508300781,36.14033508300781,False,0.0,False
40,61,127,95.92788,11.289922,31.072120666503906,31.072120666503906,False,0.0,False
40,62,126,85.51378,12.821339,40.48622131347656,40.48622131347656,False,0.0,False
40,63,125,85.15461,12.800057,39.84539031982422,39.84539031982422,False,0.0,False
40,64,124,82.29169,10.222649,41.70831298828125,41.70831298828125,False,0.0,False
40,65,123,84.3467,11.948088,38.653297424316406,38.653297424316406,False,0.0,False
40,66,122,80.58536,12.748269,41.414642333984375,41.414642333984375,False,0.0,False
40,67,121,86.61927,11.737713,34.38072967529297,34.38072967529297,False,0.0,False
40,68,120,90.45057,11.649894,29.54943084716797,29.54943084716797,False,0.0,False
40,69,119,92.86346,12.136709,26.13654327392578,26.13654327392578,False,0.0,False
40,70,118,99.90848,14.147901,18.091522216796875,18.091522216796875,False,0.0,False
40,71,117,98.32794,11.219534,18.67205810546875,18.67205810546875,False,0.0,False
40,72,116,97.031105,15.320647,18.968894958496094,18.968894958496094,False,0.0,False
40,73,115,93.08611,10.590255,21.91388702392578,21.91388702392578,False,0.0,False
40,74,114,91.327034,13.426998,22.67296600341797,22.67296600341797,False,0.0,False
40,75,113,87.34671,11.149259,25.653289794921875,25.653289794921875,False,0.0,False
40,76,112,78.07607,9.617947,33.923927307128906,33.923927307128906,False,0.0,False
40,77,111,76.13718,11.924168,34.862823486328125,34.862823486328125,False,0.0,False
40,78,110,81.40988,9.804087,28.590118408203125,28.590118408203125,False,0.0,False
40,79,109,89.57698,13.185409,19.423019409179688,19.423019409179688,False,0.0,False
40,80,108,88.21007,12.38378,19.789932250976562,19.789932250976562,False,0.0,False
40,81,107,84.884445,11.141728,22.115554809570312,22.115554809570312,False,0.0,False
40,82,106,89.43386,12.889573,16.566139221191406,16.566139221191406,False,0.0,False
40,83,105,88.95662,12.442672,16.043380737304688,16.043380737304688,False,0.0,False
40,84,104,71.05503,10.50327,32.944969177246094,32.944969177246094,False,0.0,False
40,85,103,71.93034,10.642714,31.069656372070312,31.069656372070312,False,0.0,False
40,86,102,68.6354,11.17404,33.364601135253906,33.364601135253906,False,0.0,False
40,87,101,63.027016,9.629995,37.972984313964844,37.972984313964844,False,0.0,False
40,88,100,63.348843,10.108888,36.65115737915039,36.65115737915039,False,0.0,False
40,89,99,71.97637,11.672664,27.02362823486328,27.02362823486328,False,0.0,False
40,90,98,69.07585,12.581672,28.924148559570312,28.924148559570312,False,0.0,False
40,91,97,61.89997,10.128122,35.10002899169922,35.10002899169922,False,0.0,False
40,92,96,70.35144,10.307976,25.6485595703125,25.6485595703125,False,0.0,False
40,93,95,80.549866,11.22654,14.45013427734375,14.45013427734375,False,0.0,False
40,94,94,83.5032,11.907714,10.496803283691406,10.496803283691406,False,0.0,False
40,95,93,68.8545,10.835542,24.14550018310547,24.14550018310547,False,0.0,False
40,96,92,80.65664,12.134508,11.343360900878906,11.343360900878906,False,0.0,False
40,97,91,80.85354,12.211349,10.146461486816406,10.146461486816406,False,0.0,False
40,98,90,81.114204,10.838588,8.885795593261719,8.885795593261719,False,0.0,False
40,99,89,71.70151,11.772905,17.298492431640625,17.298492431640625,False,0.0,False
40,100,88,77.55272,9.823419,10.447280883789062,10.447280883789062,False,0.0,False
40,101,87,69.38389,12.094308,17.616111755371094,17.616111755371094,False,0.0,False
40,102,86,76.95474,11.615727,9.045257568359375,9.045257568359375,False,0.0,False
40,103,85,74.157295,10.339261,10.842704772949219,10.842704772949219,False,0.0,False
40,104,84,80.90924,9.73814,3.09075927734375,3.09075927734375,False,0.0,False
40,105,83,80.28152,11.18061,2.7184829711914062,2.7184829711914062,False,0.0,False
40,106,82,75.20387,10.85547,6.7961273193359375,6.7961273193359375,False,0.0,False
40,107,81,80.55032,10.423736,0.449676513671875,0.449676513671875,False,0.0,False
40,108,80,77.40982,10.632947,2.590179443359375,2.590179443359375,False,0.0,False
40,109,79,71.95437,11.167864,7.045631408691406,7.045631408691406,False,0.0,False
40,110,78,73.34213,10.580477,4.657867431640625,4.657867431640625,False,0.0,False
40,111,77,71.836716,11.168387,5.1632843017578125,5.1632843017578125,False,0.0,False
40,112,76,70.39042,9.2197695,5.609580993652344,5.609580993652344,False,0.0,False
40,113,75,73.13449,8.833873,1.865509033203125,1.865509033203125,False,0.0,False
40,114,74,71.77434,8.374886,2.2256622314453125,2.2256622314453125,False,0.0,False
40,115,73,71.868095,8.474664,1.1319046020507812,1.1319046020507812,False,0.0,False
40,116,72,68.02488,8.543518,3.9751205444335938,3.9751205444335938,False,0.0,False
40,117,71,69.439026,9.887392,1.56097412109375,1.56097412109375,False,0.0,False
40,118,70,66.61502,8.305469,3.384979248046875,3.384979248046875,False,0.0,False
40,119,69,65.97167,8.609903,3.0283279418945312,3.0283279418945312,False,0.0,False
40,120,68,62.39809,9.24093,5.601909637451172,5.601909637451172,False,0.0,False
40,121,67,63.89183,8.6757765,3.1081695556640625,3.1081695556640625,False,0.0,False
40,122,66,56.218105,9.611883,9.78189468383789,9.78189468383789,False,0.0,False
40,123,65,62.13018,8.970763,2.8698196411132812,2.8698196411132812,False,0.0,False
40,124,64,63.998817,9.270038,0.00118255615234375,0.00118255615234375,False,0.0,False
40,125,63,53.825714,9.576824,9.174285888671875,9.174285888671875,False,0.0,False
40,126,62,52.7328,7.5606565,9.267200469970703,9.267200469970703,False,0.0,False
40,127,61,61.411156,9.805301,-0.41115570068359375,0.41115570068359375,False,0.0,False
40,128,60,53.737232,7.727298,6.262767791748047,6.262767791748047,False,0.0,False
40,129,59,54.035248,9.816519,4.964752197265625,4.964752197265625,False,0.0,False
40,130,58,49.86066,7.304192,8.139339447021484,8.139339447021484,False,0.0,False
40,131,57,49.793995,7.735494,7.206005096435547,7.206005096435547,False,0.0,False
40,132,56,40.414135,7.667356,15.585865020751953,15.585865020751953,False,0.0,False
40,133,55,40.057014,7.490978,14.942985534667969,14.942985534667969,False,0.0,False
40,134,54,38.964073,7.935666,15.035926818847656,15.035926818847656,False,0.0,False
40,135,53,43.44377,6.6814413,9.556228637695312,9.556228637695312,False,0.0,False
40,136,52,45.916016,7.498557,6.083984375,6.083984375,False,0.0,False
40,137,51,49.558964,7.698279,1.4410362243652344,1.4410362243652344,False,0.0,False
40,138,50,48.103065,7.351161,1.8969345092773438,1.8969345092773438,False,0.0,False
40,139,49,48.34172,6.240348,0.6582794189453125,0.6582794189453125,False,0.0,False
40,140,48,44.38091,8.286679,3.619091033935547,3.619091033935547,False,0.0,False
40,141,47,39.334835,7.4612837,7.665164947509766,7.665164947509766,False,0.0,False
40,142,46,39.352646,5.7391286,6.6473541259765625,6.6473541259765625,False,0.0,False
40,143,45,41.35088,5.741067,3.649120330810547,3.649120330810547,False,0.0,False
40,144,44,34.29581,6.4792356,9.70418930053711,9.70418930053711,False,0.0,False
40,145,43,34.06078,6.157713,8.939220428466797,8.939220428466797,False,0.0,False
40,146,42,35.854702,5.939825,6.145298004150391,6.145298004150391,False,0.0,False
40,147,41,37.87164,4.922845,3.1283607482910156,3.1283607482910156,False,0.0,False
40,148,40,32.662582,5.135445,7.3374176025390625,7.3374176025390625,False,0.0,False
40,149,39,35.747314,5.8766265,3.252685546875,3.252685546875,False,0.0,False
40,150,38,36.18079,5.905597,1.8192100524902344,1.8192100524902344,False,0.0,False
40,151,37,34.861485,5.256807,2.1385154724121094,2.1385154724121094,False,0.0,False
40,152,36,28.358269,4.0372534,7.641731262207031,7.641731262207031,False,0.0,False
40,153,35,31.992033,5.555642,3.007966995239258,3.007966995239258,False,0.0,False
40,154,34,26.11798,4.0344462,7.882020950317383,7.882020950317383,False,0.0,False
40,155,33,21.101873,2.9444625,11.898126602172852,11.898126602172852,False,0.0,False
40,156,32,21.472534,3.941143,10.5274658203125,10.5274658203125,False,0.0,False
40,157,31,25.459534,4.4229736,5.54046630859375,5.54046630859375,False,0.0,False
40,158,30,17.021263,3.309546,12.978736877441406,12.978736877441406,False,0.0,False
40,159,29,19.930193,3.4426792,9.069807052612305,9.069807052612305,False,0.0,False
40,160,28,21.09884,3.4354668,6.901159286499023,6.901159286499023,False,0.0,False
40,161,27,21.16027,3.3546028,5.839729309082031,5.839729309082031,False,0.0,False
40,162,26,14.209511,2.4460983,11.790489196777344,11.790489196777344,False,0.02,False
40,163,25,18.573006,3.4927285,6.426994323730469,6.426994323730469,False,0.02,False
40,164,24,16.616758,2.6099424,7.383241653442383,7.383241653442383,False,0.04,False
40,165,23,16.246983,3.4107473,6.753017425537109,6.753017425537109,False,0.06,False
40,166,22,12.970345,2.9953287,9.029655456542969,9.029655456542969,False,0.16,False
40,167,21,14.551945,2.8563812,6.448055267333984,6.448055267333984,False,0.1,False
40,168,20,16.180096,2.8986444,3.819904327392578,3.819904327392578,False,0.0,False
40,169,19,12.799289,2.8920662,6.200711250305176,6.200711250305176,False,0.18,False
40,170,18,13.753704,3.4434214,4.246295928955078,4.246295928955078,False,0.18,False
40,171,17,13.856444,3.568084,3.1435556411743164,3.1435556411743164,False,0.16,False
40,172,16,15.604761,3.1664052,0.39523887634277344,0.39523887634277344,False,0.06,False
40,173,15,16.121315,3.5435402,-1.1213150024414062,1.1213150024414062,False,0.04,False
40,174,14,16.132463,2.943169,-2.1324634552001953,2.1324634552001953,False,0.04,False
40,175,13,13.582732,2.306692,-0.5827322006225586,0.5827322006225586,False,0.08,False
40,176,12,11.6232,2.1971297,0.3767995834350586,0.3767995834350586,False,0.24,False
40,177,11,10.638445,1.7034802,0.3615550994873047,0.3615550994873047,False,0.38,True
40,178,10,8.35455,1.9176666,1.6454496383666992,1.6454496383666992,False,0.78,True
40,179,9,10.017448,2.01609,-1.0174484252929688,1.0174484252929688,False,0.46,True
40,180,8,9.514606,2.3561919,-1.5146064758300781,1.5146064758300781,False,0.62,True
40,181,7,8.905255,2.032027,-1.9052553176879883,1.9052553176879883,False,0.7,True
40,182,6,8.63881,1.5121155,-2.638810157775879,2.638810157775879,False,0.84,True
40,183,5,9.801276,1.8881822,-4.801276206970215,4.801276206970215,False,0.58,True
40,184,4,7.5466847,1.624298,-3.546684741973877,3.546684741973877,True,0.98,True
40,185,3,7.7192345,1.8208139,-4.719234466552734,4.719234466552734,True,0.9,True
40,186,2,7.1672063,1.3819433,-5.167206287384033,5.167206287384033,True,1.0,True
40,187,1,7.0722866,1.5281016,-6.072286605834961,6.072286605834961,True,0.96,True
40,188,0,7.038312,1.7242785,-7.038311958312988,7.038311958312988,True,0.96,True
45,1,140,134.49876,17.055027,5.5012359619140625,5.5012359619140625,False,0.0,False
45,2,140,117.757744,15.374979,22.24225616455078,22.24225616455078,False,0.0,False
45,3,140,116.39702,15.701531,23.602981567382812,23.602981567382812,False,0.0,False
45,4,140,113.99647,17.88667,26.00353240966797,26.00353240966797,False,0.0,False
45,5,140,116.34289,17.670732,23.65711212158203,23.65711212158203,False,0.0,False
45,6,140,118.53843,16.174572,21.461570739746094,21.461570739746094,False,0.0,False
45,7,140,116.12194,14.211666,23.87805938720703,23.87805938720703,False,0.0,False
45,8,140,125.16856,15.690697,14.831443786621094,14.831443786621094,False,0.0,False
45,9,140,121.29659,17.494406,18.703407287597656,18.703407287597656,False,0.0,False
45,10,140,124.76136,17.722815,15.238639831542969,15.238639831542969,False,0.0,False
45,11,140,116.917946,18.479368,23.082054138183594,23.082054138183594,False,0.0,False
45,12,140,127.77204,18.512672,12.227958679199219,12.227958679199219,False,0.0,False
45,13,140,116.63996,19.95234,23.36003875732422,23.36003875732422,False,0.0,False
45,14,140,125.1896,14.3087225,14.810401916503906,14.810401916503906,False,0.0,False
45,15,140,120.6505,18.098812,19.349502563476562,19.349502563476562,False,0.0,False
45,16,140,126.14906,16.073645,13.850936889648438,13.850936889648438,False,0.0,False
45,17,140,122.00684,18.198853,17.99315643310547,17.99315643310547,False,0.0,False
45,18,140,114.12594,16.334639,25.874061584472656,25.874061584472656,False,0.0,False
45,19,139,115.15445,14.997589,23.845550537109375,23.845550537109375,False,0.0,False
45,20,138,112.88853,15.96223,25.111473083496094,25.111473083496094,False,0.0,False
45,21,137,114.85118,14.693812,22.148818969726562,22.148818969726562,False,0.0,False
45,22,136,116.07667,14.630772,19.92333221435547,19.92333221435547,False,0.0,False
45,23,135,111.00348,16.793348,23.99652099609375,23.99652099609375,False,0.0,False
45,24,134,113.121956,14.45751,20.87804412841797,20.87804412841797,False,0.0,False
45,25,133,111.15795,13.817691,21.84204864501953,21.84204864501953,False,0.0,False
45,26,132,111.75435,15.877397,20.245651245117188,20.245651245117188,False,0.0,False
45,27,131,119.02826,13.402805,11.97174072265625,11.97174072265625,False,0.0,False
45,28,130,124.06687,16.825336,5.933128356933594,5.933128356933594,False,0.0,False
45,29,129,120.936035,15.788211,8.06396484375,8.06396484375,False,0.0,False
45,30,128,121.45711,16.666986,6.5428924560546875,6.5428924560546875,False,0.0,False
45,31,127,124.18617,16.565042,2.8138275146484375,2.8138275146484375,False,0.0,False
45,32,126,118.44693,15.267189,7.553070068359375,7.553070068359375,False,0.0,False
45,33,125,118.24613,17.621044,6.753868103027344,6.753868103027344,False,0.0,False
45,34,124,114.71669,15.782889,9.283309936523438,9.283309936523438,False,0.0,False
45,35,123,121.47709,15.612736,1.5229110717773438,1.5229110717773438,False,0.0,False
45,36,122,126.17668,19.548088,-4.1766815185546875,4.1766815185546875,False,0.0,False
45,37,121,122.74275,13.590987,-1.7427520751953125,1.7427520751953125,False,0.0,False
45,38,120,117.44241,19.172394,2.557586669921875,2.557586669921875,False,0.0,False
45,39,119,120.35944,13.341174,-1.3594436645507812,1.3594436645507812,False,0.0,False
45,40,118,112.33676,15.588271,5.663238525390625,5.663238525390625,False,0.0,False
45,41,117,109.78274,14.571591,7.217262268066406,7.217262268066406,False,0.0,False
45,42,116,116.092316,15.630329,-0.092315673828125,0.092315673828125,False,0.0,False
45,43,115,116.111496,14.693953,-1.1114959716796875,1.1114959716796875,False,0.0,False
45,44,114,116.40465,12.203554,-2.4046478271484375,2.4046478271484375,False,0.0,False
45,45,113,117.59747,14.0148325,-4.59747314453125,4.59747314453125,False,0.0,False
45,46,112,109.700935,14.16595,2.2990646362304688,2.2990646362304688,False,0.0,False
45,47,111,117.8503,18.03495,-6.850303649902344,6.850303649902344,False,0.0,False
45,48,110,111.83336,13.0574255,-1.8333587646484375,1.8333587646484375,False,0.0,False
45,49,109,107.52615,11.817441,1.473846435546875,1.473846435546875,False,0.0,False
45,50,108,106.28715,15.306085,1.7128524780273438,1.7128524780273438,False,0.0,False
45,51,107,113.44302,15.977192,-6.443023681640625,6.443023681640625,False,0.0,False
45,52,106,117.21888,12.5812,-11.218879699707031,11.218879699707031,False,0.0,False
45,53,105,107.844475,13.528676,-2.8444747924804688,2.8444747924804688,False,0.0,False
45,54,104,118.077324,13.22099,-14.077323913574219,14.077323913574219,False,0.0,False
45,55,103,116.6618,15.13518,-13.661796569824219,13.661796569824219,False,0.0,False
45,56,102,111.75101,14.451236,-9.751007080078125,9.751007080078125,False,0.0,False
45,57,101,109.561775,15.807057,-8.561775207519531,8.561775207519531,False,0.0,False
45,58,100,110.09835,12.762331,-10.098350524902344,10.098350524902344,False,0.0,False
45,59,99,113.22632,16.709818,-14.226318359375,14.226318359375,False,0.0,False
45,60,98,111.02164,14.237009,-13.021636962890625,13.021636962890625,False,0.0,False
45,61,97,110.56274,14.518399,-13.562736511230469,13.562736511230469,False,0.0,False
45,62,96,108.16169,15.792992,-12.161689758300781,12.161689758300781,False,0.0,False
45,63,95,113.029305,15.408101,-18.02930450439453,18.02930450439453,False,0.0,False
45,64,94,113.819244,16.908464,-19.819244384765625,19.819244384765625,False,0.0,False
45,65,93,105.78439,14.7562,-12.784393310546875,12.784393310546875,False,0.0,False
45,66,92,106.59929,14.388023,-14.599288940429688,14.599288940429688,False,0.0,False
45,67,91,107.681595,15.014601,-16.681594848632812,16.681594848632812,False,0.0,False
45,68,90,108.22408,14.534019,-18.224082946777344,18.224082946777344,False,0.0,False
45,69,89,107.07531,13.5779705,-18.07530975341797,18.07530975341797,False,0.0,False
45,70,88,108.71142,13.875066,-20.71141815185547,20.71141815185547,False,0.0,False
45,71,87,113.60537,13.073976,-26.605369567871094,26.605369567871094,False,0.0,False
45,72,86,102.128624,13.474419,-16.128623962402344,16.128623962402344,False,0.0,False
45,73,85,105.637764,12.106132,-20.63776397705078,20.63776397705078,False,0.0,False
45,74,84,102.3206,13.384913,-18.320602416992188,18.320602416992188,False,0.0,False
45,75,83,103.439545,15.172375,-20.439544677734375,20.439544677734375,False,0.0,False
45,76,82,105.49777,14.314529,-23.497772216796875,23.497772216796875,False,0.0,False
45,77,81,101.19231,14.485694,-20.192306518554688,20.192306518554688,False,0.0,False
45,78,80,111.65087,13.289283,-31.65087127685547,31.65087127685547,False,0.0,False
45,79,79,104.657425,11.514154,-25.657424926757812,25.657424926757812,False,0.0,False
45,80,78,103.6851,14.994628,-25.685096740722656,25.685096740722656,False,0.0,False
45,81,77,106.84064,14.300018,-29.84063720703125,29.84063720703125,False,0.0,False
45,82,76,107.007195,13.155231,-31.00719451904297,31.00719451904297,False,0.0,False
45,83,75,102.312386,12.742658,-27.31238555908203,27.31238555908203,False,0.0,False
45,84,74,101.41899,14.368469,-27.418991088867188,27.418991088867188,False,0.0,False
45,85,73,102.723946,13.490235,-29.72394561767578,29.72394561767578,False,0.0,False
45,86,72,96.75634,11.934596,-24.75634002685547,24.75634002685547,False,0.0,False
45,87,71,98.718185,11.34738,-27.718185424804688,27.718185424804688,False,0.0,False
45,88,70,89.83399,13.104905,-19.83399200439453,19.83399200439453,False,0.0,False
45,89,69,96.007225,12.595216,-27.007225036621094,27.007225036621094,False,0.0,False
45,90,68,94.841194,11.32444,-26.84119415283203,26.84119415283203,False,0.0,False
45,91,67,95.88201,11.506391,-28.88201141357422,28.88201141357422,False,0.0,False
45,92,66,100.59932,11.718245,-34.59931945800781,34.59931945800781,False,0.0,False
45,93,65,96.95259,14.5182,-31.952590942382812,31.952590942382812,False,0.0,False
45,94,64,96.01267,11.1816,-32.012672424316406,32.012672424316406,False,0.0,False
45,95,63,97.07268,13.455236,-34.07267761230469,34.07267761230469,False,0.0,False
45,96,62,99.080246,11.512476,-37.08024597167969,37.08024597167969,False,0.0,False
45,97,61,95.52975,11.474204,-34.529747009277344,34.529747009277344,False,0.0,False
45,98,60,87.52231,13.866743,-27.522308349609375,27.522308349609375,False,0.0,False
45,99,59,91.64278,11.446124,-32.64277648925781,32.64277648925781,False,0.0,False
45,100,58,83.27734,9.774021,-25.27734375,25.27734375,False,0.0,False
45,101,57,73.94814,10.625792,-16.948143005371094,16.948143005371094,False,0.0,False
45,102,56,78.43696,11.379492,-22.43695831298828,22.43695831298828,False,0.0,False
45,103,55,85.43122,10.460045,-30.43122100830078,30.43122100830078,False,0.0,False
45,104,54,84.47649,12.352293,-30.476486206054688,30.476486206054688,False,0.0,False
45,105,53,85.08789,11.148706,-32.087890625,32.087890625,False,0.0,False
45,106,52,83.78046,12.638678,-31.78045654296875,31.78045654296875,False,0.0,False
45,107,51,76.11541,9.259512,-25.11540985107422,25.11540985107422,False,0.0,False
45,108,50,73.95582,10.551401,-23.95581817626953,23.95581817626953,False,0.0,False
45,109,49,72.77271,7.620403,-23.77271270751953,23.77271270751953,False,0.0,False
45,110,48,70.61665,10.189951,-22.616653442382812,22.616653442382812,False,0.0,False
45,111,47,76.42201,10.710376,-29.422012329101562,29.422012329101562,False,0.0,False
45,112,46,80.401794,9.112269,-34.40179443359375,34.40179443359375,False,0.0,False
45,113,45,78.56465,10.740465,-33.56465148925781,33.56465148925781,False,0.0,False
45,114,44,72.265434,9.313815,-28.26543426513672,28.26543426513672,False,0.0,False
45,115,43,73.75551,10.869236,-30.755508422851562,30.755508422851562,False,0.0,False
45,116,42,72.76521,11.082548,-30.765213012695312,30.765213012695312,False,0.0,False
45,117,41,67.22304,9.510069,-26.223037719726562,26.223037719726562,False,0.0,False
45,118,40,57.45218,8.993812,-17.452178955078125,17.452178955078125,False,0.0,False
45,119,39,66.47214,9.422475,-27.472137451171875,27.472137451171875,False,0.0,False
45,120,38,60.29103,8.201101,-22.291030883789062,22.291030883789062,False,0.0,False
45,121,37,52.57708,9.121776,-15.577079772949219,15.577079772949219,False,0.0,False
45,122,36,57.591694,8.524945,-21.591693878173828,21.591693878173828,False,0.0,False
45,123,35,60.795197,8.988826,-25.795196533203125,25.795196533203125,False,0.0,False
45,124,34,66.50276,9.887216,-32.50276184082031,32.50276184082031,False,0.0,False
45,125,33,67.88446,8.96996,-34.88446044921875,34.88446044921875,False,0.0,False
45,126,32,67.18819,6.7904034,-35.18818664550781,35.18818664550781,False,0.0,False
45,127,31,64.41099,10.074763,-33.410987854003906,33.410987854003906,False,0.0,False
45,128,30,62.117287,8.875914,-32.117286682128906,32.117286682128906,False,0.0,False
45,129,29,55.39595,7.0588746,-26.395950317382812,26.395950317382812,False,0.0,False
45,130,28,54.437084,7.6763477,-26.437084197998047,26.437084197998047,False,0.0,False
45,131,27,53.57633,7.715059,-26.57632827758789,26.57632827758789,False,0.0,False
45,132,26,45.436577,6.7613235,-19.43657684326172,19.43657684326172,False,0.0,False
45,133,25,45.30589,6.013329,-20.305889129638672,20.305889129638672,False,0.0,False
45,134,24,47.560883,6.173065,-23.560882568359375,23.560882568359375,False,0.0,False
45,135,23,41.280327,6.068216,-18.28032684326172,18.28032684326172,False,0.0,False
45,136,22,42.19313,6.018074,-20.193130493164062,20.193130493164062,False,0.0,False
45,137,21,40.138306,5.1588974,-19.1383056640625,19.1383056640625,False,0.0,False
45,138,20,34.45704,4.5156727,-14.457038879394531,14.457038879394531,False,0.0,False
45,139,19,32.70532,4.76759,-13.705318450927734,13.705318450927734,False,0.0,False
45,140,18,31.383215,5.579322,-13.383214950561523,13.383214950561523,False,0.0,False
45,141,17,29.9223,4.357379,-12.922300338745117,12.922300338745117,False,0.0,False
45,142,16,23.490532,4.676716,-7.490531921386719,7.490531921386719,False,0.0,False
45,143,15,27.249968,3.94918,-12.249967575073242,12.249967575073242,False,0.0,False
45,144,14,26.064016,4.046988,-12.064016342163086,12.064016342163086,False,0.0,False
45,145,13,21.800762,3.7507708,-8.800762176513672,8.800762176513672,False,0.0,False
45,146,12,19.332518,3.709886,-7.332517623901367,7.332517623901367,False,0.0,False
45,147,11,18.948977,3.7293727,-7.948976516723633,7.948976516723633,False,0.0,False
45,148,10,11.669023,3.5654545,-1.669022560119629,1.669022560119629,False,0.34,True
45,149,9,11.98974,4.7294827,-2.9897403717041016,2.9897403717041016,False,0.34,True
45,150,8,11.525185,4.0692096,-3.5251846313476562,3.5251846313476562,False,0.36,True
45,151,7,11.528983,3.7596476,-4.528983116149902,4.528983116149902,False,0.36,True
45,152,6,9.448852,4.398579,-3.4488515853881836,3.4488515853881836,False,0.48,True
45,153,5,11.863167,4.5547338,-6.863166809082031,6.863166809082031,False,0.34,True
45,154,4,9.776282,4.069569,-5.77628231048584,5.77628231048584,True,0.56,True
45,155,3,8.662441,3.3827536,-5.662441253662109,5.662441253662109,True,0.68,True
45,156,2,8.8710575,2.6314306,-6.871057510375977,6.871057510375977,True,0.64,True
45,157,1,7.165117,2.81031,-6.165116786956787,6.165116786956787,True,0.8,True
45,158,0,7.4526777,3.5891504,-7.4526777267456055,7.4526777267456055,True,0.74,True
46,1,140,139.63412,19.68782,0.365875244140625,0.365875244140625,False,0.0,False
46,2,140,135.00323,18.814268,4.99676513671875,4.99676513671875,False,0.0,False
46,3,140,131.54214,19.372372,8.457855224609375,8.457855224609375,False,0.0,False
46,4,140,134.72409,16.279408,5.275909423828125,5.275909423828125,False,0.0,False
46,5,140,131.23181,16.242073,8.7681884765625,8.7681884765625,False,0.0,False
46,6,140,131.2193,16.678366,8.78070068359375,8.78070068359375,False,0.0,False
46,7,140,128.92142,16.685457,11.078582763671875,11.078582763671875,False,0.0,False
46,8,140,130.19354,17.734474,9.80645751953125,9.80645751953125,False,0.0,False
46,9,140,135.83838,14.634796,4.16162109375,4.16162109375,False,0.0,False
46,10,140,131.65866,20.084232,8.341339111328125,8.341339111328125,False,0.0,False
46,11,140,124.97241,17.650455,15.027587890625,15.027587890625,False,0.0,False
46,12,140,129.04257,19.764551,10.957427978515625,10.957427978515625,False,0.0,False
46,13,140,139.27243,20.665611,0.727569580078125,0.727569580078125,False,0.0,False
46,14,140,142.56439,19.105816,-2.56439208984375,2.56439208984375,False,0.0,False
46,15,140,138.14899,18.431051,1.85101318359375,1.85101318359375,False,0.0,False
46,16,140,142.60742,20.887754,-2.607421875,2.607421875,False,0.0,False
46,17,140,140.65157,19.097143,-0.6515655517578125,0.6515655517578125,False,0.0,False
46,18,140,140.39354,20.199013,-0.3935394287109375,0.3935394287109375,False,0.0,False
46,19,140,132.57681,18.994724,7.423187255859375,7.423187255859375,False,0.0,False
46,20,140,128.6047,18.477598,11.395294189453125,11.395294189453125,False,0.0,False
46,21,140,132.97598,17.837757,7.024017333984375,7.024017333984375,False,0.0,False
46,22,140,132.17407,18.917826,7.825927734375,7.825927734375,False,0.0,False
46,23,140,137.9745,18.496635,2.0254974365234375,2.0254974365234375,False,0.0,False
46,24,140,125.41203,15.324833,14.587966918945312,14.587966918945312,False,0.0,False
46,25,140,133.74855,14.7473345,6.2514495849609375,6.2514495849609375,False,0.0,False
46,26,140,127.724464,16.720589,12.275535583496094,12.275535583496094,False,0.0,False
46,27,140,131.53989,19.261705,8.460113525390625,8.460113525390625,False,0.0,False
46,28,140,132.71877,19.637762,7.2812347412109375,7.2812347412109375,False,0.0,False
46,29,140,135.89684,20.751976,4.1031646728515625,4.1031646728515625,False,0.0,False
46,30,140,136.18974,18.402575,3.8102569580078125,3.8102569580078125,False,0.0,False
46,31,140,135.26276,21.22011,4.73724365234375,4.73724365234375,False,0.0,False
46,32,140,136.48552,18.053072,3.5144805908203125,3.5144805908203125,False,0.0,False
46,33,140,135.28262,19.254478,4.717376708984375,4.717376708984375,False,0.0,False
46,34,140,131.20123,20.28104,8.79876708984375,8.79876708984375,False,0.0,False
46,35,140,139.17342,19.888943,0.8265838623046875,0.8265838623046875,False,0.0,False
46,36,140,135.94588,20.419586,4.0541229248046875,4.0541229248046875,False,0.0,False
46,37,140,146.01547,20.555157,-6.015472412109375,6.015472412109375,False,0.0,False
46,38,140,141.60556,16.604286,-1.605560302734375,1.605560302734375,False,0.0,False
46,39,140,141.03857,16.666409,-1.03857421875,1.03857421875,False,0.0,False
46,40,140,137.18956,17.047077,2.8104400634765625,2.8104400634765625,False,0.0,False
46,41,140,133.07991,21.038204,6.9200897216796875,6.9200897216796875,False,0.0,False
46,42,140,137.34479,20.852781,2.65521240234375,2.65521240234375,False,0.0,False
46,43,140,148.86205,18.94776,-8.862045288085938,8.862045288085938,False,0.0,False
46,44,140,145.42723,16.287014,-5.4272308349609375,5.4272308349609375,False,0.0,False
46,45,140,142.27586,16.76077,-2.2758636474609375,2.2758636474609375,False,0.0,False
46,46,140,135.70247,21.924261,4.2975311279296875,4.2975311279296875,False,0.0,False
46,47,140,141.2982,18.620993,-1.2982025146484375,1.2982025146484375,False,0.0,False
46,48,140,135.86673,17.442392,4.133270263671875,4.133270263671875,False,0.0,False
46,49,140,139.21553,20.02236,0.7844696044921875,0.7844696044921875,False,0.0,False
46,50,140,137.035,17.094675,2.964996337890625,2.964996337890625,False,0.0,False
46,51,140,139.48344,17.06157,0.5165557861328125,0.5165557861328125,False,0.0,False
46,52,140,131.83948,19.810972,8.1605224609375,8.1605224609375,False,0.0,False
46,53,140,133.12694,17.983124,6.8730621337890625,6.8730621337890625,False,0.0,False
46,54,140,119.97258,16.38872,20.027420043945312,20.027420043945312,False,0.0,False
46,55,140,130.24295,16.215586,9.757049560546875,9.757049560546875,False,0.0,False
46,56,140,124.8794,18.308533,15.120597839355469,15.120597839355469,False,0.0,False
46,57,140,124.37605,18.10946,15.623947143554688,15.623947143554688,False,0.0,False
46,58,140,128.28574,16.954311,11.714263916015625,11.714263916015625,False,0.0,False
46,59,140,130.50725,18.679966,9.492752075195312,9.492752075195312,False,0.0,False
46,60,140,132.82207,20.157627,7.1779327392578125,7.1779327392578125,False,0.0,False
46,61,140,126.91838,17.5251,13.081619262695312,13.081619262695312,False,0.0,False
46,62,140,132.6018,19.46951,7.398193359375,7.398193359375,False,0.0,False
46,63,140,137.3536,19.760803,2.646392822265625,2.646392822265625,False,0.0,False
46,64,140,136.30357,17.872639,3.6964263916015625,3.6964263916015625,False,0.0,False
46,65,140,138.02112,17.373394,1.9788818359375,1.9788818359375,False,0.0,False
46,66,140,131.09264,18.104937,8.907363891601562,8.907363891601562,False,0.0,False
46,67,140,133.65239,18.882538,6.3476104736328125,6.3476104736328125,False,0.0,False
46,68,140,134.77844,18.404081,5.2215576171875,5.2215576171875,False,0.0,False
46,69,140,121.60572,15.981461,18.39427947998047,18.39427947998047,False,0.0,False
46,70,140,134.65735,16.279236,5.3426513671875,5.3426513671875,False,0.0,False
46,71,140,131.9243,15.190932,8.075698852539062,8.075698852539062,False,0.0,False
46,72,140,128.23578,14.348051,11.76422119140625,11.76422119140625,False,0.0,False
46,73,140,135.12495,16.388718,4.8750457763671875,4.8750457763671875,False,0.0,False
46,74,140,130.45107,15.956552,9.548934936523438,9.548934936523438,False,0.0,False
46,75,140,129.63928,17.008352,10.3607177734375,10.3607177734375,False,0.0,False
46,76,140,132.69568,17.613586,7.3043212890625,7.3043212890625,False,0.0,False
46,77,140,129.82678,14.281318,10.1732177734375,10.1732177734375,False,0.0,False
46,78,140,129.59409,17.033394,10.405914306640625,10.405914306640625,False,0.0,False
46,79,140,135.0538,16.337404,4.946197509765625,4.946197509765625,False,0.0,False
46,80,140,129.404,20.091,10.595993041992188,10.595993041992188,False,0.0,False
46,81,140,138.34836,18.409449,1.651641845703125,1.651641845703125,False,0.0,False
46,82,140,133.9811,18.548037,6.0189056396484375,6.0189056396484375,False,0.0,False
46,83,140,133.55214,18.914026,6.4478607177734375,6.4478607177734375,False,0.0,False
46,84,140,126.90206,15.1100445,13.097938537597656,13.097938537597656,False,0.0,False
46,85,140,129.84392,16.054785,10.156082153320312,10.156082153320312,False,0.0,False
46,86,140,122.70515,16.604286,17.29485321044922,17.29485321044922,False,0.0,False
46,87,140,113.45979,15.530478,26.540206909179688,26.540206909179688,False,0.0,False
46,88,140,122.45662,15.396366,17.543380737304688,17.543380737304688,False,0.0,False
46,89,140,124.27497,12.989291,15.725028991699219,15.725028991699219,False,0.0,False
46,90,140,124.29768,16.536676,15.702316284179688,15.702316284179688,False,0.0,False
46,91,140,128.01686,22.863691,11.983139038085938,11.983139038085938,False,0.0,False
46,92,140,123.99634,17.98144,16.003662109375,16.003662109375,False,0.0,False
46,93,140,122.55817,15.313981,17.44183349609375,17.44183349609375,False,0.0,False
46,94,140,127.048294,16.21845,12.951705932617188,12.951705932617188,False,0.0,False
46,95,140,125.226906,13.628678,14.773094177246094,14.773094177246094,False,0.0,False
46,96,140,128.36278,13.892531,11.637222290039062,11.637222290039062,False,0.0,False
46,97,140,126.85713,16.933815,13.142868041992188,13.142868041992188,False,0.0,False
46,98,140,128.88411,17.813776,11.115890502929688,11.115890502929688,False,0.0,False
46,99,140,131.75723,13.342216,8.242767333984375,8.242767333984375,False,0.0,False
46,100,140,132.42258,17.87703,7.577423095703125,7.577423095703125,False,0.0,False
46,101,140,128.21649,16.854614,11.78350830078125,11.78350830078125,False,0.0,False
46,102,140,136.2174,17.408623,3.7825927734375,3.7825927734375,False,0.0,False
46,103,140,132.8958,17.488775,7.1042022705078125,7.1042022705078125,False,0.0,False
46,104,140,134.14008,16.096725,5.85992431640625,5.85992431640625,False,0.0,False
46,105,140,126.35004,18.712536,13.64996337890625,13.64996337890625,False,0.0,False
46,106,140,128.39507,17.374926,11.604934692382812,11.604934692382812,False,0.0,False
46,107,140,128.1074,18.642065,11.892593383789062,11.892593383789062,False,0.0,False
46,108,140,129.69707,15.15145,10.302932739257812,10.302932739257812,False,0.0,False
46,109,140,122.819824,17.294807,17.18017578125,17.18017578125,False,0.0,False
46,110,140,120.84218,14.895758,19.157821655273438,19.157821655273438,False,0.0,False
46,111,140,124.473366,14.310533,15.526634216308594,15.526634216308594,False,0.0,False
46,112,140,120.6353,16.600706,19.364700317382812,19.364700317382812,False,0.0,False
46,113,140,122.39039,16.449688,17.60961151123047,17.60961151123047,False,0.0,False
46,114,140,122.69618,19.911375,17.303817749023438,17.303817749023438,False,0.0,False
46,115,140,120.84469,16.177605,19.155311584472656,19.155311584472656,False,0.0,False
46,116,140,123.87717,17.53987,16.122833251953125,16.122833251953125,False,0.0,False
46,117,139,119.219475,15.431788,19.78052520751953,19.78052520751953,False,0.0,False
46,118,138,117.47291,16.565231,20.52709197998047,20.52709197998047,False,0.0,False
46,119,137,113.09798,17.379337,23.902023315429688,23.902023315429688,False,0.0,False
46,120,136,112.101135,15.255187,23.89886474609375,23.89886474609375,False,0.0,False
46,121,135,114.751045,13.837035,20.24895477294922,20.24895477294922,False,0.0,False
46,122,134,114.21118,14.568005,19.788818359375,19.788818359375,False,0.0,False
46,123,133,118.40797,16.719145,14.592033386230469,14.592033386230469,False,0.0,False
46,124,132,119.82358,19.941072,12.176422119140625,12.176422119140625,False,0.0,False
46,125,131,120.390114,17.6274,10.609886169433594,10.609886169433594,False,0.0,False
46,126,130,117.751526,15.029683,12.24847412109375,12.24847412109375,False,0.0,False
46,127,129,119.13605,15.263856,9.86395263671875,9.86395263671875,False,0.0,False
46,128,128,120.91369,15.645943,7.086311340332031,7.086311340332031,False,0.0,False
46,129,127,114.13622,16.941322,12.863777160644531,12.863777160644531,False,0.0,False
46,130,126,116.68955,17.31722,9.310447692871094,9.310447692871094,False,0.0,False
46,131,125,122.48193,17.413725,2.51806640625,2.51806640625,False,0.0,False
46,132,124,117.141174,16.191126,6.85882568359375,6.85882568359375,False,0.0,False
46,133,123,117.74807,14.342991,5.251930236816406,5.251930236816406,False,0.0,False
46,134,122,118.15294,17.875109,3.8470611572265625,3.8470611572265625,False,0.0,False
46,135,121,119.38452,14.796466,1.615478515625,1.615478515625,False,0.0,False
46,136,120,116.46804,14.493384,3.5319595336914062,3.5319595336914062,False,0.0,False
46,137,119,113.89975,16.752102,5.100250244140625,5.100250244140625,False,0.0,False
46,138,118,116.46782,16.965376,1.5321807861328125,1.5321807861328125,False,0.0,False
46,139,117,113.722824,15.57278,3.2771759033203125,3.2771759033203125,False,0.0,False
46,140,116,118.21896,15.896843,-2.218963623046875,2.218963623046875,False,0.0,False
46,141,115,118.23395,17.290749,-3.23394775390625,3.23394775390625,False,0.0,False
46,142,114,127.783066,16.650753,-13.783065795898438,13.783065795898438,False,0.0,False
46,143,113,122.88882,17.320532,-9.888816833496094,9.888816833496094,False,0.0,False
46,144,112,120.07901,19.669518,-8.079010009765625,8.079010009765625,False,0.0,False
46,145,111,121.85076,19.474804,-10.850761413574219,10.850761413574219,False,0.0,False
46,146,110,114.04387,15.41531,-4.0438690185546875,4.0438690185546875,False,0.0,False
46,147,109,114.39645,15.278671,-5.396446228027344,5.396446228027344,False,0.0,False
46,148,108,112.70854,15.487185,-4.7085418701171875,4.7085418701171875,False,0.0,False
46,149,107,110.46342,15.986728,-3.4634170532226562,3.4634170532226562,False,0.0,False
46,150,106,113.26959,17.803705,-7.26959228515625,7.26959228515625,False,0.0,False
46,151,105,113.39424,15.177865,-8.394241333007812,8.394241333007812,False,0.0,False
46,152,104,116.24449,16.29755,-12.244491577148438,12.244491577148438,False,0.0,False
46,153,103,119.41716,14.153722,-16.417160034179688,16.417160034179688,False,0.0,False
46,154,102,116.75893,14.690361,-14.758926391601562,14.758926391601562,False,0.0,False
46,155,101,112.22653,12.021739,-11.226531982421875,11.226531982421875,False,0.0,False
46,156,100,116.49401,15.799693,-16.49401092529297,16.49401092529297,False,0.0,False
46,157,99,116.55569,16.330479,-17.555686950683594,17.555686950683594,False,0.0,False
46,158,98,113.28831,16.283884,-15.288307189941406,15.288307189941406,False,0.0,False
46,159,97,112.25888,14.406649,-15.258880615234375,15.258880615234375,False,0.0,False
46,160,96,109.65353,16.740541,-13.653526306152344,13.653526306152344,False,0.0,False
46,161,95,111.07457,15.502133,-16.074569702148438,16.074569702148438,False,0.0,False
46,162,94,114.20978,12.465261,-20.20977783203125,20.20977783203125,False,0.0,False
46,163,93,113.31041,17.184523,-20.310409545898438,20.310409545898438,False,0.0,False
46,164,92,108.48702,13.767343,-16.487022399902344,16.487022399902344,False,0.0,False
46,165,91,107.70776,13.315473,-16.707763671875,16.707763671875,False,0.0,False
46,166,90,106.965706,14.7948885,-16.96570587158203,16.96570587158203,False,0.0,False
46,167,89,114.139084,17.769535,-25.139083862304688,25.139083862304688,False,0.0,False
46,168,88,111.87627,13.013403,-23.876266479492188,23.876266479492188,False,0.0,False
46,169,87,105.79714,13.562908,-18.797142028808594,18.797142028808594,False,0.0,False
46,170,86,118.19743,13.209208,-32.19743347167969,32.19743347167969,False,0.0,False
46,171,85,118.00292,15.014728,-33.00292205810547,33.00292205810547,False,0.0,False
46,172,84,110.67511,17.596865,-26.67510986328125,26.67510986328125,False,0.0,False
46,173,83,113.135765,15.276157,-30.135765075683594,30.135765075683594,False,0.0,False
46,174,82,101.65067,15.979898,-19.650672912597656,19.650672912597656,False,0.0,False
46,175,81,105.301575,14.971366,-24.30157470703125,24.30157470703125,False,0.0,False
46,176,80,102.908165,13.837264,-22.908164978027344,22.908164978027344,False,0.0,False
46,177,79,99.19152,13.968677,-20.19152069091797,20.19152069091797,False,0.0,False
46,178,78,98.39408,10.881265,-20.394081115722656,20.394081115722656,False,0.0,False
46,179,77,106.69553,13.079475,-29.695533752441406,29.695533752441406,False,0.0,False
46,180,76,96.33015,13.000327,-20.33014678955078,20.33014678955078,False,0.0,False
46,181,75,102.19544,12.164085,-27.19544219970703,27.19544219970703,False,0.0,False
46,182,74,105.95316,13.086833,-31.953163146972656,31.953163146972656,False,0.0,False
46,183,73,107.60822,14.442513,-34.60822296142578,34.60822296142578,False,0.0,False
46,184,72,101.08241,15.084629,-29.082412719726562,29.082412719726562,False,0.0,False
46,185,71,104.60593,13.31169,-33.605926513671875,33.605926513671875,False,0.0,False
46,186,70,101.61015,12.365062,-31.610153198242188,31.610153198242188,False,0.0,False
46,187,69,97.218544,13.08064,-28.218544006347656,28.218544006347656,False,0.0,False
46,188,68,92.66065,12.594613,-24.66065216064453,24.66065216064453,False,0.0,False
46,189,67,89.8196,11.804327,-22.819602966308594,22.819602966308594,False,0.0,False
46,190,66,98.53255,15.817071,-32.53254699707031,32.53254699707031,False,0.0,False
46,191,65,96.97227,13.879607,-31.972267150878906,31.972267150878906,False,0.0,False
46,192,64,88.963844,11.964322,-24.963844299316406,24.963844299316406,False,0.0,False
46,193,63,95.29341,12.433237,-32.29341125488281,32.29341125488281,False,0.0,False
46,194,62,103.7524,14.071178,-41.752403259277344,41.752403259277344,False,0.0,False
46,195,61,88.661865,12.438343,-27.661865234375,27.661865234375,False,0.0,False
46,196,60,97.023125,12.742924,-37.02312469482422,37.02312469482422,False,0.0,False
46,197,59,95.61045,12.704932,-36.610450744628906,36.610450744628906,False,0.0,False
46,198,58,98.11974,13.392423,-40.11974334716797,40.11974334716797,False,0.0,False
46,199,57,97.31131,11.614621,-40.311309814453125,40.311309814453125,False,0.0,False
46,200,56,96.71294,12.808459,-40.71293640136719,40.71293640136719,False,0.0,False
46,201,55,98.474396,17.070364,-43.474395751953125,43.474395751953125,False,0.0,False
46,202,54,94.04356,14.185273,-40.043556213378906,40.043556213378906,False,0.0,False
46,203,53,86.75164,11.309404,-33.75164031982422,33.75164031982422,False,0.0,False
46,204,52,87.98391,13.635096,-35.983909606933594,35.983909606933594,False,0.0,False
46,205,51,92.75234,12.411135,-41.752342224121094,41.752342224121094,False,0.0,False
46,206,50,91.47035,9.912306,-41.47035217285156,41.47035217285156,False,0.0,False
46,207,49,86.26399,12.682989,-37.26399230957031,37.26399230957031,False,0.0,False
46,208,48,91.72504,11.912169,-43.72503662109375,43.72503662109375,False,0.0,False
46,209,47,85.60245,12.001421,-38.602447509765625,38.602447509765625,False,0.0,False
46,210,46,72.88319,12.157787,-26.88318634033203,26.88318634033203,False,0.0,False
46,211,45,69.95466,10.784321,-24.95465850830078,24.95465850830078,False,0.0,False
46,212,44,65.73186,9.85202,-21.731857299804688,21.731857299804688,False,0.0,False
46,213,43,60.624588,10.799852,-17.624588012695312,17.624588012695312,False,0.0,False
46,214,42,66.23048,11.206245,-24.23047637939453,24.23047637939453,False,0.0,False
46,215,41,64.68531,9.871444,-23.68531036376953,23.68531036376953,False,0.0,False
46,216,40,62.38386,11.148528,-22.383861541748047,22.383861541748047,False,0.0,False
46,217,39,68.06004,12.550358,-29.060043334960938,29.060043334960938,False,0.0,False
46,218,38,55.303223,11.961894,-17.30322265625,17.30322265625,False,0.0,False
46,219,37,40.75374,12.633543,-3.7537384033203125,3.7537384033203125,False,0.0,False
46,220,36,42.082016,11.316301,-6.0820159912109375,6.0820159912109375,False,0.0,False
46,221,35,44.757393,13.14374,-9.757392883300781,9.757392883300781,False,0.0,False
46,222,34,46.865406,10.455258,-12.865406036376953,12.865406036376953,False,0.0,False
46,223,33,48.5512,12.516715,-15.551200866699219,15.551200866699219,False,0.0,False
46,224,32,50.301037,10.472251,-18.301036834716797,18.301036834716797,False,0.0,False
46,225,31,50.381187,10.698938,-19.381187438964844,19.381187438964844,False,0.0,False
46,226,30,52.452625,12.768572,-22.452625274658203,22.452625274658203,False,0.0,False
46,227,29,49.18457,11.297906,-20.1845703125,20.1845703125,False,0.0,False
46,228,28,38.358585,9.885489,-10.358585357666016,10.358585357666016,False,0.0,False
46,229,27,43.292004,11.657367,-16.292003631591797,16.292003631591797,False,0.02,False
46,230,26,36.81506,10.523106,-10.815059661865234,10.815059661865234,False,0.0,False
46,231,25,32.333633,9.911213,-7.3336334228515625,7.3336334228515625,False,0.0,False
46,232,24,33.476383,12.1697445,-9.476383209228516,9.476383209228516,False,0.04,False
46,233,23,27.17602,9.791654,-4.176019668579102,4.176019668579102,False,0.04,False
46,234,22,24.683748,10.541331,-2.683748245239258,2.683748245239258,False,0.12,False
46,235,21,23.82048,10.562608,-2.8204803466796875,2.8204803466796875,False,0.12,False
46,236,20,17.553328,11.674355,2.4466724395751953,2.4466724395751953,False,0.22,False
46,237,19,22.879473,11.323378,-3.8794727325439453,3.8794727325439453,False,0.14,False
46,238,18,26.007627,11.065345,-8.007627487182617,8.007627487182617,False,0.14,False
46,239,17,20.707844,12.402346,-3.707843780517578,3.707843780517578,False,0.22,False
46,240,16,20.300583,11.927842,-4.3005828857421875,4.3005828857421875,False,0.2,False
46,241,15,20.242577,10.616098,-5.242576599121094,5.242576599121094,False,0.16,False
46,242,14,17.122435,10.63807,-3.122434616088867,3.122434616088867,False,0.26,False
46,243,13,13.312517,10.296291,-0.3125171661376953,0.3125171661376953,False,0.36,True
46,244,12,13.149475,11.375523,-1.14947509765625,1.14947509765625,False,0.42,True
46,245,11,13.509304,10.401769,-2.5093040466308594,2.5093040466308594,False,0.32,True
46,246,10,11.973274,8.782253,-1.9732742309570312,1.9732742309570312,False,0.36,True
46,247,9,14.352235,10.346294,-5.352234840393066,5.352234840393066,False,0.28,False
46,248,8,11.638128,10.317383,-3.6381282806396484,3.6381282806396484,False,0.42,True
46,249,7,7.489254,10.144835,-0.4892539978027344,0.4892539978027344,False,0.62,True
46,250,6,9.651472,10.230036,-3.6514720916748047,3.6514720916748047,False,0.5,True
46,251,5,9.156384,10.60077,-4.156384468078613,4.156384468078613,False,0.54,True
46,252,4,8.459054,10.195097,-4.459053993225098,4.459053993225098,True,0.64,True
46,253,3,9.678668,9.484842,-6.678668022155762,6.678668022155762,True,0.52,True
46,254,2,5.163452,11.693679,-3.1634521484375,3.1634521484375,True,0.6,True
46,255,1,4.268068,10.301716,-3.2680678367614746,3.2680678367614746,True,0.78,True
46,256,0,3.395195,10.58214,-3.3951950073242188,3.3951950073242188,True,0.72,True
54,1,140,133.06628,17.579117,6.9337158203125,6.9337158203125,False,0.0,False
54,2,140,125.63198,19.304201,14.368019104003906,14.368019104003906,False,0.0,False
54,3,140,130.51283,16.064142,9.487167358398438,9.487167358398438,False,0.0,False
54,4,140,130.42667,19.090992,9.573333740234375,9.573333740234375,False,0.0,False
54,5,140,130.47876,16.517939,9.521240234375,9.521240234375,False,0.0,False
54,6,140,126.888535,16.940722,13.111465454101562,13.111465454101562,False,0.0,False
54,7,140,128.77206,16.85074,11.227935791015625,11.227935791015625,False,0.0,False
54,8,140,130.43921,19.194145,9.560791015625,9.560791015625,False,0.0,False
54,9,140,127.35086,16.751406,12.649139404296875,12.649139404296875,False,0.0,False
54,10,140,123.11071,17.5594,16.88928985595703,16.88928985595703,False,0.0,False
54,11,140,131.21239,18.55517,8.787612915039062,8.787612915039062,False,0.0,False
54,12,140,125.12768,18.358496,14.872322082519531,14.872322082519531,False,0.0,False
54,13,140,127.13748,18.179981,12.862518310546875,12.862518310546875,False,0.0,False
54,14,140,124.46623,16.626787,15.533767700195312,15.533767700195312,False,0.0,False
54,15,140,129.40312,15.118419,10.596878051757812,10.596878051757812,False,0.0,False
54,16,140,137.53447,19.403622,2.4655303955078125,2.4655303955078125,False,0.0,False
54,17,140,131.57686,14.593957,8.423141479492188,8.423141479492188,False,0.0,False
54,18,140,130.60786,20.052643,9.392135620117188,9.392135620117188,False,0.0,False
54,19,140,139.70406,20.812334,0.2959442138671875,0.2959442138671875,False,0.0,False
54,20,140,133.56064,19.230486,6.439361572265625,6.439361572265625,False,0.0,False
54,21,140,136.81566,15.230794,3.1843414306640625,3.1843414306640625,False,0.0,False
54,22,140,137.22562,19.374645,2.774383544921875,2.774383544921875,False,0.0,False
54,23,140,137.97711,15.996712,2.02288818359375,2.02288818359375,False,0.0,False
54,24,140,129.61905,19.201826,10.380950927734375,10.380950927734375,False,0.0,False
54,25,140,135.21033,15.268976,4.7896728515625,4.7896728515625,False,0.0,False
54,26,140,135.28102,16.080914,4.7189788818359375,4.7189788818359375,False,0.0,False
54,27,140,127.392624,16.051254,12.607376098632812,12.607376098632812,False,0.0,False
54,28,140,133.21622,21.587444,6.783782958984375,6.783782958984375,False,0.0,False
54,29,140,126.812386,17.09371,13.187614440917969,13.187614440917969,False,0.0,False
54,30,140,125.16524,15.613007,14.834762573242188,14.834762573242188,False,0.0,False
54,31,140,121.57212,15.964129,18.427879333496094,18.427879333496094,False,0.0,False
54,32,140,125.73929,15.206782,14.260711669921875,14.260711669921875,False,0.0,False
54,33,140,125.712746,17.54204,14.287254333496094,14.287254333496094,False,0.0,False
54,34,140,129.3941,19.340942,10.60589599609375,10.60589599609375,False,0.0,False
54,35,140,136.06813,18.66684,3.9318695068359375,3.9318695068359375,False,0.0,False
54,36,140,130.2324,15.311966,9.767593383789062,9.767593383789062,False,0.0,False
54,37,140,136.90358,17.404644,3.0964202880859375,3.0964202880859375,False,0.0,False
54,38,140,132.8136,17.924667,7.1864013671875,7.1864013671875,False,0.0,False
54,39,140,129.04167,13.671074,10.958328247070312,10.958328247070312,False,0.0,False
54,40,140,123.80804,18.9184,16.19196319580078,16.19196319580078,False,0.0,False
54,41,140,129.82695,16.700834,10.173049926757812,10.173049926757812,False,0.0,False
54,42,140,131.3011,18.520973,8.698898315429688,8.698898315429688,False,0.0,False
54,43,140,128.00371,17.378393,11.996292114257812,11.996292114257812,False,0.0,False
54,44,140,126.90542,16.89982,13.094581604003906,13.094581604003906,False,0.0,False
54,45,140,136.61842,19.055954,3.3815765380859375,3.3815765380859375,False,0.0,False
54,46,140,130.7363,20.531294,9.263702392578125,9.263702392578125,False,0.0,False
54,47,140,133.43764,17.474558,6.5623626708984375,6.5623626708984375,False,0.0,False
54,48,140,129.14514,14.779365,10.8548583984375,10.8548583984375,False,0.0,False
54,49,140,131.53888,17.321915,8.46112060546875,8.46112060546875,False,0.0,False
54,50,140,134.67036,18.773294,5.3296356201171875,5.3296356201171875,False,0.0,False
54,51,140,132.4548,19.086016,7.545196533203125,7.545196533203125,False,0.0,False
54,52,140,133.38687,19.49194,6.613128662109375,6.613128662109375,False,0.0,False
54,53,140,136.67828,19.83863,3.32171630859375,3.32171630859375,False,0.0,False
54,54,140,132.27211,16.91336,7.7278900146484375,7.7278900146484375,False,0.0,False
54,55,140,129.20412,15.609767,10.795883178710938,10.795883178710938,False,0.0,False
54,56,140,130.4159,16.49157,9.5841064453125,9.5841064453125,False,0.0,False
54,57,140,128.75356,19.612883,11.246444702148438,11.246444702148438,False,0.0,False
54,58,140,119.07437,17.643116,20.925628662109375,20.925628662109375,False,0.0,False
54,59,140,124.48128,15.713053,15.518722534179688,15.518722534179688,False,0.0,False
54,60,140,128.94318,18.403547,11.05682373046875,11.05682373046875,False,0.0,False
54,61,140,124.20578,17.46389,15.794219970703125,15.794219970703125,False,0.0,False
54,62,140,119.83891,17.097042,20.161087036132812,20.161087036132812,False,0.0,False
54,63,140,124.92618,14.974844,15.073822021484375,15.073822021484375,False,0.0,False
54,64,140,128.48206,16.014416,11.5179443359375,11.5179443359375,False,0.0,False
54,65,140,128.24586,16.90075,11.754135131835938,11.754135131835938,False,0.0,False
54,66,140,133.11377,18.630474,6.88623046875,6.88623046875,False,0.0,False
54,67,140,130.44107,15.688691,9.558929443359375,9.558929443359375,False,0.0,False
54,68,140,127.710304,18.193283,12.289695739746094,12.289695739746094,False,0.0,False
54,69,140,122.46579,14.692663,17.534210205078125,17.534210205078125,False,0.0,False
54,70,140,119.40025,17.456165,20.599746704101562,20.599746704101562,False,0.0,False
54,71,140,131.04134,18.628954,8.958663940429688,8.958663940429688,False,0.0,False
54,72,140,128.25693,17.547709,11.743072509765625,11.743072509765625,False,0.0,False
54,73,140,125.727936,18.416601,14.272064208984375,14.272064208984375,False,0.0,False
54,74,140,127.310616,15.615278,12.689384460449219,12.689384460449219,False,0.0,False
54,75,140,127.03149,14.877728,12.968513488769531,12.968513488769531,False,0.0,False
54,76,140,125.47091,13.830601,14.529090881347656,14.529090881347656,False,0.0,False
54,77,140,120.41325,20.104738,19.586746215820312,19.586746215820312,False,0.0,False
54,78,140,126.13084,15.415824,13.869163513183594,13.869163513183594,False,0.0,False
54,79,140,126.87213,17.335297,13.12786865234375,13.12786865234375,False,0.0,False
54,80,140,128.03008,15.606144,11.969924926757812,11.969924926757812,False,0.0,False
54,81,140,129.505,17.404367,10.4949951171875,10.4949951171875,False,0.0,False
54,82,140,129.05246,17.56007,10.947540283203125,10.947540283203125,False,0.0,False
54,83,140,124.73019,17.148142,15.269813537597656,15.269813537597656,False,0.0,False
54,84,140,128.94687,14.745474,11.053131103515625,11.053131103515625,False,0.0,False
54,85,140,125.30536,16.556726,14.69464111328125,14.69464111328125,False,0.0,False
54,86,140,120.137794,19.080006,19.862205505371094,19.862205505371094,False,0.0,False
54,87,140,130.83835,19.388985,9.161651611328125,9.161651611328125,False,0.0,False
54,88,140,121.923965,19.42017,18.076034545898438,18.076034545898438,False,0.0,False
54,89,140,127.3439,18.335907,12.656097412109375,12.656097412109375,False,0.0,False
54,90,140,126.0798,18.01619,13.920196533203125,13.920196533203125,False,0.0,False
54,91,140,127.26464,16.795446,12.735359191894531,12.735359191894531,False,0.0,False
54,92,140,123.356735,14.701575,16.643264770507812,16.643264770507812,False,0.0,False
54,93,140,117.09941,15.925435,22.900588989257812,22.900588989257812,False,0.0,False
54,94,140,118.467575,15.174926,21.532424926757812,21.532424926757812,False,0.0,False
54,95,140,118.908035,16.866913,21.091964721679688,21.091964721679688,False,0.0,False
54,96,140,123.20807,13.539141,16.79193115234375,16.79193115234375,False,0.0,False
54,97,140,116.40246,18.568716,23.59754180908203,23.59754180908203,False,0.0,False
54,98,140,118.43237,16.306139,21.567626953125,21.567626953125,False,0.0,False
54,99,140,112.77986,18.39702,27.220138549804688,27.220138549804688,False,0.0,False
54,100,140,112.24009,13.344731,27.759910583496094,27.759910583496094,False,0.0,False
54,101,140,107.061676,13.677754,32.938323974609375,32.938323974609375,False,0.0,False
54,102,140,110.61634,14.280525,29.38365936279297,29.38365936279297,False,0.0,False
54,103,140,107.63567,15.230903,32.36432647705078,32.36432647705078,False,0.0,False
54,104,140,114.38138,16.624128,25.618621826171875,25.618621826171875,False,0.0,False
54,105,140,114.71873,15.556121,25.281272888183594,25.281272888183594,False,0.0,False
54,106,140,122.19454,15.745019,17.805458068847656,17.805458068847656,False,0.0,False
54,107,140,123.93527,16.381382,16.064727783203125,16.064727783203125,False,0.0,False
54,108,140,119.52559,17.466066,20.474411010742188,20.474411010742188,False,0.0,False
54,109,140,120.35538,17.13463,19.644622802734375,19.644622802734375,False,0.0,False
54,110,140,117.93643,16.071445,22.063568115234375,22.063568115234375,False,0.0,False
54,111,140,112.548615,13.676697,27.451385498046875,27.451385498046875,False,0.0,False
54,112,140,106.59266,16.58678,33.40734100341797,33.40734100341797,False,0.0,False
54,113,140,118.122406,14.564672,21.877593994140625,21.877593994140625,False,0.0,False
54,114,140,115.78998,14.484249,24.21002197265625,24.21002197265625,False,0.0,False
54,115,140,118.429344,15.017475,21.570655822753906,21.570655822753906,False,0.0,False
54,116,140,115.176025,15.056294,24.823974609375,24.823974609375,False,0.0,False
54,117,140,122.98622,16.034512,17.013778686523438,17.013778686523438,False,0.0,False
54,118,139,114.65823,15.835413,24.341766357421875,24.341766357421875,False,0.0,False
54,119,138,123.396194,20.124224,14.603805541992188,14.603805541992188,False,0.0,False
54,120,137,121.10303,16.225246,15.89697265625,15.89697265625,False,0.0,False
54,121,136,122.64582,15.36869,13.354179382324219,13.354179382324219,False,0.0,False
54,122,135,113.4549,15.948438,21.54509735107422,21.54509735107422,False,0.0,False
54,123,134,118.55156,16.964424,15.448440551757812,15.448440551757812,False,0.0,False
54,124,133,112.34773,14.681405,20.652267456054688,20.652267456054688,False,0.0,False
54,125,132,112.6497,15.155738,19.350303649902344,19.350303649902344,False,0.0,False
54,126,131,112.87149,14.734301,18.128509521484375,18.128509521484375,False,0.0,False
54,127,130,107.06076,12.897108,22.939239501953125,22.939239501953125,False,0.0,False
54,128,129,107.863655,15.993481,21.13634490966797,21.13634490966797,False,0.0,False
54,129,128,111.06502,13.11862,16.934982299804688,16.934982299804688,False,0.0,False
54,130,127,115.59982,13.29335,11.400177001953125,11.400177001953125,False,0.0,False
54,131,126,103.98487,15.509972,22.01512908935547,22.01512908935547,False,0.0,False
54,132,125,107.0122,11.556377,17.98780059814453,17.98780059814453,False,0.0,False
54,133,124,104.606926,14.960774,19.39307403564453,19.39307403564453,False,0.0,False
54,134,123,106.170944,14.96127,16.829055786132812,16.829055786132812,False,0.0,False
54,135,122,96.26234,13.498204,25.73766326904297,25.73766326904297,False,0.0,False
54,136,121,100.82977,14.965856,20.17022705078125,20.17022705078125,False,0.0,False
54,137,120,91.47524,14.016895,28.524757385253906,28.524757385253906,False,0.0,False
54,138,119,91.9594,12.686446,27.040603637695312,27.040603637695312,False,0.0,False
54,139,118,92.07534,9.698579,25.924659729003906,25.924659729003906,False,0.0,False
54,140,117,89.570564,11.236124,27.42943572998047,27.42943572998047,False,0.0,False
54,141,116,94.09728,9.594885,21.90271759033203,21.90271759033203,False,0.0,False
54,142,115,101.97685,14.575008,13.023147583007812,13.023147583007812,False,0.0,False
54,143,114,104.42605,13.113425,9.573951721191406,9.573951721191406,False,0.0,False
54,144,113,100.60124,13.380818,12.398757934570312,12.398757934570312,False,0.0,False
54,145,112,100.25885,12.391495,11.74114990234375,11.74114990234375,False,0.0,False
54,146,111,98.20741,11.57036,12.792587280273438,12.792587280273438,False,0.0,False
54,147,110,98.97374,12.850239,11.026260375976562,11.026260375976562,False,0.0,False
54,148,109,100.95135,14.849572,8.048652648925781,8.048652648925781,False,0.0,False
54,149,108,98.371025,13.5266,9.628974914550781,9.628974914550781,False,0.0,False
54,150,107,102.25973,15.357335,4.740272521972656,4.740272521972656,False,0.0,False
54,151,106,98.93022,13.349885,7.0697784423828125,7.0697784423828125,False,0.0,False
54,152,105,101.342804,11.910285,3.657196044921875,3.657196044921875,False,0.0,False
54,153,104,97.40666,13.527205,6.5933380126953125,6.5933380126953125,False,0.0,False
54,154,103,99.96827,12.288278,3.0317306518554688,3.0317306518554688,False,0.0,False
54,155,102,97.443504,11.280879,4.556495666503906,4.556495666503906,False,0.0,False
54,156,101,98.64181,12.314253,2.3581924438476562,2.3581924438476562,False,0.0,False
54,157,100,93.159515,12.520113,6.840484619140625,6.840484619140625,False,0.0,False
54,158,99,92.78789,10.044221,6.2121124267578125,6.2121124267578125,False,0.0,False
54,159,98,90.53452,11.842018,7.465476989746094,7.465476989746094,False,0.0,False
54,160,97,95.13051,10.681987,1.8694915771484375,1.8694915771484375,False,0.0,False
54,161,96,91.20648,12.35525,4.79351806640625,4.79351806640625,False,0.0,False
54,162,95,91.58552,13.744204,3.4144821166992188,3.4144821166992188,False,0.0,False
54,163,94,91.23414,12.868826,2.7658615112304688,2.7658615112304688,False,0.0,False
54,164,93,93.58441,12.549376,-0.58441162109375,0.58441162109375,False,0.0,False
54,165,92,85.56796,13.75584,6.432037353515625,6.432037353515625,False,0.0,False
54,166,91,90.069275,13.459933,0.93072509765625,0.93072509765625,False,0.0,False
54,167,90,91.01814,11.5983,-1.0181427001953125,1.0181427001953125,False,0.0,False
54,168,89,91.845505,15.673388,-2.8455047607421875,2.8455047607421875,False,0.0,False
54,169,88,85.24728,11.321999,2.7527236938476562,2.7527236938476562,False,0.0,False
54,170,87,83.7426,11.438899,3.2574005126953125,3.2574005126953125,False,0.0,False
54,171,86,81.97119,11.318916,4.02880859375,4.02880859375,False,0.0,False
54,172,85,82.615265,12.432641,2.384735107421875,2.384735107421875,False,0.0,False
54,173,84,79.90156,12.865165,4.098442077636719,4.098442077636719,False,0.0,False
54,174,83,84.098625,12.47168,-1.0986251831054688,1.0986251831054688,False,0.0,False
54,175,82,84.89489,12.771753,-2.8948898315429688,2.8948898315429688,False,0.0,False
54,176,81,81.54654,12.639274,-0.546539306640625,0.546539306640625,False,0.0,False
54,177,80,83.94656,12.233533,-3.946563720703125,3.946563720703125,False,0.0,False
54,178,79,78.5135,13.151691,0.48650360107421875,0.48650360107421875,False,0.0,False
54,179,78,86.58354,10.317272,-8.583541870117188,8.583541870117188,False,0.0,False
54,180,77,79.01788,10.556792,-2.01788330078125,2.01788330078125,False,0.0,False
54,181,76,74.03089,10.7633505,1.9691085815429688,1.9691085815429688,False,0.0,False
54,182,75,74.966965,11.285525,0.0330352783203125,0.0330352783203125,False,0.0,False
54,183,74,72.9132,11.312034,1.0867996215820312,1.0867996215820312,False,0.0,False
54,184,73,73.41792,10.108765,-0.4179229736328125,0.4179229736328125,False,0.0,False
54,185,72,72.52597,10.184463,-0.525970458984375,0.525970458984375,False,0.0,False
54,186,71,65.75577,10.295685,5.244232177734375,5.244232177734375,False,0.0,False
54,187,70,69.394775,9.645765,0.605224609375,0.605224609375,False,0.0,False
54,188,69,72.742096,9.843944,-3.742095947265625,3.742095947265625,False,0.0,False
54,189,68,73.176445,10.997828,-5.176445007324219,5.176445007324219,False,0.0,False
54,190,67,66.64304,9.118495,0.35695648193359375,0.35695648193359375,False,0.0,False
54,191,66,66.30168,8.1073265,-0.3016815185546875,0.3016815185546875,False,0.0,False
54,192,65,55.92145,10.622794,9.078548431396484,9.078548431396484,False,0.0,False
54,193,64,59.835026,8.969034,4.164974212646484,4.164974212646484,False,0.0,False
54,194,63,54.18403,9.153866,8.815971374511719,8.815971374511719,False,0.0,False
54,195,62,56.10583,6.364738,5.894168853759766,5.894168853759766,False,0.0,False
54,196,61,59.877323,8.028346,1.1226768493652344,1.1226768493652344,False,0.0,False
54,197,60,54.88544,9.914039,5.114559173583984,5.114559173583984,False,0.0,False
54,198,59,52.495605,6.222911,6.50439453125,6.50439453125,False,0.0,False
54,199,58,54.278664,8.145882,3.7213363647460938,3.7213363647460938,False,0.0,False
54,200,57,48.899925,6.766303,8.100074768066406,8.100074768066406,False,0.0,False
54,201,56,44.210705,6.8908668,11.789295196533203,11.789295196533203,False,0.0,False
54,202,55,41.535404,6.5336976,13.464595794677734,13.464595794677734,False,0.0,False
54,203,54,46.35566,7.407797,7.644340515136719,7.644340515136719,False,0.0,False
54,204,53,47.485374,7.199638,5.514625549316406,5.514625549316406,False,0.0,False
54,205,52,42.27876,6.0566545,9.721240997314453,9.721240997314453,False,0.0,False
54,206,51,43.3799,5.4586296,7.620098114013672,7.620098114013672,False,0.0,False
54,207,50,38.293213,6.230695,11.706787109375,11.706787109375,False,0.0,False
54,208,49,34.908604,6.325541,14.09139633178711,14.09139633178711,False,0.0,False
54,209,48,35.860878,6.54057,12.139122009277344,12.139122009277344,False,0.0,False
54,210,47,39.301903,6.676126,7.698097229003906,7.698097229003906,False,0.0,False
54,211,46,35.43665,6.135967,10.563350677490234,10.563350677490234,False,0.0,False
54,212,45,34.42866,7.0455494,10.571338653564453,10.571338653564453,False,0.0,False
54,213,44,30.368462,5.12255,13.631538391113281,13.631538391113281,False,0.0,False
54,214,43,30.892803,5.769949,12.107196807861328,12.107196807861328,False,0.0,False
54,215,42,28.743189,5.0455236,13.256811141967773,13.256811141967773,False,0.0,False
54,216,41,27.062525,5.0656996,13.937475204467773,13.937475204467773,False,0.0,False
54,217,40,25.356989,4.4628363,14.643011093139648,14.643011093139648,False,0.0,False
54,218,39,28.608896,5.543868,10.391103744506836,10.391103744506836,False,0.0,False
54,219,38,26.557367,4.5806875,11.442632675170898,11.442632675170898,False,0.0,False
54,220,37,32.512344,6.0451546,4.4876556396484375,4.4876556396484375,False,0.0,False
54,221,36,31.627504,5.1941032,4.372495651245117,4.372495651245117,False,0.0,False
54,222,35,29.211199,5.940761,5.788801193237305,5.788801193237305,False,0.0,False
54,223,34,35.140568,6.6608095,-1.1405677795410156,1.1405677795410156,False,0.0,False
54,224,33,30.380774,4.799495,2.6192264556884766,2.6192264556884766,False,0.0,False
54,225,32,28.865637,4.9347887,3.1343631744384766,3.1343631744384766,False,0.0,False
54,226,31,24.939852,5.3823123,6.060148239135742,6.060148239135742,False,0.02,False
54,227,30,24.1186,4.3662324,5.881399154663086,5.881399154663086,False,0.0,False
54,228,29,24.39615,4.3109202,4.603849411010742,4.603849411010742,False,0.0,False
54,229,28,25.192032,4.4197807,2.8079681396484375,2.8079681396484375,False,0.0,False
54,230,27,21.177444,3.1776273,5.8225555419921875,5.8225555419921875,False,0.0,False
54,231,26,22.465647,3.6532545,3.534353256225586,3.534353256225586,False,0.0,False
54,232,25,22.285307,3.1482625,2.714693069458008,2.714693069458008,False,0.0,False
54,233,24,19.13636,3.5591443,4.863639831542969,4.863639831542969,False,0.02,False
54,234,23,19.390728,3.651275,3.609272003173828,3.609272003173828,False,0.0,False
54,235,22,21.03471,3.451933,0.9652900695800781,0.9652900695800781,False,0.0,False
54,236,21,21.323618,3.1139433,-0.32361793518066406,0.32361793518066406,False,0.0,False
54,237,20,19.388521,2.9655366,0.6114788055419922,0.6114788055419922,False,0.0,False
54,238,19,16.798914,2.7428777,2.2010860443115234,2.2010860443115234,False,0.02,False
54,239,18,19.40967,2.671905,-1.4096698760986328,1.4096698760986328,False,0.0,False
54,240,17,17.35896,2.687234,-0.3589591979980469,0.3589591979980469,False,0.0,False
54,241,16,20.000715,3.6241949,-4.000715255737305,4.000715255737305,False,0.0,False
54,242,15,19.666481,3.5109003,-4.666481018066406,4.666481018066406,False,0.0,False
54,243,14,16.46917,2.7163591,-2.4691696166992188,2.4691696166992188,False,0.02,False
54,244,13,13.467473,2.1920125,-0.46747303009033203,0.46747303009033203,False,0.08,False
54,245,12,12.760233,1.9154516,-0.7602329254150391,0.7602329254150391,False,0.04,False
54,246,11,11.967172,1.5544894,-0.9671716690063477,0.9671716690063477,False,0.1,False
54,247,10,11.87487,2.2227876,-1.8748703002929688,1.8748703002929688,False,0.18,False
54,248,9,10.493892,1.4866203,-1.493891716003418,1.493891716003418,False,0.36,True
54,249,8,10.41772,1.7356915,-2.417719841003418,2.417719841003418,False,0.42,True
54,250,7,9.875057,1.3957684,-2.8750572204589844,2.8750572204589844,False,0.5,True
54,251,6,9.30062,1.6053041,-3.3006200790405273,3.3006200790405273,False,0.72,True
54,252,5,7.471225,1.3827653,-2.471224784851074,2.471224784851074,False,0.96,True
54,253,4,7.1140704,1.4719572,-3.114070415496826,3.114070415496826,True,1.0,True
54,254,3,7.81863,1.4214317,-4.818630218505859,4.818630218505859,True,0.94,True
54,255,2,8.317988,1.3109419,-6.317988395690918,6.317988395690918,True,0.9,True
54,256,1,6.9178123,1.2089188,-5.917812347412109,5.917812347412109,True,1.0,True
54,257,0,6.972577,1.1296219,-6.972577095031738,6.972577095031738,True,0.98,True
71,1,140,131.04874,17.784317,8.951263427734375,8.951263427734375,False,0.0,False
71,2,140,127.66416,16.237165,12.335838317871094,12.335838317871094,False,0.0,False
71,3,140,133.21747,17.736988,6.78253173828125,6.78253173828125,False,0.0,False
71,4,140,132.26945,16.774473,7.7305450439453125,7.7305450439453125,False,0.0,False
71,5,140,131.21231,14.457436,8.787689208984375,8.787689208984375,False,0.0,False
71,6,140,121.81126,16.526363,18.188743591308594,18.188743591308594,False,0.0,False
71,7,140,136.78333,20.020895,3.2166748046875,3.2166748046875,False,0.0,False
71,8,140,128.30537,17.572197,11.694625854492188,11.694625854492188,False,0.0,False
71,9,140,130.96136,18.424236,9.03863525390625,9.03863525390625,False,0.0,False
71,10,140,128.23048,17.505526,11.769515991210938,11.769515991210938,False,0.0,False
71,11,140,123.14477,16.642963,16.85523223876953,16.85523223876953,False,0.0,False
71,12,140,124.11634,14.253257,15.883659362792969,15.883659362792969,False,0.0,False
71,13,140,126.166595,15.473816,13.833404541015625,13.833404541015625,False,0.0,False
71,14,140,123.71143,16.990969,16.28856658935547,16.28856658935547,False,0.0,False
71,15,140,125.96724,18.467989,14.032760620117188,14.032760620117188,False,0.0,False
71,16,140,126.41668,17.702824,13.583320617675781,13.583320617675781,False,0.0,False
71,17,140,118.04985,16.496908,21.950149536132812,21.950149536132812,False,0.0,False
71,18,140,117.5356,15.745608,22.464401245117188,22.464401245117188,False,0.0,False
71,19,140,122.81921,16.409065,17.18079376220703,17.18079376220703,False,0.0,False
71,20,140,123.32489,19.064817,16.67510986328125,16.67510986328125,False,0.0,False
71,21,140,120.958855,15.720405,19.04114532470703,19.04114532470703,False,0.0,False
71,22,140,125.46334,15.579226,14.536659240722656,14.536659240722656,False,0.0,False
71,23,140,125.16787,21.145494,14.832130432128906,14.832130432128906,False,0.0,False
71,24,140,124.23513,15.59366,15.764869689941406,15.764869689941406,False,0.0,False
71,25,140,116.67392,18.621712,23.326080322265625,23.326080322265625,False,0.0,False
71,26,140,118.081985,14.343298,21.918014526367188,21.918014526367188,False,0.0,False
71,27,140,121.18578,15.969637,18.81421661376953,18.81421661376953,False,0.0,False
71,28,140,123.478035,14.741324,16.52196502685547,16.52196502685547,False,0.0,False
71,29,140,119.46285,16.620823,20.537147521972656,20.537147521972656,False,0.0,False
71,30,140,119.38912,17.579842,20.610877990722656,20.610877990722656,False,0.0,False
71,31,140,121.42931,11.244846,18.57068634033203,18.57068634033203,False,0.0,False
71,32,140,126.43327,17.284813,13.566726684570312,13.566726684570312,False,0.0,False
71,33,140,116.16944,16.35559,23.83055877685547,23.83055877685547,False,0.0,False
71,34,140,123.35378,15.661012,16.646217346191406,16.646217346191406,False,0.0,False
71,35,140,123.12032,17.531788,16.879676818847656,16.879676818847656,False,0.0,False
71,36,140,120.556335,17.087322,19.44366455078125,19.44366455078125,False,0.0,False
71,37,140,121.859024,19.68656,18.140975952148438,18.140975952148438,False,0.0,False
71,38,140,127.80012,14.930738,12.199882507324219,12.199882507324219,False,0.0,False
71,39,140,121.32847,14.273179,18.671531677246094,18.671531677246094,False,0.0,False
71,40,140,121.14588,14.28886,18.85411834716797,18.85411834716797,False,0.0,False
71,41,140,119.32257,12.995963,20.67742919921875,20.67742919921875,False,0.0,False
71,42,140,118.11017,14.903348,21.88983154296875,21.88983154296875,False,0.0,False
71,43,140,119.04653,14.210908,20.953468322753906,20.953468322753906,False,0.0,False
71,44,140,124.84761,15.093728,15.152389526367188,15.152389526367188,False,0.0,False
71,45,140,117.627815,17.444237,22.37218475341797,22.37218475341797,False,0.0,False
71,46,140,120.996,15.390432,19.003997802734375,19.003997802734375,False,0.0,False
71,47,140,118.456924,15.753224,21.543075561523438,21.543075561523438,False,0.0,False
71,48,140,117.45263,14.55293,22.54737091064453,22.54737091064453,False,0.0,False
71,49,140,118.52585,13.062231,21.474151611328125,21.474151611328125,False,0.0,False
71,50,140,124.23583,15.104184,15.764167785644531,15.764167785644531,False,0.0,False
71,51,140,113.81835,19.27464,26.18164825439453,26.18164825439453,False,0.0,False
71,52,140,112.70732,18.074703,27.292678833007812,27.292678833007812,False,0.0,False
71,53,140,119.91689,14.744617,20.083106994628906,20.083106994628906,False,0.0,False
71,54,140,124.47998,15.609566,15.52001953125,15.52001953125,False,0.0,False
71,55,140,117.345665,13.691096,22.654335021972656,22.654335021972656,False,0.0,False
71,56,140,115.19193,14.055259,24.808067321777344,24.808067321777344,False,0.0,False
71,57,140,117.639206,14.726926,22.360794067382812,22.360794067382812,False,0.0,False
71,58,140,122.45615,15.976566,17.543853759765625,17.543853759765625,False,0.0,False
71,59,140,119.739265,14.196274,20.26073455810547,20.26073455810547,False,0.0,False
71,60,140,121.52842,15.1304035,18.471580505371094,18.471580505371094,False,0.0,False
71,61,140,127.03575,14.967452,12.964248657226562,12.964248657226562,False,0.0,False
71,62,140,122.52566,15.493446,17.474342346191406,17.474342346191406,False,0.0,False
71,63,140,123.874016,17.697495,16.12598419189453,16.12598419189453,False,0.0,False
71,64,140,113.93255,15.634303,26.06745147705078,26.06745147705078,False,0.0,False
71,65,140,116.59833,16.620764,23.40167236328125,23.40167236328125,False,0.0,False
71,66,140,116.476074,18.035198,23.52392578125,23.52392578125,False,0.0,False
71,67,140,119.268234,15.664265,20.731765747070312,20.731765747070312,False,0.0,False
71,68,140,115.401184,15.048531,24.59881591796875,24.59881591796875,False,0.0,False
71,69,139,118.229034,13.022965,20.770965576171875,20.770965576171875,False,0.0,False
71,70,138,122.891266,14.115649,15.108734130859375,15.108734130859375,False,0.0,False
71,71,137,114.324745,13.765213,22.675254821777344,22.675254821777344,False,0.0,False
71,72,136,105.073204,14.74074,30.926795959472656,30.926795959472656,False,0.0,False
71,73,135,115.33399,14.732089,19.66600799560547,19.66600799560547,False,0.0,False
71,74,134,115.28865,13.661242,18.711349487304688,18.711349487304688,False,0.0,False
71,75,133,116.82432,14.493708,16.175682067871094,16.175682067871094,False,0.0,False
71,76,132,112.80506,17.178667,19.19493865966797,19.19493865966797,False,0.0,False
71,77,131,120.18523,14.005207,10.814773559570312,10.814773559570312,False,0.0,False
71,78,130,115.91089,16.179686,14.089111328125,14.089111328125,False,0.0,False
71,79,129,124.24494,14.165769,4.755058288574219,4.755058288574219,False,0.0,False
71,80,128,117.4166,17.810434,10.583396911621094,10.583396911621094,False,0.0,False
71,81,127,110.89196,14.606851,16.10803985595703,16.10803985595703,False,0.0,False
71,82,126,123.20359,18.366575,2.7964096069335938,2.7964096069335938,False,0.0,False
71,83,125,117.37844,13.108777,7.621559143066406,7.621559143066406,False,0.0,False
71,84,124,109.07285,12.086609,14.927146911621094,14.927146911621094,False,0.0,False
71,85,123,107.645546,15.210758,15.354454040527344,15.354454040527344,False,0.0,False
71,86,122,110.368,13.304898,11.632003784179688,11.632003784179688,False,0.0,False
71,87,121,109.14566,17.70577,11.854339599609375,11.854339599609375,False,0.0,False
71,88,120,119.33047,13.834645,0.6695327758789062,0.6695327758789062,False,0.0,False
71,89,119,112.58492,15.850842,6.415077209472656,6.415077209472656,False,0.0,False
71,90,118,117.57306,15.34265,0.42694091796875,0.42694091796875,False,0.0,False
71,91,117,113.35683,14.092496,3.6431732177734375,3.6431732177734375,False,0.0,False
71,92,116,108.56097,14.294622,7.439033508300781,7.439033508300781,False,0.0,False
71,93,115,106.85497,14.873154,8.145027160644531,8.145027160644531,False,0.0,False
71,94,114,104.280556,13.487594,9.719444274902344,9.719444274902344,False,0.0,False
71,95,113,113.004814,12.833555,-0.00481414794921875,0.00481414794921875,False,0.0,False
71,96,112,101.1251,13.76786,10.874900817871094,10.874900817871094,False,0.0,False
71,97,111,101.10157,15.193783,9.898429870605469,9.898429870605469,False,0.0,False
71,98,110,106.31001,14.769797,3.6899871826171875,3.6899871826171875,False,0.0,False
71,99,109,105.948044,13.301059,3.0519561767578125,3.0519561767578125,False,0.0,False
71,100,108,102.69042,14.192011,5.309577941894531,5.309577941894531,False,0.0,False
71,101,107,109.22816,14.459372,-2.2281570434570312,2.2281570434570312,False,0.0,False
71,102,106,106.29415,14.313638,-0.29415130615234375,0.29415130615234375,False,0.0,False
71,103,105,97.30563,13.076537,7.694366455078125,7.694366455078125,False,0.0,False
71,104,104,99.63435,13.121957,4.3656463623046875,4.3656463623046875,False,0.0,False
71,105,103,100.40854,13.263594,2.591461181640625,2.591461181640625,False,0.0,False
71,106,102,96.94786,10.734821,5.0521392822265625,5.0521392822265625,False,0.0,False
71,107,101,98.29531,12.186023,2.7046890258789062,2.7046890258789062,False,0.0,False
71,108,100,104.38992,12.303746,-4.389923095703125,4.389923095703125,False,0.0,False
71,109,99,103.44008,13.392046,-4.4400787353515625,4.4400787353515625,False,0.0,False
71,110,98,100.149895,13.295801,-2.1498947143554688,2.1498947143554688,False,0.0,False
71,111,97,104.85489,12.488112,-7.854888916015625,7.854888916015625,False,0.0,False
71,112,96,106.69454,15.7479,-10.694541931152344,10.694541931152344,False,0.0,False
71,113,95,104.446976,11.685727,-9.446975708007812,9.446975708007812,False,0.0,False
71,114,94,103.60751,14.108123,-9.607513427734375,9.607513427734375,False,0.0,False
71,115,93,98.52675,12.967345,-5.5267486572265625,5.5267486572265625,False,0.0,False
71,116,92,98.53567,14.16192,-6.535667419433594,6.535667419433594,False,0.0,False
71,117,91,97.20763,13.724644,-6.2076263427734375,6.2076263427734375,False,0.0,False
71,118,90,88.13249,11.742831,1.8675079345703125,1.8675079345703125,False,0.0,False
71,119,89,95.36304,14.155804,-6.363037109375,6.363037109375,False,0.0,False
71,120,88,93.66835,11.486421,-5.6683502197265625,5.6683502197265625,False,0.0,False
71,121,87,95.23236,13.199386,-8.23236083984375,8.23236083984375,False,0.0,False
71,122,86,96.31267,13.555535,-10.312667846679688,10.312667846679688,False,0.0,False
71,123,85,94.713264,13.024554,-9.713264465332031,9.713264465332031,False,0.0,False
71,124,84,94.035126,13.686448,-10.035125732421875,10.035125732421875,False,0.0,False
71,125,83,94.698204,12.1344,-11.698204040527344,11.698204040527344,False,0.0,False
71,126,82,94.71946,12.755342,-12.719459533691406,12.719459533691406,False,0.0,False
71,127,81,89.44682,10.115798,-8.446823120117188,8.446823120117188,False,0.0,False
71,128,80,90.875725,10.908817,-10.875724792480469,10.875724792480469,False,0.0,False
71,129,79,87.234276,13.456167,-8.234275817871094,8.234275817871094,False,0.0,False
71,130,78,92.31992,11.042537,-14.319923400878906,14.319923400878906,False,0.0,False
71,131,77,89.238174,12.712796,-12.238174438476562,12.238174438476562,False,0.0,False
71,132,76,90.28034,11.555002,-14.280342102050781,14.280342102050781,False,0.0,False
71,133,75,85.53769,9.411467,-10.537689208984375,10.537689208984375,False,0.0,False
71,134,74,86.7872,11.540719,-12.787200927734375,12.787200927734375,False,0.0,False
71,135,73,86.74307,11.60954,-13.743072509765625,13.743072509765625,False,0.0,False
71,136,72,83.76667,11.893083,-11.766670227050781,11.766670227050781,False,0.0,False
71,137,71,78.6289,11.372812,-7.628898620605469,7.628898620605469,False,0.0,False
71,138,70,83.54429,10.5353,-13.544288635253906,13.544288635253906,False,0.0,False
71,139,69,81.75746,10.830437,-12.757461547851562,12.757461547851562,False,0.0,False
71,140,68,87.775696,12.133661,-19.77569580078125,19.77569580078125,False,0.0,False
71,141,67,86.30136,10.47141,-19.301361083984375,19.301361083984375,False,0.0,False
71,142,66,81.165,12.065525,-15.165000915527344,15.165000915527344,False,0.0,False
71,143,65,74.55514,12.08527,-9.555137634277344,9.555137634277344,False,0.0,False
71,144,64,76.25855,9.660199,-12.258552551269531,12.258552551269531,False,0.0,False
71,145,63,78.45635,11.017705,-15.456352233886719,15.456352233886719,False,0.0,False
71,146,62,74.481224,9.835108,-12.481224060058594,12.481224060058594,False,0.0,False
71,147,61,68.13984,9.732206,-7.139839172363281,7.139839172363281,False,0.0,False
71,148,60,70.47546,10.04914,-10.475456237792969,10.475456237792969,False,0.0,False
71,149,59,68.310104,7.7200108,-9.310104370117188,9.310104370117188,False,0.0,False
71,150,58,64.7061,8.589244,-6.7061004638671875,6.7061004638671875,False,0.0,False
71,151,57,61.567074,9.6757555,-4.567073822021484,4.567073822021484,False,0.0,False
71,152,56,65.57278,7.636532,-9.572776794433594,9.572776794433594,False,0.0,False
71,153,55,68.37821,8.612655,-13.378211975097656,13.378211975097656,False,0.0,False
71,154,54,60.450024,7.3256845,-6.450023651123047,6.450023651123047,False,0.0,False
71,155,53,58.841183,8.293617,-5.841182708740234,5.841182708740234,False,0.0,False
71,156,52,65.25272,9.658545,-13.252723693847656,13.252723693847656,False,0.0,False
71,157,51,66.895935,8.694466,-15.89593505859375,15.89593505859375,False,0.0,False
71,158,50,59.86224,7.105626,-9.862239837646484,9.862239837646484,False,0.0,False
71,159,49,60.790977,8.255435,-11.790977478027344,11.790977478027344,False,0.0,False
71,160,48,61.26583,9.535387,-13.265830993652344,13.265830993652344,False,0.0,False
71,161,47,56.016678,7.922352,-9.016677856445312,9.016677856445312,False,0.0,False
71,162,46,52.805897,6.935758,-6.805896759033203,6.805896759033203,False,0.0,False
71,163,45,46.658833,6.95693,-1.6588325500488281,1.6588325500488281,False,0.0,False
71,164,44,56.027924,7.9485617,-12.027923583984375,12.027923583984375,False,0.0,False
71,165,43,48.887283,6.5081553,-5.8872833251953125,5.8872833251953125,False,0.0,False
71,166,42,45.757767,5.895097,-3.7577667236328125,3.7577667236328125,False,0.0,False
71,167,41,38.77574,6.4104633,2.2242584228515625,2.2242584228515625,False,0.0,False
71,168,40,41.67997,5.1693535,-1.6799697875976562,1.6799697875976562,False,0.0,False
71,169,39,37.33689,5.6687765,1.6631088256835938,1.6631088256835938,False,0.0,False
71,170,38,37.138527,6.197942,0.8614730834960938,0.8614730834960938,False,0.0,False
71,171,37,34.533237,5.398366,2.4667625427246094,2.4667625427246094,False,0.0,False
71,172,36,32.184948,4.6140523,3.815052032470703,3.815052032470703,False,0.0,False
71,173,35,30.235197,4.764648,4.764802932739258,4.764802932739258,False,0.0,False
71,174,34,29.750559,5.070343,4.249441146850586,4.249441146850586,False,0.0,False
71,175,33,31.086699,4.2409396,1.9133014678955078,1.9133014678955078,False,0.0,False
71,176,32,29.586655,4.708358,2.4133453369140625,2.4133453369140625,False,0.0,False
71,177,31,29.047579,3.8950005,1.9524211883544922,1.9524211883544922,False,0.0,False
71,178,30,28.249456,4.5613046,1.7505435943603516,1.7505435943603516,False,0.0,False
71,179,29,24.725088,3.7683046,4.274911880493164,4.274911880493164,False,0.0,False
71,180,28,23.326094,3.5413535,4.673906326293945,4.673906326293945,False,0.0,False
71,181,27,23.723501,4.2832212,3.276498794555664,3.276498794555664,False,0.0,False
71,182,26,23.47585,3.9863644,2.524150848388672,2.524150848388672,False,0.0,False
71,183,25,23.493813,3.6969745,1.5061874389648438,1.5061874389648438,False,0.0,False
71,184,24,22.76757,4.209924,1.2324295043945312,1.2324295043945312,False,0.0,False
71,185,23,21.827953,4.2673635,1.1720466613769531,1.1720466613769531,False,0.0,False
71,186,22,21.567886,3.5731657,0.4321136474609375,0.4321136474609375,False,0.0,False
71,187,21,26.015938,4.214123,-5.015937805175781,5.015937805175781,False,0.0,False
71,188,20,22.22534,3.9825704,-2.225339889526367,2.225339889526367,False,0.0,False
71,189,19,21.605154,3.657848,-2.605154037475586,2.605154037475586,False,0.0,False
71,190,18,20.603464,3.7777333,-2.603464126586914,2.603464126586914,False,0.0,False
71,191,17,17.901514,3.2754345,-0.9015140533447266,0.9015140533447266,False,0.02,False
71,192,16,14.13225,2.3735106,1.8677501678466797,1.8677501678466797,False,0.02,False
71,193,15,14.977094,2.2317693,0.02290630340576172,0.02290630340576172,False,0.0,False
71,194,14,19.207159,3.1747231,-5.207159042358398,5.207159042358398,False,0.0,False
71,195,13,19.527552,2.5822856,-6.527551651000977,6.527551651000977,False,0.0,False
71,196,12,17.797256,2.565827,-5.7972564697265625,5.7972564697265625,False,0.0,False
71,197,11,14.276345,2.3410442,-3.2763452529907227,3.2763452529907227,False,0.08,False
71,198,10,11.240291,2.0988216,-1.240290641784668,1.240290641784668,False,0.26,False
71,199,9,12.385953,2.0515723,-3.385952949523926,3.385952949523926,False,0.16,False
71,200,8,8.931006,1.449568,-0.9310064315795898,0.9310064315795898,False,0.78,True
71,201,7,7.904166,1.5914537,-0.9041662216186523,0.9041662216186523,False,0.88,True
71,202,6,7.050769,1.5814738,-1.0507688522338867,1.0507688522338867,False,0.96,True
71,203,5,7.8076105,1.5676569,-2.807610511779785,2.807610511779785,False,0.92,True
71,204,4,8.945725,1.5858372,-4.945725440979004,4.945725440979004,True,0.76,True
71,205,3,8.586327,1.2397177,-5.586326599121094,5.586326599121094,True,0.86,True
71,206,2,8.210733,1.5060045,-6.210733413696289,6.210733413696289,True,0.9,True
71,207,1,10.35991,1.9010857,-9.359910011291504,9.359910011291504,True,0.46,True
71,208,0,8.325715,1.2838976,-8.325715065002441,8.325715065002441,True,0.86,True
74,1,140,133.35165,21.121157,6.648345947265625,6.648345947265625,False,0.0,False
74,2,140,117.186066,15.463768,22.813934326171875,22.813934326171875,False,0.0,False
74,3,140,118.2854,14.802026,21.714599609375,21.714599609375,False,0.0,False
74,4,140,110.60582,15.916824,29.394180297851562,29.394180297851562,False,0.0,False
74,5,140,116.95832,15.003397,23.04167938232422,23.04167938232422,False,0.0,False
74,6,140,112.38206,15.691357,27.617942810058594,27.617942810058594,False,0.0,False
74,7,140,116.533714,15.069211,23.466285705566406,23.466285705566406,False,0.0,False
74,8,140,119.42081,14.720704,20.579193115234375,20.579193115234375,False,0.0,False
74,9,140,110.65443,10.077839,29.34557342529297,29.34557342529297,False,0.0,False
74,10,140,116.326546,17.737467,23.67345428466797,23.67345428466797,False,0.0,False
74,11,140,118.69291,14.634092,21.307090759277344,21.307090759277344,False,0.0,False
74,12,140,114.89234,14.806544,25.10765838623047,25.10765838623047,False,0.0,False
74,13,140,109.120186,14.832933,30.87981414794922,30.87981414794922,False,0.0,False
74,14,140,110.62966,16.709965,29.370338439941406,29.370338439941406,False,0.0,False
74,15,140,105.66912,15.78052,34.33087921142578,34.33087921142578,False,0.0,False
74,16,140,114.22374,16.416952,25.776260375976562,25.776260375976562,False,0.0,False
74,17,140,114.623955,13.107234,25.37604522705078,25.37604522705078,False,0.0,False
74,18,140,120.50642,15.237218,19.49358367919922,19.49358367919922,False,0.0,False
74,19,140,121.25847,14.679233,18.741531372070312,18.741531372070312,False,0.0,False
74,20,140,122.77951,13.543467,17.220489501953125,17.220489501953125,False,0.0,False
74,21,140,110.533936,16.09704,29.466064453125,29.466064453125,False,0.0,False
74,22,140,110.30544,14.415698,29.694557189941406,29.694557189941406,False,0.0,False
74,23,140,111.00088,18.66889,28.999122619628906,28.999122619628906,False,0.0,False
74,24,140,111.49857,14.989023,28.501426696777344,28.501426696777344,False,0.0,False
74,25,140,112.13477,13.545731,27.86522674560547,27.86522674560547,False,0.0,False
74,26,140,114.18775,13.909252,25.81224822998047,25.81224822998047,False,0.0,False
74,27,139,114.565994,11.585492,24.434005737304688,24.434005737304688,False,0.0,False
74,28,138,114.1828,15.620725,23.81719970703125,23.81719970703125,False,0.0,False
74,29,137,107.12764,12.636393,29.872360229492188,29.872360229492188,False,0.0,False
74,30,136,114.2209,14.535756,21.779098510742188,21.779098510742188,False,0.0,False
74,31,135,117.079735,15.129669,17.920265197753906,17.920265197753906,False,0.0,False
74,32,134,110.538536,13.55563,23.461463928222656,23.461463928222656,False,0.0,False
74,33,133,113.43913,16.931232,19.560867309570312,19.560867309570312,False,0.0,False
74,34,132,116.45714,12.718169,15.542861938476562,15.542861938476562,False,0.0,False
74,35,131,113.9315,16.766088,17.068496704101562,17.068496704101562,False,0.0,False
74,36,130,109.25835,13.2996,20.741653442382812,20.741653442382812,False,0.0,False
74,37,129,114.06077,14.804537,14.939231872558594,14.939231872558594,False,0.0,False
74,38,128,116.812614,19.86811,11.187385559082031,11.187385559082031,False,0.0,False
74,39,127,119.79896,14.365309,7.201042175292969,7.201042175292969,False,0.0,False
74,40,126,111.00813,13.212036,14.991867065429688,14.991867065429688,False,0.0,False
74,41,125,112.46835,13.599461,12.531646728515625,12.531646728515625,False,0.0,False
74,42,124,110.0934,16.131294,13.906600952148438,13.906600952148438,False,0.0,False
74,43,123,108.07111,13.797254,14.928886413574219,14.928886413574219,False,0.0,False
74,44,122,104.8434,11.138036,17.156600952148438,17.156600952148438,False,0.0,False
74,45,121,108.22555,13.247195,12.774452209472656,12.774452209472656,False,0.0,False
74,46,120,113.74773,14.132272,6.2522735595703125,6.2522735595703125,False,0.0,False
74,47,119,110.514534,15.001533,8.485466003417969,8.485466003417969,False,0.0,False
74,48,118,113.494286,14.604175,4.505714416503906,4.505714416503906,False,0.0,False
74,49,117,117.32843,17.084206,-0.32843017578125,0.32843017578125,False,0.0,False
74,50,116,110.582275,14.70229,5.417724609375,5.417724609375,False,0.0,False
74,51,115,108.15211,13.027894,6.847892761230469,6.847892761230469,False,0.0,False
74,52,114,108.84246,14.208975,5.157539367675781,5.157539367675781,False,0.0,False
74,53,113,108.16144,14.530942,4.83856201171875,4.83856201171875,False,0.0,False
74,54,112,112.57418,13.244011,-0.5741806030273438,0.5741806030273438,False,0.0,False
74,55,111,114.07098,14.748167,-3.0709762573242188,3.0709762573242188,False,0.0,False
74,56,110,109.76534,11.583859,0.23465728759765625,0.23465728759765625,False,0.0,False
74,57,109,114.97207,15.617186,-5.972068786621094,5.972068786621094,False,0.0,False
74,58,108,108.85307,12.414765,-0.8530731201171875,0.8530731201171875,False,0.0,False
74,59,107,111.51616,16.37847,-4.5161590576171875,4.5161590576171875,False,0.0,False
74,60,106,113.478386,12.121146,-7.478385925292969,7.478385925292969,False,0.0,False
74,61,105,114.88217,14.877019,-9.882171630859375,9.882171630859375,False,0.0,False
74,62,104,107.38796,13.608057,-3.3879623413085938,3.3879623413085938,False,0.0,False
74,63,103,107.17127,15.178184,-4.171272277832031,4.171272277832031,False,0.0,False
74,64,102,112.34514,15.039466,-10.345138549804688,10.345138549804688,False,0.0,False
74,65,101,108.67738,14.59034,-7.6773834228515625,7.6773834228515625,False,0.0,False
74,66,100,111.147675,15.303475,-11.147674560546875,11.147674560546875,False,0.0,False
74,67,99,104.54638,14.897906,-5.546379089355469,5.546379089355469,False,0.0,False
74,68,98,106.09018,14.69446,-8.090179443359375,8.090179443359375,False,0.0,False
74,69,97,107.391846,13.880592,-10.391845703125,10.391845703125,False,0.0,False
74,70,96,107.75008,15.168884,-11.750076293945312,11.750076293945312,False,0.0,False
74,71,95,109.31485,14.676678,-14.314849853515625,14.314849853515625,False,0.0,False
74,72,94,115.23779,15.351424,-21.23779296875,21.23779296875,False,0.0,False
74,73,93,113.77682,13.0255995,-20.776817321777344,20.776817321777344,False,0.0,False
74,74,92,110.40325,15.33491,-18.40325164794922,18.40325164794922,False,0.0,False
74,75,91,107.93676,14.783198,-16.93675994873047,16.93675994873047,False,0.0,False
74,76,90,107.69959,16.347134,-17.69959259033203,17.69959259033203,False,0.0,False
74,77,89,113.02294,14.578446,-24.02294158935547,24.02294158935547,False,0.0,False
74,78,88,104.48398,13.765082,-16.483978271484375,16.483978271484375,False,0.0,False
74,79,87,106.012764,12.858326,-19.01276397705078,19.01276397705078,False,0.0,False
74,80,86,107.5958,14.958428,-21.595802307128906,21.595802307128906,False,0.0,False
74,81,85,106.22098,14.501368,-21.220977783203125,21.220977783203125,False,0.0,False
74,82,84,96.32044,13.113805,-12.320442199707031,12.320442199707031,False,0.0,False
74,83,83,102.651474,14.485272,-19.651473999023438,19.651473999023438,False,0.0,False
74,84,82,99.00352,12.906434,-17.003517150878906,17.003517150878906,False,0.0,False
74,85,81,99.46557,10.695898,-18.46556854248047,18.46556854248047,False,0.0,False
74,86,80,96.81362,14.768907,-16.813621520996094,16.813621520996094,False,0.0,False
74,87,79,98.24386,12.931713,-19.243858337402344,19.243858337402344,False,0.0,False
74,88,78,101.29509,13.058711,-23.295089721679688,23.295089721679688,False,0.0,False
74,89,77,96.516495,14.293551,-19.516494750976562,19.516494750976562,False,0.0,False
74,90,76,97.654915,13.588581,-21.65491485595703,21.65491485595703,False,0.0,False
74,91,75,103.27866,13.09626,-28.278663635253906,28.278663635253906,False,0.0,False
74,92,74,104.85056,13.382409,-30.850563049316406,30.850563049316406,False,0.0,False
74,93,73,99.89016,14.966078,-26.890159606933594,26.890159606933594,False,0.0,False
74,94,72,103.712326,14.977967,-31.712326049804688,31.712326049804688,False,0.0,False
74,95,71,106.004326,11.932086,-35.00432586669922,35.00432586669922,False,0.0,False
74,96,70,99.97177,14.701268,-29.971771240234375,29.971771240234375,False,0.0,False
74,97,69,95.36284,12.4386015,-26.362838745117188,26.362838745117188,False,0.0,False
74,98,68,98.78328,10.85521,-30.783279418945312,30.783279418945312,False,0.0,False
74,99,67,97.8298,13.254543,-30.829803466796875,30.829803466796875,False,0.0,False
74,100,66,98.67704,12.282623,-32.677040100097656,32.677040100097656,False,0.0,False
74,101,65,102.06998,11.988185,-37.069976806640625,37.069976806640625,False,0.0,False
74,102,64,97.195404,12.923482,-33.195404052734375,33.195404052734375,False,0.0,False
74,103,63,105.30347,13.269454,-42.303466796875,42.303466796875,False,0.0,False
74,104,62,102.07022,15.963417,-40.070220947265625,40.070220947265625,False,0.0,False
74,105,61,104.23191,15.399091,-43.231910705566406,43.231910705566406,False,0.0,False
74,106,60,95.771774,13.03767,-35.77177429199219,35.77177429199219,False,0.0,False
74,107,59,94.79446,12.782875,-35.794456481933594,35.794456481933594,False,0.0,False
74,108,58,92.9774,14.140484,-34.97740173339844,34.97740173339844,False,0.0,False
74,109,57,89.83263,12.138407,-32.83262634277344,32.83262634277344,False,0.0,False
74,110,56,86.96166,10.531354,-30.96166229248047,30.96166229248047,False,0.0,False
74,111,55,90.12163,12.536484,-35.12162780761719,35.12162780761719,False,0.0,False
74,112,54,91.81718,12.902337,-37.817176818847656,37.817176818847656,False,0.0,False
74,113,53,89.02784,11.068965,-36.02783966064453,36.02783966064453,False,0.0,False
74,114,52,99.96544,13.691561,-47.96543884277344,47.96543884277344,False,0.0,False
74,115,51,92.603004,12.763347,-41.603004455566406,41.603004455566406,False,0.0,False
74,116,50,96.937675,11.307099,-46.93767547607422,46.93767547607422,False,0.0,False
74,117,49,92.791214,12.390517,-43.79121398925781,43.79121398925781,False,0.0,False
74,118,48,88.88111,10.847122,-40.88111114501953,40.88111114501953,False,0.0,False
74,119,47,80.91179,10.506617,-33.91178894042969,33.91178894042969,False,0.0,False
74,120,46,85.419334,10.859444,-39.419334411621094,39.419334411621094,False,0.0,False
74,121,45,82.51917,10.769262,-37.51917266845703,37.51917266845703,False,0.0,False
74,122,44,91.137054,10.743859,-47.137054443359375,47.137054443359375,False,0.0,False
74,123,43,88.32394,12.222964,-45.323936462402344,45.323936462402344,False,0.0,False
74,124,42,96.75086,11.579935,-54.75086212158203,54.75086212158203,False,0.0,False
74,125,41,84.51053,10.7918215,-43.510528564453125,43.510528564453125,False,0.0,False
74,126,40,86.14847,13.917952,-46.148468017578125,46.148468017578125,False,0.0,False
74,127,39,87.86706,10.516824,-48.86705780029297,48.86705780029297,False,0.0,False
74,128,38,83.216644,10.316953,-45.216644287109375,45.216644287109375,False,0.0,False
74,129,37,80.33484,12.719095,-43.3348388671875,43.3348388671875,False,0.0,False
74,130,36,93.83897,11.677982,-57.838966369628906,57.838966369628906,False,0.0,False
74,131,35,90.17558,11.752279,-55.17558288574219,55.17558288574219,False,0.0,False
74,132,34,84.825195,11.633336,-50.8251953125,50.8251953125,False,0.0,False
74,133,33,89.59442,14.650818,-56.59442138671875,56.59442138671875,False,0.0,False
74,134,32,90.40116,10.423815,-58.401161193847656,58.401161193847656,False,0.0,False
74,135,31,83.635155,11.051359,-52.635154724121094,52.635154724121094,False,0.0,False
74,136,30,74.69735,11.783021,-44.697349548339844,44.697349548339844,False,0.0,False
74,137,29,72.26398,10.792877,-43.26397705078125,43.26397705078125,False,0.0,False
74,138,28,78.44816,11.441659,-50.448158264160156,50.448158264160156,False,0.0,False
74,139,27,71.23623,13.639767,-44.236228942871094,44.236228942871094,False,0.0,False
74,140,26,53.673737,10.9173155,-27.673736572265625,27.673736572265625,False,0.0,False
74,141,25,56.483345,10.567386,-31.48334503173828,31.48334503173828,False,0.0,False
74,142,24,54.77663,9.401646,-30.776630401611328,30.776630401611328,False,0.0,False
74,143,23,47.60922,10.038199,-24.60921859741211,24.60921859741211,False,0.0,False
74,144,22,40.777763,10.28493,-18.77776336669922,18.77776336669922,False,0.0,False
74,145,21,37.590054,11.11997,-16.59005355834961,16.59005355834961,False,0.0,False
74,146,20,33.682728,9.931894,-13.682727813720703,13.682727813720703,False,0.02,False
74,147,19,30.85034,9.178331,-11.850339889526367,11.850339889526367,False,0.0,False
74,148,18,36.509018,10.226693,-18.509017944335938,18.509017944335938,False,0.0,False
74,149,17,28.020819,10.15056,-11.020818710327148,11.020818710327148,False,0.04,False
74,150,16,26.710144,9.4942465,-10.71014404296875,10.71014404296875,False,0.06,False
74,151,15,28.638487,10.609252,-13.638486862182617,13.638486862182617,False,0.02,False
74,152,14,24.653704,10.012663,-10.653703689575195,10.653703689575195,False,0.08,False
74,153,13,20.098291,12.296644,-7.098291397094727,7.098291397094727,False,0.18,False
74,154,12,18.362324,10.6732235,-6.362323760986328,6.362323760986328,False,0.26,False
74,155,11,20.787695,10.877097,-9.787694931030273,9.787694931030273,False,0.22,False
74,156,10,21.764599,9.399511,-11.764598846435547,11.764598846435547,False,0.1,False
74,157,9,14.707576,10.702796,-5.707575798034668,5.707575798034668,False,0.42,True
74,158,8,17.641502,9.742721,-9.641502380371094,9.641502380371094,False,0.22,False
74,159,7,16.691246,8.912216,-9.691246032714844,9.691246032714844,False,0.22,False
74,160,6,9.851706,9.057064,-3.851705551147461,3.851705551147461,False,0.52,True
74,161,5,7.924726,8.885914,-2.9247260093688965,2.9247260093688965,False,0.6,True
74,162,4,10.0805855,8.24116,-6.080585479736328,6.080585479736328,True,0.58,True
74,163,3,7.76566,9.506268,-4.765659809112549,4.765659809112549,True,0.62,True
74,164,2,7.6475616,9.76785,-5.647561550140381,5.647561550140381,True,0.56,True
74,165,1,7.5995984,10.501161,-6.599598407745361,6.599598407745361,True,0.58,True
74,166,0,7.382002,12.100991,-7.382001876831055,7.382001876831055,True,0.6,True
77,1,140,133.35399,14.718549,6.6460113525390625,6.6460113525390625,False,0.0,False
77,2,140,126.73522,15.128807,13.264778137207031,13.264778137207031,False,0.0,False
77,3,140,118.164894,16.879436,21.835105895996094,21.835105895996094,False,0.0,False
77,4,140,111.71332,16.517038,28.28668212890625,28.28668212890625,False,0.0,False
77,5,140,117.1266,18.525879,22.873397827148438,22.873397827148438,False,0.0,False
77,6,140,115.50304,13.469257,24.496963500976562,24.496963500976562,False,0.0,False
77,7,140,123.9828,14.469864,16.017196655273438,16.017196655273438,False,0.0,False
77,8,140,124.701324,16.331036,15.298675537109375,15.298675537109375,False,0.0,False
77,9,140,126.46321,19.476513,13.536788940429688,13.536788940429688,False,0.0,False
77,10,140,128.1804,16.332642,11.819595336914062,11.819595336914062,False,0.0,False
77,11,140,123.02831,17.924217,16.97168731689453,16.97168731689453,False,0.0,False
77,12,140,129.0164,18.112825,10.983596801757812,10.983596801757812,False,0.0,False
77,13,140,124.103516,17.106627,15.896484375,15.896484375,False,0.0,False
77,14,140,123.15401,16.0019,16.845993041992188,16.845993041992188,False,0.0,False
77,15,139,114.8466,17.708225,24.153396606445312,24.153396606445312,False,0.0,False
77,16,138,126.08709,16.845343,11.912910461425781,11.912910461425781,False,0.0,False
77,17,137,125.41156,17.922735,11.58843994140625,11.58843994140625,False,0.0,False
77,18,136,125.38046,14.818421,10.619537353515625,10.619537353515625,False,0.0,False
77,19,135,125.20533,16.020353,9.794670104980469,9.794670104980469,False,0.0,False
77,20,134,129.20648,15.68411,4.79351806640625,4.79351806640625,False,0.0,False
77,21,133,117.79767,17.796665,15.20233154296875,15.20233154296875,False,0.0,False
77,22,132,122.7645,14.134037,9.235496520996094,9.235496520996094,False,0.0,False
77,23,131,120.131165,14.646244,10.86883544921875,10.86883544921875,False,0.0,False
77,24,130,120.47478,17.38792,9.525222778320312,9.525222778320312,False,0.0,False
77,25,129,120.907326,16.11736,8.092674255371094,8.092674255371094,False,0.0,False
77,26,128,112.235306,14.743632,15.764694213867188,15.764694213867188,False,0.0,False
77,27,127,117.403694,17.23648,9.596305847167969,9.596305847167969,False,0.0,False
77,28,126,113.00646,14.613661,12.993537902832031,12.993537902832031,False,0.0,False
77,29,125,114.25126,16.83272,10.748741149902344,10.748741149902344,False,0.0,False
77,30,124,112.60953,18.687956,11.390472412109375,11.390472412109375,False,0.0,False
77,31,123,118.79614,18.575907,4.203857421875,4.203857421875,False,0.0,False
77,32,122,123.08523,15.058065,-1.0852279663085938,1.0852279663085938,False,0.0,False
77,33,121,117.623184,17.384096,3.3768157958984375,3.3768157958984375,False,0.0,False
77,34,120,119.81034,15.59111,0.18965911865234375,0.18965911865234375,False,0.0,False
77,35,119,122.388245,14.480255,-3.38824462890625,3.38824462890625,False,0.0,False
77,36,118,113.47681,15.62595,4.523193359375,4.523193359375,False,0.0,False
77,37,117,114.19145,13.198607,2.8085479736328125,2.8085479736328125,False,0.0,False
77,38,116,116.9169,15.598739,-0.916900634765625,0.916900634765625,False,0.0,False
77,39,115,118.33991,14.2677,-3.3399124145507812,3.3399124145507812,False,0.0,False
77,40,114,118.64241,14.809386,-4.6424102783203125,4.6424102783203125,False,0.0,False
77,41,113,118.45285,15.079846,-5.452850341796875,5.452850341796875,False,0.0,False
77,42,112,116.38225,16.437826,-4.3822479248046875,4.3822479248046875,False,0.0,False
77,43,111,124.95856,14.264118,-13.95855712890625,13.95855712890625,False,0.0,False
77,44,110,117.53132,14.246838,-7.531318664550781,7.531318664550781,False,0.0,False
77,45,109,111.23996,13.343967,-2.239959716796875,2.239959716796875,False,0.0,False
77,46,108,112.121445,14.626348,-4.1214447021484375,4.1214447021484375,False,0.0,False
77,47,107,109.01794,16.032707,-2.0179367065429688,2.0179367065429688,False,0.0,False
77,48,106,110.215744,13.462607,-4.2157440185546875,4.2157440185546875,False,0.0,False
77,49,105,108.16444,13.625732,-3.1644363403320312,3.1644363403320312,False,0.0,False
77,50,104,112.121185,17.590508,-8.121185302734375,8.121185302734375,False,0.0,False
77,51,103,116.78354,14.595048,-13.783538818359375,13.783538818359375,False,0.0,False
77,52,102,117.68552,17.461601,-15.685516357421875,15.685516357421875,False,0.0,False
77,53,101,117.19878,19.084148,-16.198776245117188,16.198776245117188,False,0.0,False
77,54,100,125.139915,15.422675,-25.139915466308594,25.139915466308594,False,0.0,False
77,55,99,122.968025,16.171593,-23.96802520751953,23.96802520751953,False,0.0,False
77,56,98,118.587746,15.950268,-20.587745666503906,20.587745666503906,False,0.0,False
77,57,97,118.648285,17.042543,-21.648284912109375,21.648284912109375,False,0.0,False
77,58,96,119.78598,16.05472,-23.785980224609375,23.785980224609375,False,0.0,False
77,59,95,117.44914,13.572551,-22.449142456054688,22.449142456054688,False,0.0,False
77,60,94,125.74621,18.896503,-31.74620819091797,31.74620819091797,False,0.0,False
77,61,93,118.06275,17.414375,-25.06275177001953,25.06275177001953,False,0.0,False
77,62,92,109.35077,15.8887825,-17.35076904296875,17.35076904296875,False,0.0,False
77,63,91,115.041595,11.312522,-24.041595458984375,24.041595458984375,False,0.0,False
77,64,90,106.929375,16.539518,-16.92937469482422,16.92937469482422,False,0.0,False
77,65,89,110.87113,14.082546,-21.871131896972656,21.871131896972656,False,0.0,False
77,66,88,106.56868,14.803607,-18.568679809570312,18.568679809570312,False,0.0,False
77,67,87,105.425354,13.869197,-18.42535400390625,18.42535400390625,False,0.0,False
77,68,86,111.3124,16.029974,-25.312400817871094,25.312400817871094,False,0.0,False
77,69,85,110.96777,14.362067,-25.9677734375,25.9677734375,False,0.0,False
77,70,84,100.76875,16.764217,-16.768753051757812,16.768753051757812,False,0.0,False
77,71,83,111.643906,16.666407,-28.643905639648438,28.643905639648438,False,0.0,False
77,72,82,107.19989,15.963547,-25.19989013671875,25.19989013671875,False,0.0,False
77,73,81,106.9848,11.62108,-25.98480224609375,25.98480224609375,False,0.0,False
77,74,80,104.25098,17.753761,-24.2509765625,24.2509765625,False,0.0,False
77,75,79,106.66804,15.0033455,-27.66803741455078,27.66803741455078,False,0.0,False
77,76,78,97.08256,13.506577,-19.082557678222656,19.082557678222656,False,0.0,False
77,77,77,108.4909,12.6422415,-31.49089813232422,31.49089813232422,False,0.0,False
77,78,76,104.06694,14.013519,-28.066940307617188,28.066940307617188,False,0.0,False
77,79,75,101.0406,11.932858,-26.040603637695312,26.040603637695312,False,0.0,False
77,80,74,101.45871,11.419887,-27.458709716796875,27.458709716796875,False,0.0,False
77,81,73,101.5216,12.230731,-28.52159881591797,28.52159881591797,False,0.0,False
77,82,72,101.03354,12.859167,-29.033538818359375,29.033538818359375,False,0.0,False
77,83,71,105.00165,13.184489,-34.00164794921875,34.00164794921875,False,0.0,False
77,84,70,96.200325,13.182197,-26.20032501220703,26.20032501220703,False,0.0,False
77,85,69,101.36414,12.113618,-32.36414337158203,32.36414337158203,False,0.0,False
77,86,68,100.24401,13.669112,-32.24401092529297,32.24401092529297,False,0.0,False
77,87,67,101.83669,13.141913,-34.836692810058594,34.836692810058594,False,0.0,False
77,88,66,104.813385,12.5668955,-38.813385009765625,38.813385009765625,False,0.0,False
77,89,65,105.47005,14.502624,-40.47004699707031,40.47004699707031,False,0.0,False
77,90,64,109.79304,15.4831295,-45.79303741455078,45.79303741455078,False,0.0,False
77,91,63,102.87867,12.457623,-39.87866973876953,39.87866973876953,False,0.0,False
77,92,62,103.50464,11.175234,-41.504638671875,41.504638671875,False,0.0,False
77,93,61,99.99522,13.02572,-38.995216369628906,38.995216369628906,False,0.0,False
77,94,60,101.09399,11.363707,-41.09398651123047,41.09398651123047,False,0.0,False
77,95,59,90.6976,13.2973,-31.697601318359375,31.697601318359375,False,0.0,False
77,96,58,97.918076,13.323057,-39.91807556152344,39.91807556152344,False,0.0,False
77,97,57,94.09881,15.32731,-37.09880828857422,37.09880828857422,False,0.0,False
77,98,56,92.35799,15.734875,-36.35798645019531,36.35798645019531,False,0.0,False
77,99,55,76.153015,13.059,-21.15301513671875,21.15301513671875,False,0.0,False
77,100,54,92.0374,12.727191,-38.03739929199219,38.03739929199219,False,0.0,False
77,101,53,79.716324,13.331695,-26.716323852539062,26.716323852539062,False,0.0,False
77,102,52,77.65048,13.17911,-25.650482177734375,25.650482177734375,False,0.0,False
77,103,51,87.11655,15.062855,-36.116546630859375,36.116546630859375,False,0.0,False
77,104,50,90.03045,13.9006605,-40.03044891357422,40.03044891357422,False,0.0,False
77,105,49,79.86765,13.775789,-30.867652893066406,30.867652893066406,False,0.0,False
77,106,48,82.56279,12.852452,-34.56278991699219,34.56278991699219,False,0.0,False
77,107,47,80.11283,14.978126,-33.112831115722656,33.112831115722656,False,0.0,False
77,108,46,76.46046,13.279485,-30.46045684814453,30.46045684814453,False,0.0,False
77,109,45,59.734512,13.192364,-14.734512329101562,14.734512329101562,False,0.0,False
77,110,44,66.16457,13.28263,-22.164573669433594,22.164573669433594,False,0.0,False
77,111,43,62.741104,14.540814,-19.741104125976562,19.741104125976562,False,0.0,False
77,112,42,62.556576,12.138231,-20.556575775146484,20.556575775146484,False,0.0,False
77,113,41,52.365433,11.568392,-11.365432739257812,11.365432739257812,False,0.0,False
77,114,40,63.41882,12.284649,-23.418819427490234,23.418819427490234,False,0.0,False
77,115,39,60.31274,11.938974,-21.312740325927734,21.312740325927734,False,0.0,False
77,116,38,59.55023,10.277255,-21.550228118896484,21.550228118896484,False,0.0,False
77,117,37,51.073143,10.908933,-14.073143005371094,14.073143005371094,False,0.0,False
77,118,36,54.273914,11.666524,-18.273914337158203,18.273914337158203,False,0.0,False
77,119,35,53.134315,10.779798,-18.134315490722656,18.134315490722656,False,0.0,False
77,120,34,56.43544,12.886137,-22.435440063476562,22.435440063476562,False,0.0,False
77,121,33,50.931583,10.881283,-17.931583404541016,17.931583404541016,False,0.0,False
77,122,32,44.25984,11.671838,-12.259838104248047,12.259838104248047,False,0.0,False
77,123,31,52.673904,10.600391,-21.673904418945312,21.673904418945312,False,0.0,False
77,124,30,49.080555,10.061908,-19.080554962158203,19.080554962158203,False,0.0,False
77,125,29,38.837086,9.53866,-9.837085723876953,9.837085723876953,False,0.0,False
77,126,28,45.495846,9.633115,-17.495845794677734,17.495845794677734,False,0.0,False
77,127,27,46.02446,8.731949,-19.024459838867188,19.024459838867188,False,0.0,False
77,128,26,42.05491,9.342565,-16.054908752441406,16.054908752441406,False,0.0,False
77,129,25,39.234314,10.205219,-14.23431396484375,14.23431396484375,False,0.0,False
77,130,24,43.94018,10.064349,-19.940181732177734,19.940181732177734,False,0.0,False
77,131,23,43.242165,10.316511,-20.242164611816406,20.242164611816406,False,0.0,False
77,132,22,40.933914,9.434465,-18.933914184570312,18.933914184570312,False,0.0,False
77,133,21,39.177685,7.8340564,-18.177684783935547,18.177684783935547,False,0.0,False
77,134,20,41.89784,8.939309,-21.897838592529297,21.897838592529297,False,0.0,False
77,135,19,34.823856,7.7975435,-15.823856353759766,15.823856353759766,False,0.0,False
77,136,18,28.058882,8.959141,-10.058881759643555,10.058881759643555,False,0.04,False
77,137,17,32.109604,8.220976,-15.109603881835938,15.109603881835938,False,0.02,False
77,138,16,30.858118,9.063547,-14.858118057250977,14.858118057250977,False,0.04,False
77,139,15,29.01228,7.3091507,-14.012279510498047,14.012279510498047,False,0.0,False
77,140,14,24.971313,7.126351,-10.9713134765625,10.9713134765625,False,0.04,False
77,141,13,18.384089,7.1655416,-5.384088516235352,5.384088516235352,False,0.08,False
77,142,12,20.449665,7.0751014,-8.449665069580078,8.449665069580078,False,0.1,False
77,143,11,17.97782,8.424055,-6.977819442749023,6.977819442749023,False,0.22,False
77,144,10,15.443433,7.5227923,-5.443432807922363,5.443432807922363,False,0.18,False
77,145,9,17.656208,6.384338,-8.656208038330078,8.656208038330078,False,0.14,False
77,146,8,15.477927,9.027249,-7.477927207946777,7.477927207946777,False,0.26,False
77,147,7,11.2997875,7.476191,-4.299787521362305,4.299787521362305,False,0.38,True
77,148,6,9.964758,5.772053,-3.9647579193115234,3.9647579193115234,False,0.52,True
77,149,5,8.930694,6.6864586,-3.9306936264038086,3.9306936264038086,False,0.56,True
77,150,4,7.82772,5.1163344,-3.8277201652526855,3.8277201652526855,True,0.68,True
77,151,3,12.978098,4.617776,-9.978097915649414,9.978097915649414,True,0.24,False
77,152,2,10.8918295,6.2764554,-8.891829490661621,8.891829490661621,True,0.36,True
77,153,1,10.1133585,5.029024,-9.113358497619629,9.113358497619629,True,0.4,True
77,154,0,8.503402,5.738216,-8.503401756286621,8.503401756286621,True,0.64,True
78,1,140,161.0357,25.733839,-21.03570556640625,21.03570556640625,False,0.0,False
78,2,140,150.66917,19.69489,-10.669174194335938,10.669174194335938,False,0.0,False
78,3,140,153.48537,18.854069,-13.485366821289062,13.485366821289062,False,0.0,False
78,4,140,151.3941,18.005726,-11.39410400390625,11.39410400390625,False,0.0,False
78,5,140,152.42096,24.53104,-12.42095947265625,12.42095947265625,False,0.0,False
78,6,140,153.09894,21.225225,-13.09893798828125,13.09893798828125,False,0.0,False
78,7,140,148.12498,21.852644,-8.124984741210938,8.124984741210938,False,0.0,False
78,8,140,155.805,20.464697,-15.80499267578125,15.80499267578125,False,0.0,False
78,9,140,149.577,16.064587,-9.576995849609375,9.576995849609375,False,0.0,False
78,10,140,142.29016,19.184965,-2.2901611328125,2.2901611328125,False,0.0,False
78,11,140,148.72266,22.413782,-8.72265625,8.72265625,False,0.0,False
78,12,140,148.84773,19.191355,-8.847732543945312,8.847732543945312,False,0.0,False
78,13,140,149.93573,19.229387,-9.93572998046875,9.93572998046875,False,0.0,False
78,14,140,149.78851,15.884939,-9.78851318359375,9.78851318359375,False,0.0,False
78,15,140,138.36772,18.900309,1.6322784423828125,1.6322784423828125,False,0.0,False
78,16,140,140.954,19.365768,-0.9539947509765625,0.9539947509765625,False,0.0,False
78,17,140,139.11469,17.057226,0.88531494140625,0.88531494140625,False,0.0,False
78,18,140,136.25214,17.873652,3.74786376953125,3.74786376953125,False,0.0,False
78,19,140,136.37973,19.653086,3.620269775390625,3.620269775390625,False,0.0,False
78,20,140,130.31488,20.674507,9.68511962890625,9.68511962890625,False,0.0,False
78,21,140,137.8333,20.106888,2.1667022705078125,2.1667022705078125,False,0.0,False
78,22,140,143.00093,19.630236,-3.0009307861328125,3.0009307861328125,False,0.0,False
78,23,140,153.1796,18.276495,-13.179595947265625,13.179595947265625,False,0.0,False
78,24,140,141.8074,20.05207,-1.807403564453125,1.807403564453125,False,0.0,False
78,25,140,140.36227,17.296331,-0.362274169921875,0.362274169921875,False,0.0,False
78,26,140,144.96301,19.560135,-4.9630126953125,4.9630126953125,False,0.0,False
78,27,140,142.56042,16.249426,-2.5604248046875,2.5604248046875,False,0.0,False
78,28,140,134.43575,17.874678,5.5642547607421875,5.5642547607421875,False,0.0,False
78,29,140,137.68039,18.510761,2.319610595703125,2.319610595703125,False,0.0,False
78,30,140,142.37495,19.806095,-2.3749542236328125,2.3749542236328125,False,0.0,False
78,31,140,141.11676,21.335777,-1.11676025390625,1.11676025390625,False,0.0,False
78,32,140,140.89317,19.183111,-0.8931732177734375,0.8931732177734375,False,0.0,False
78,33,140,148.5185,18.975231,-8.51849365234375,8.51849365234375,False,0.0,False
78,34,140,143.55524,18.897877,-3.55523681640625,3.55523681640625,False,0.0,False
78,35,140,141.84781,18.590643,-1.847808837890625,1.847808837890625,False,0.0,False
78,36,140,135.44058,17.099812,4.559417724609375,4.559417724609375,False,0.0,False
78,37,140,146.89172,18.48174,-6.8917236328125,6.8917236328125,False,0.0,False
78,38,140,143.52873,20.598595,-3.5287322998046875,3.5287322998046875,False,0.0,False
78,39,140,140.88795,20.305721,-0.8879547119140625,0.8879547119140625,False,0.0,False
78,40,140,142.9362,18.764784,-2.9362030029296875,2.9362030029296875,False,0.0,False
78,41,140,144.72986,16.76114,-4.7298583984375,4.7298583984375,False,0.0,False
78,42,140,140.4364,22.435364,-0.4364013671875,0.4364013671875,False,0.0,False
78,43,140,141.03069,17.60152,-1.0306854248046875,1.0306854248046875,False,0.0,False
78,44,140,153.3601,20.89218,-13.360107421875,13.360107421875,False,0.0,False
78,45,140,150.5987,17.629541,-10.59869384765625,10.59869384765625,False,0.0,False
78,46,140,147.94902,21.49681,-7.9490203857421875,7.9490203857421875,False,0.0,False
78,47,140,143.90996,17.474176,-3.9099578857421875,3.9099578857421875,False,0.0,False
78,48,140,143.40427,19.400967,-3.404266357421875,3.404266357421875,False,0.0,False
78,49,140,135.15361,19.797127,4.8463897705078125,4.8463897705078125,False,0.0,False
78,50,140,133.59727,19.678318,6.4027252197265625,6.4027252197265625,False,0.0,False
78,51,140,132.25568,18.625275,7.74432373046875,7.74432373046875,False,0.0,False
78,52,140,133.59099,18.573315,6.4090118408203125,6.4090118408203125,False,0.0,False
78,53,140,136.03276,19.045483,3.9672393798828125,3.9672393798828125,False,0.0,False
78,54,140,139.55742,18.802114,0.4425811767578125,0.4425811767578125,False,0.0,False
78,55,140,132.5763,15.718453,7.4237060546875,7.4237060546875,False,0.0,False
78,56,140,129.6602,17.765005,10.339797973632812,10.339797973632812,False,0.0,False
78,57,140,130.21121,16.57559,9.788787841796875,9.788787841796875,False,0.0,False
78,58,140,136.11533,21.234928,3.884674072265625,3.884674072265625,False,0.0,False
78,59,140,130.65927,16.310726,9.340728759765625,9.340728759765625,False,0.0,False
78,60,140,138.16368,15.744643,1.8363189697265625,1.8363189697265625,False,0.0,False
78,61,140,136.74971,17.304508,3.2502899169921875,3.2502899169921875,False,0.0,False
78,62,140,136.72212,17.025137,3.2778778076171875,3.2778778076171875,False,0.0,False
78,63,140,138.88222,19.191404,1.1177825927734375,1.1177825927734375,False,0.0,False
78,64,140,146.5182,17.581373,-6.5182037353515625,6.5182037353515625,False,0.0,False
78,65,140,140.23692,20.477798,-0.2369232177734375,0.2369232177734375,False,0.0,False
78,66,140,138.91084,20.5773,1.0891571044921875,1.0891571044921875,False,0.0,False
78,67,140,137.56688,19.806856,2.4331207275390625,2.4331207275390625,False,0.0,False
78,68,140,142.43776,17.605408,-2.4377593994140625,2.4377593994140625,False,0.0,False
78,69,140,141.33508,17.403322,-1.3350830078125,1.3350830078125,False,0.0,False
78,70,140,141.75645,20.702045,-1.7564544677734375,1.7564544677734375,False,0.0,False
78,71,140,139.33815,17.413372,0.6618499755859375,0.6618499755859375,False,0.0,False
78,72,140,137.953,16.871563,2.0469970703125,2.0469970703125,False,0.0,False
78,73,140,138.47685,18.336939,1.5231475830078125,1.5231475830078125,False,0.0,False
78,74,140,135.77844,18.597446,4.2215576171875,4.2215576171875,False,0.0,False
78,75,140,133.28513,20.669645,6.714874267578125,6.714874267578125,False,0.0,False
78,76,140,137.58801,18.949755,2.4119873046875,2.4119873046875,False,0.0,False
78,77,140,134.96178,19.410774,5.0382232666015625,5.0382232666015625,False,0.0,False
78,78,140,132.31816,20.161358,7.6818389892578125,7.6818389892578125,False,0.0,False
78,79,140,129.22401,13.98427,10.775985717773438,10.775985717773438,False,0.0,False
78,80,140,131.25414,17.211033,8.745864868164062,8.745864868164062,False,0.0,False
78,81,140,131.40485,18.401312,8.59515380859375,8.59515380859375,False,0.0,False
78,82,140,129.0404,16.018906,10.9595947265625,10.9595947265625,False,0.0,False
78,83,140,132.36789,17.30997,7.632110595703125,7.632110595703125,False,0.0,False
78,84,140,126.867676,17.87148,13.13232421875,13.13232421875,False,0.0,False
78,85,140,131.536,18.373398,8.464004516601562,8.464004516601562,False,0.0,False
78,86,140,138.43944,19.173727,1.5605621337890625,1.5605621337890625,False,0.0,False
78,87,140,138.8537,16.895912,1.14630126953125,1.14630126953125,False,0.0,False
78,88,140,139.34044,17.670689,0.6595611572265625,0.6595611572265625,False,0.0,False
78,89,140,138.2298,18.615604,1.77020263671875,1.77020263671875,False,0.0,False
78,90,140,135.16275,14.605867,4.837249755859375,4.837249755859375,False,0.0,False
78,91,140,130.8398,21.001223,9.160202026367188,9.160202026367188,False,0.0,False
78,92,139,130.82253,15.751119,8.177474975585938,8.177474975585938,False,0.0,False
78,93,138,123.18271,18.305822,14.817291259765625,14.817291259765625,False,0.0,False
78,94,137,133.60573,17.98382,3.3942718505859375,3.3942718505859375,False,0.0,False
78,95,136,137.39227,19.99405,-1.39227294921875,1.39227294921875,False,0.0,False
78,96,135,133.55888,20.080536,1.4411163330078125,1.4411163330078125,False,0.0,False
78,97,134,124.29258,18.686409,9.707420349121094,9.707420349121094,False,0.0,False
78,98,133,129.3686,18.88964,3.6313934326171875,3.6313934326171875,False,0.0,False
78,99,132,129.93097,15.308227,2.06903076171875,2.06903076171875,False,0.0,False
78,100,131,120.09794,14.000737,10.902061462402344,10.902061462402344,False,0.0,False
78,101,130,121.4376,14.64212,8.562400817871094,8.562400817871094,False,0.0,False
78,102,129,120.88361,18.738506,8.116386413574219,8.116386413574219,False,0.0,False
78,103,128,121.9185,18.868568,6.0814971923828125,6.0814971923828125,False,0.0,False
78,104,127,131.03429,18.086939,-4.0342864990234375,4.0342864990234375,False,0.0,False
78,105,126,126.16695,20.337729,-0.1669464111328125,0.1669464111328125,False,0.0,False
78,106,125,131.15219,15.688173,-6.152191162109375,6.152191162109375,False,0.0,False
78,107,124,120.8504,19.535046,3.14959716796875,3.14959716796875,False,0.0,False
78,108,123,126.34738,16.981398,-3.347381591796875,3.347381591796875,False,0.0,False
78,109,122,120.69214,19.753143,1.307861328125,1.307861328125,False,0.0,False
78,110,121,123.6704,18.332619,-2.6704025268554688,2.6704025268554688,False,0.0,False
78,111,120,127.03949,17.680328,-7.03948974609375,7.03948974609375,False,0.0,False
78,112,119,132.93785,21.232828,-13.937850952148438,13.937850952148438,False,0.0,False
78,113,118,127.60705,21.126362,-9.607048034667969,9.607048034667969,False,0.0,False
78,114,117,122.42952,15.289366,-5.4295196533203125,5.4295196533203125,False,0.0,False
78,115,116,127.87856,14.753194,-11.878562927246094,11.878562927246094,False,0.0,False
78,116,115,119.93067,18.228973,-4.930671691894531,4.930671691894531,False,0.0,False
78,117,114,123.87378,16.643597,-9.873779296875,9.873779296875,False,0.0,False
78,118,113,120.63487,15.743585,-7.6348724365234375,7.6348724365234375,False,0.0,False
78,119,112,117.81994,17.323105,-5.819938659667969,5.819938659667969,False,0.0,False
78,120,111,116.17544,14.089642,-5.175437927246094,5.175437927246094,False,0.0,False
78,121,110,119.76043,16.097013,-9.760429382324219,9.760429382324219,False,0.0,False
78,122,109,117.41075,14.808181,-8.410751342773438,8.410751342773438,False,0.0,False
78,123,108,112.95378,12.897619,-4.9537811279296875,4.9537811279296875,False,0.0,False
78,124,107,114.7441,13.439237,-7.744102478027344,7.744102478027344,False,0.0,False
78,125,106,109.19766,14.606904,-3.197662353515625,3.197662353515625,False,0.0,False
78,126,105,115.26797,14.388169,-10.267967224121094,10.267967224121094,False,0.0,False
78,127,104,109.99368,16.784111,-5.993682861328125,5.993682861328125,False,0.0,False
78,128,103,112.46884,15.730736,-9.468841552734375,9.468841552734375,False,0.0,False
78,129,102,114.29946,16.933903,-12.299461364746094,12.299461364746094,False,0.0,False
78,130,101,117.70919,15.00308,-16.709190368652344,16.709190368652344,False,0.0,False
78,131,100,120.89739,19.587347,-20.89739227294922,20.89739227294922,False,0.0,False
78,132,99,120.17987,16.776823,-21.17987060546875,21.17987060546875,False,0.0,False
78,133,98,122.26243,13.78858,-24.262428283691406,24.262428283691406,False,0.0,False
78,134,97,122.67546,12.201471,-25.675460815429688,25.675460815429688,False,0.0,False
78,135,96,115.86085,16.938911,-19.86084747314453,19.86084747314453,False,0.0,False
78,136,95,115.75311,18.18791,-20.75311279296875,20.75311279296875,False,0.0,False
78,137,94,116.54077,16.47532,-22.540771484375,22.540771484375,False,0.0,False
78,138,93,116.43991,13.686086,-23.439910888671875,23.439910888671875,False,0.0,False
78,139,92,108.75653,15.883656,-16.75653076171875,16.75653076171875,False,0.0,False
78,140,91,106.26244,12.626838,-15.262443542480469,15.262443542480469,False,0.0,False
78,141,90,106.04663,13.315765,-16.046630859375,16.046630859375,False,0.0,False
78,142,89,109.40396,15.889265,-20.403961181640625,20.403961181640625,False,0.0,False
78,143,88,103.654205,15.110151,-15.654205322265625,15.654205322265625,False,0.0,False
78,144,87,98.43869,13.357774,-11.438690185546875,11.438690185546875,False,0.0,False
78,145,86,102.86814,13.880389,-16.868141174316406,16.868141174316406,False,0.0,False
78,146,85,106.74003,15.019262,-21.740028381347656,21.740028381347656,False,0.0,False
78,147,84,107.27724,13.218767,-23.277236938476562,23.277236938476562,False,0.0,False
78,148,83,108.74268,17.76253,-25.74268341064453,25.74268341064453,False,0.0,False
78,149,82,109.5634,16.977535,-27.563400268554688,27.563400268554688,False,0.0,False
78,150,81,110.11559,15.519765,-29.11559295654297,29.11559295654297,False,0.0,False
78,151,80,111.6188,13.703681,-31.618797302246094,31.618797302246094,False,0.0,False
78,152,79,115.255196,15.583928,-36.25519561767578,36.25519561767578,False,0.0,False
78,153,78,103.497734,11.069969,-25.49773406982422,25.49773406982422,False,0.0,False
78,154,77,106.987724,13.678995,-29.98772430419922,29.98772430419922,False,0.0,False
78,155,76,109.95525,16.433485,-33.95525360107422,33.95525360107422,False,0.0,False
78,156,75,106.01544,16.021507,-31.01544189453125,31.01544189453125,False,0.0,False
78,157,74,104.314445,12.5157385,-30.31444549560547,30.31444549560547,False,0.0,False
78,158,73,112.447334,14.643115,-39.44733428955078,39.44733428955078,False,0.0,False
78,159,72,110.910706,14.889902,-38.91070556640625,38.91070556640625,False,0.0,False
78,160,71,108.96739,13.985634,-37.96739196777344,37.96739196777344,False,0.0,False
78,161,70,105.50815,16.920696,-35.508148193359375,35.508148193359375,False,0.0,False
78,162,69,101.48256,13.078396,-32.48255920410156,32.48255920410156,False,0.0,False
78,163,68,95.00809,13.774915,-27.008087158203125,27.008087158203125,False,0.0,False
78,164,67,96.802864,14.206491,-29.80286407470703,29.80286407470703,False,0.0,False
78,165,66,99.97457,12.302462,-33.974571228027344,33.974571228027344,False,0.0,False
78,166,65,96.98445,11.095157,-31.984451293945312,31.984451293945312,False,0.0,False
78,167,64,97.93729,14.38104,-33.937286376953125,33.937286376953125,False,0.0,False
78,168,63,96.58834,13.357069,-33.588340759277344,33.588340759277344,False,0.0,False
78,169,62,98.88588,13.201084,-36.88587951660156,36.88587951660156,False,0.0,False
78,170,61,90.4013,11.8539295,-29.40129852294922,29.40129852294922,False,0.0,False
78,171,60,89.26954,13.231895,-29.26953887939453,29.26953887939453,False,0.0,False
78,172,59,85.14233,10.269535,-26.14232635498047,26.14232635498047,False,0.0,False
78,173,58,81.20346,11.789185,-23.203460693359375,23.203460693359375,False,0.0,False
78,174,57,81.254135,12.5634165,-24.254135131835938,24.254135131835938,False,0.0,False
78,175,56,83.66884,10.592533,-27.668838500976562,27.668838500976562,False,0.0,False
78,176,55,81.338135,10.89955,-26.338134765625,26.338134765625,False,0.0,False
78,177,54,84.10884,10.781183,-30.108840942382812,30.108840942382812,False,0.0,False
78,178,53,88.285225,12.246434,-35.28522491455078,35.28522491455078,False,0.0,False
78,179,52,89.73431,11.393608,-37.73430633544922,37.73430633544922,False,0.0,False
78,180,51,82.90737,9.155555,-31.907371520996094,31.907371520996094,False,0.0,False
78,181,50,77.15339,12.101316,-27.15338897705078,27.15338897705078,False,0.0,False
78,182,49,76.75498,11.194109,-27.754981994628906,27.754981994628906,False,0.0,False
78,183,48,73.91092,9.6458845,-25.910919189453125,25.910919189453125,False,0.0,False
78,184,47,71.25341,9.00276,-24.25341033935547,24.25341033935547,False,0.0,False
78,185,46,81.19049,11.36522,-35.19049072265625,35.19049072265625,False,0.0,False
78,186,45,77.89935,11.328097,-32.89935302734375,32.89935302734375,False,0.0,False
78,187,44,84.705605,11.583614,-40.705604553222656,40.705604553222656,False,0.0,False
78,188,43,72.7764,10.328857,-29.776397705078125,29.776397705078125,False,0.0,False
78,189,42,80.6616,10.101561,-38.661598205566406,38.661598205566406,False,0.0,False
78,190,41,70.67801,11.101239,-29.678009033203125,29.678009033203125,False,0.0,False
78,191,40,63.131927,8.793754,-23.131927490234375,23.131927490234375,False,0.0,False
78,192,39,62.214375,8.541105,-23.214374542236328,23.214374542236328,False,0.0,False
78,193,38,56.696426,8.164307,-18.696426391601562,18.696426391601562,False,0.0,False
78,194,37,59.926937,8.761507,-22.926937103271484,22.926937103271484,False,0.0,False
78,195,36,56.9429,7.6620812,-20.942901611328125,20.942901611328125,False,0.0,False
78,196,35,58.1257,6.7199335,-23.125701904296875,23.125701904296875,False,0.0,False
78,197,34,57.515743,8.740247,-23.515743255615234,23.515743255615234,False,0.0,False
78,198,33,56.23716,8.565117,-23.237159729003906,23.237159729003906,False,0.0,False
78,199,32,53.7361,8.989698,-21.736099243164062,21.736099243164062,False,0.0,False
78,200,31,55.812344,8.816424,-24.81234359741211,24.81234359741211,False,0.0,False
78,201,30,49.776524,6.279785,-19.77652359008789,19.77652359008789,False,0.0,False
78,202,29,48.41304,7.8207617,-19.413040161132812,19.413040161132812,False,0.0,False
78,203,28,48.180767,5.5155406,-20.180767059326172,20.180767059326172,False,0.0,False
78,204,27,44.95845,7.422622,-17.958450317382812,17.958450317382812,False,0.0,False
78,205,26,43.94388,7.478452,-17.943878173828125,17.943878173828125,False,0.0,False
78,206,25,44.50024,6.113503,-19.500240325927734,19.500240325927734,False,0.0,False
78,207,24,32.163624,5.2755527,-8.163623809814453,8.163623809814453,False,0.0,False
78,208,23,30.67594,5.342657,-7.675939559936523,7.675939559936523,False,0.0,False
78,209,22,34.654408,5.9036975,-12.654407501220703,12.654407501220703,False,0.0,False
78,210,21,34.39162,6.095186,-13.391620635986328,13.391620635986328,False,0.0,False
78,211,20,27.722162,5.05342,-7.722162246704102,7.722162246704102,False,0.0,False
78,212,19,30.887861,6.5300245,-11.887861251831055,11.887861251831055,False,0.0,False
78,213,18,33.672062,6.323231,-15.672061920166016,15.672061920166016,False,0.0,False
78,214,17,28.389837,5.373139,-11.389837265014648,11.389837265014648,False,0.0,False
78,215,16,28.4421,6.0727534,-12.442100524902344,12.442100524902344,False,0.0,False
78,216,15,30.634798,5.562653,-15.634798049926758,15.634798049926758,False,0.0,False
78,217,14,26.435835,5.209885,-12.435834884643555,12.435834884643555,False,0.0,False
78,218,13,20.156633,4.2863045,-7.156633377075195,7.156633377075195,False,0.06,False
78,219,12,20.21329,4.0321403,-8.213289260864258,8.213289260864258,False,0.0,False
78,220,11,17.379469,3.2492976,-6.37946891784668,6.37946891784668,False,0.0,False
78,221,10,14.8112755,3.4963133,-4.811275482177734,4.811275482177734,False,0.06,False
78,222,9,13.766502,5.2973895,-4.766502380371094,4.766502380371094,False,0.22,False
78,223,8,13.92238,4.114948,-5.922380447387695,5.922380447387695,False,0.18,False
78,224,7,10.644068,4.390012,-3.6440677642822266,3.6440677642822266,False,0.48,True
78,225,6,8.755943,3.1108813,-2.7559432983398438,2.7559432983398438,False,0.64,True
78,226,5,12.996203,3.6880722,-7.996203422546387,7.996203422546387,False,0.22,False
78,227,4,9.8526535,3.4705644,-5.852653503417969,5.852653503417969,True,0.52,True
78,228,3,8.9040785,3.5369272,-5.904078483581543,5.904078483581543,True,0.58,True
78,229,2,10.0803585,3.2958717,-8.080358505249023,8.080358505249023,True,0.5,True
78,230,1,9.202146,4.6522994,-8.20214557647705,8.20214557647705,True,0.54,True
78,231,0,8.386806,3.8186705,-8.386805534362793,8.386805534362793,True,0.66,True
81,1,140,124.675354,19.096209,15.32464599609375,15.32464599609375,False,0.0,False
81,2,140,114.52933,18.00309,25.470672607421875,25.470672607421875,False,0.0,False
81,3,140,118.01589,15.734924,21.984107971191406,21.984107971191406,False,0.0,False
81,4,140,111.309494,15.658642,28.690505981445312,28.690505981445312,False,0.0,False
81,5,140,112.49592,14.615552,27.50408172607422,27.50408172607422,False,0.0,False
81,6,140,111.218056,13.939657,28.781944274902344,28.781944274902344,False,0.0,False
81,7,140,104.93551,12.889011,35.064491271972656,35.064491271972656,False,0.0,False
81,8,140,111.3991,13.85574,28.60089874267578,28.60089874267578,False,0.0,False
81,9,140,113.98692,14.004334,26.013076782226562,26.013076782226562,False,0.0,False
81,10,140,110.67549,15.76469,29.324508666992188,29.324508666992188,False,0.0,False
81,11,140,111.35834,13.878597,28.64166259765625,28.64166259765625,False,0.0,False
81,12,140,114.108215,12.094231,25.89178466796875,25.89178466796875,False,0.0,False
81,13,140,113.576836,17.752903,26.42316436767578,26.42316436767578,False,0.0,False
81,14,140,114.99345,14.318747,25.006553649902344,25.006553649902344,False,0.0,False
81,15,140,113.93617,15.810011,26.063827514648438,26.063827514648438,False,0.0,False
81,16,140,114.81718,13.698786,25.182823181152344,25.182823181152344,False,0.0,False
81,17,140,113.421875,13.778671,26.578125,26.578125,False,0.0,False
81,18,140,110.75262,14.41167,29.24738311767578,29.24738311767578,False,0.0,False
81,19,140,112.232,17.18433,27.76799774169922,27.76799774169922,False,0.0,False
81,20,140,113.160965,13.067638,26.839035034179688,26.839035034179688,False,0.0,False
81,21,140,121.318214,14.196503,18.681785583496094,18.681785583496094,False,0.0,False
81,22,140,115.32364,17.348402,24.676361083984375,24.676361083984375,False,0.0,False
81,23,140,117.899734,13.671869,22.100265502929688,22.100265502929688,False,0.0,False
81,24,140,121.43318,13.645339,18.566818237304688,18.566818237304688,False,0.0,False
81,25,140,119.62201,13.787533,20.37799072265625,20.37799072265625,False,0.0,False
81,26,140,113.11566,14.2939,26.88433837890625,26.88433837890625,False,0.0,False
81,27,140,118.54419,13.751017,21.455810546875,21.455810546875,False,0.0,False
81,28,140,108.10727,16.34344,31.892730712890625,31.892730712890625,False,0.0,False
81,29,140,102.13647,14.486694,37.86353302001953,37.86353302001953,False,0.0,False
81,30,140,104.80498,13.897736,35.19502258300781,35.19502258300781,False,0.0,False
81,31,140,107.01301,12.848016,32.98699188232422,32.98699188232422,False,0.0,False
81,32,140,103.464905,13.857004,36.53509521484375,36.53509521484375,False,0.0,False
81,33,140,103.076935,15.08056,36.923065185546875,36.923065185546875,False,0.0,False
81,34,140,104.07942,13.541136,35.92057800292969,35.92057800292969,False,0.0,False
81,35,140,107.35061,15.017318,32.649391174316406,32.649391174316406,False,0.0,False
81,36,140,105.89115,13.614148,34.108848571777344,34.108848571777344,False,0.0,False
81,37,140,108.55161,16.84016,31.448387145996094,31.448387145996094,False,0.0,False
81,38,140,103.4988,13.780987,36.501197814941406,36.501197814941406,False,0.0,False
81,39,140,101.47795,13.919422,38.52204895019531,38.52204895019531,False,0.0,False
81,40,140,102.92896,15.801757,37.07103729248047,37.07103729248047,False,0.0,False
81,41,140,108.81739,15.617681,31.18260955810547,31.18260955810547,False,0.0,False
81,42,140,110.50484,13.933253,29.495162963867188,29.495162963867188,False,0.0,False
81,43,140,115.58105,12.641298,24.41895294189453,24.41895294189453,False,0.0,False
81,44,140,108.87336,15.544047,31.12664031982422,31.12664031982422,False,0.0,False
81,45,140,108.78289,15.130078,31.21710968017578,31.21710968017578,False,0.0,False
81,46,140,109.130135,13.247215,30.86986541748047,30.86986541748047,False,0.0,False
81,47,140,107.10042,12.383854,32.89958190917969,32.89958190917969,False,0.0,False
81,48,140,103.01164,12.668114,36.98835754394531,36.98835754394531,False,0.0,False
81,49,140,113.98728,15.982751,26.012718200683594,26.012718200683594,False,0.0,False
81,50,140,113.023155,14.612671,26.976844787597656,26.976844787597656,False,0.0,False
81,51,140,116.55835,14.621332,23.441650390625,23.441650390625,False,0.0,False
81,52,140,115.655495,14.660068,24.344505310058594,24.344505310058594,False,0.0,False
81,53,140,110.753204,13.387144,29.246795654296875,29.246795654296875,False,0.0,False
81,54,140,115.425255,16.375887,24.574745178222656,24.574745178222656,False,0.0,False
81,55,140,116.95002,15.461304,23.04998016357422,23.04998016357422,False,0.0,False
81,56,140,103.45491,13.171277,36.54508972167969,36.54508972167969,False,0.0,False
81,57,140,102.355225,13.145039,37.644775390625,37.644775390625,False,0.0,False
81,58,140,107.70912,14.266065,32.29087829589844,32.29087829589844,False,0.0,False
81,59,140,99.47246,13.955253,40.52754211425781,40.52754211425781,False,0.0,False
81,60,140,100.58356,15.215519,39.41644287109375,39.41644287109375,False,0.0,False
81,61,140,110.795715,16.824848,29.20428466796875,29.20428466796875,False,0.0,False
81,62,140,106.39827,15.531472,33.60173034667969,33.60173034667969,False,0.0,False
81,63,140,100.697044,13.739954,39.302955627441406,39.302955627441406,False,0.0,False
81,64,140,103.93387,14.119636,36.066131591796875,36.066131591796875,False,0.0,False
81,65,140,106.24443,12.282757,33.75556945800781,33.75556945800781,False,0.0,False
81,66,140,116.69229,13.432615,23.307708740234375,23.307708740234375,False,0.0,False
81,67,140,107.98358,14.684565,32.01641845703125,32.01641845703125,False,0.0,False
81,68,140,110.15554,15.030499,29.844459533691406,29.844459533691406,False,0.0,False
81,69,140,106.72852,12.990829,33.27147674560547,33.27147674560547,False,0.0,False
81,70,140,103.450714,15.867524,36.549285888671875,36.549285888671875,False,0.0,False
81,71,140,106.29789,13.979302,33.702110290527344,33.702110290527344,False,0.0,False
81,72,140,97.63881,13.391757,42.36119079589844,42.36119079589844,False,0.0,False
81,73,140,106.028564,12.951452,33.971435546875,33.971435546875,False,0.0,False
81,74,140,104.12178,14.888818,35.87821960449219,35.87821960449219,False,0.0,False
81,75,140,108.929344,13.35419,31.070655822753906,31.070655822753906,False,0.0,False
81,76,140,103.19534,16.19904,36.804656982421875,36.804656982421875,False,0.0,False
81,77,140,108.859085,14.892824,31.140914916992188,31.140914916992188,False,0.0,False
81,78,140,109.58883,15.447535,30.411170959472656,30.411170959472656,False,0.0,False
81,79,140,110.82013,15.911571,29.17987060546875,29.17987060546875,False,0.0,False
81,80,140,104.13853,14.573169,35.861473083496094,35.861473083496094,False,0.0,False
81,81,140,105.107086,14.072665,34.892913818359375,34.892913818359375,False,0.0,False
81,82,140,104.67476,12.319554,35.32524108886719,35.32524108886719,False,0.0,False
81,83,140,107.70674,14.704875,32.29325866699219,32.29325866699219,False,0.0,False
81,84,140,110.65463,15.198103,29.345367431640625,29.345367431640625,False,0.0,False
81,85,140,113.12243,12.953404,26.87757110595703,26.87757110595703,False,0.0,False
81,86,140,113.83982,16.064083,26.160179138183594,26.160179138183594,False,0.0,False
81,87,140,113.87367,13.704794,26.126327514648438,26.126327514648438,False,0.0,False
81,88,140,108.94367,13.833469,31.05632781982422,31.05632781982422,False,0.0,False
81,89,140,103.61153,13.840347,36.38847351074219,36.38847351074219,False,0.0,False
81,90,140,109.101845,11.87885,30.898155212402344,30.898155212402344,False,0.0,False
81,91,140,100.544464,15.279609,39.455535888671875,39.455535888671875,False,0.0,False
81,92,140,101.083466,12.789013,38.916534423828125,38.916534423828125,False,0.0,False
81,93,140,108.51597,12.683781,31.484031677246094,31.484031677246094,False,0.0,False
81,94,140,108.36208,15.547913,31.637916564941406,31.637916564941406,False,0.0,False
81,95,140,111.77358,16.993841,28.226417541503906,28.226417541503906,False,0.0,False
81,96,140,110.47744,16.157032,29.522560119628906,29.522560119628906,False,0.0,False
81,97,140,106.94256,14.715382,33.05744171142578,33.05744171142578,False,0.0,False
81,98,140,108.971115,13.784157,31.028884887695312,31.028884887695312,False,0.0,False
81,99,140,105.60784,12.685455,34.39215850830078,34.39215850830078,False,0.0,False
81,100,140,103.6448,16.295797,36.355201721191406,36.355201721191406,False,0.0,False
81,101,139,103.120544,15.092753,35.87945556640625,35.87945556640625,False,0.0,False
81,102,138,104.09193,14.390571,33.90807342529297,33.90807342529297,False,0.0,False
81,103,137,100.03305,11.64006,36.966949462890625,36.966949462890625,False,0.0,False
81,104,136,97.63201,14.105228,38.36798858642578,38.36798858642578,False,0.0,False
81,105,135,105.27337,11.632127,29.72663116455078,29.72663116455078,False,0.0,False
81,106,134,102.566376,14.045181,31.433624267578125,31.433624267578125,False,0.0,False
81,107,133,105.38463,15.916066,27.615371704101562,27.615371704101562,False,0.0,False
81,108,132,102.94025,12.538484,29.05975341796875,29.05975341796875,False,0.0,False
81,109,131,99.27672,11.711744,31.723281860351562,31.723281860351562,False,0.0,False
81,110,130,96.71524,15.99142,33.284759521484375,33.284759521484375,False,0.0,False
81,111,129,100.04556,12.96947,28.954437255859375,28.954437255859375,False,0.0,False
81,112,128,103.23178,13.541435,24.768218994140625,24.768218994140625,False,0.0,False
81,113,127,101.745895,13.93954,25.254104614257812,25.254104614257812,False,0.0,False
81,114,126,104.49432,11.401027,21.50567626953125,21.50567626953125,False,0.0,False
81,115,125,101.6056,10.537382,23.39440155029297,23.39440155029297,False,0.0,False
81,116,124,104.453964,13.726456,19.546035766601562,19.546035766601562,False,0.0,False
81,117,123,95.990135,14.356232,27.009864807128906,27.009864807128906,False,0.0,False
81,118,122,91.54231,13.414864,30.457687377929688,30.457687377929688,False,0.0,False
81,119,121,85.83559,11.709676,35.16441345214844,35.16441345214844,False,0.0,False
81,120,120,95.32607,12.974906,24.673927307128906,24.673927307128906,False,0.0,False
81,121,119,93.79877,15.052267,25.20123291015625,25.20123291015625,False,0.0,False
81,122,118,91.11505,12.067064,26.88494873046875,26.88494873046875,False,0.0,False
81,123,117,99.375984,15.269612,17.62401580810547,17.62401580810547,False,0.0,False
81,124,116,95.955536,12.843203,20.044464111328125,20.044464111328125,False,0.0,False
81,125,115,97.13678,12.062084,17.86322021484375,17.86322021484375,False,0.0,False
81,126,114,91.740616,11.968355,22.259384155273438,22.259384155273438,False,0.0,False
81,127,113,90.7392,13.45134,22.26080322265625,22.26080322265625,False,0.0,False
81,128,112,92.38582,12.21544,19.614181518554688,19.614181518554688,False,0.0,False
81,129,111,91.53054,11.931048,19.469459533691406,19.469459533691406,False,0.0,False
81,130,110,82.21408,10.714976,27.785919189453125,27.785919189453125,False,0.0,False
81,131,109,82.090065,11.302152,26.909934997558594,26.909934997558594,False,0.0,False
81,132,108,90.894295,11.669002,17.10570526123047,17.10570526123047,False,0.0,False
81,133,107,93.242714,12.702247,13.757286071777344,13.757286071777344,False,0.0,False
81,134,106,91.19567,12.837667,14.804328918457031,14.804328918457031,False,0.0,False
81,135,105,93.88756,13.479198,11.112442016601562,11.112442016601562,False,0.0,False
81,136,104,93.47781,13.961895,10.522186279296875,10.522186279296875,False,0.0,False
81,137,103,89.56519,12.395153,13.434806823730469,13.434806823730469,False,0.0,False
81,138,102,96.117714,13.971922,5.882286071777344,5.882286071777344,False,0.0,False
81,139,101,91.17047,12.39346,9.82952880859375,9.82952880859375,False,0.0,False
81,140,100,88.16819,12.133638,11.831809997558594,11.831809997558594,False,0.0,False
81,141,99,86.603035,12.796692,12.396965026855469,12.396965026855469,False,0.0,False
81,142,98,84.83363,8.511365,13.166366577148438,13.166366577148438,False,0.0,False
81,143,97,73.35395,13.209459,23.64604949951172,23.64604949951172,False,0.0,False
81,144,96,81.33921,12.4565325,14.660789489746094,14.660789489746094,False,0.0,False
81,145,95,82.44839,13.011718,12.551612854003906,12.551612854003906,False,0.0,False
81,146,94,78.68932,7.793385,15.310676574707031,15.310676574707031,False,0.0,False
81,147,93,84.31038,10.524195,8.689620971679688,8.689620971679688,False,0.0,False
81,148,92,89.78589,9.536129,2.214111328125,2.214111328125,False,0.0,False
81,149,91,89.654335,13.009936,1.3456649780273438,1.3456649780273438,False,0.0,False
81,150,90,94.49707,14.123396,-4.4970703125,4.4970703125,False,0.0,False
81,151,89,94.62057,10.653337,-5.620567321777344,5.620567321777344,False,0.0,False
81,152,88,83.13627,12.060251,4.863731384277344,4.863731384277344,False,0.0,False
81,153,87,97.69978,14.020013,-10.699783325195312,10.699783325195312,False,0.0,False
81,154,86,93.689964,12.166791,-7.689964294433594,7.689964294433594,False,0.0,False
81,155,85,97.70338,14.504437,-12.703376770019531,12.703376770019531,False,0.0,False
81,156,84,101.852516,13.14986,-17.852516174316406,17.852516174316406,False,0.0,False
81,157,83,97.9563,12.587517,-14.956298828125,14.956298828125,False,0.0,False
81,158,82,88.97919,13.733263,-6.97918701171875,6.97918701171875,False,0.0,False
81,159,81,93.40286,12.919133,-12.402862548828125,12.402862548828125,False,0.0,False
81,160,80,90.88216,11.960933,-10.882156372070312,10.882156372070312,False,0.0,False
81,161,79,86.77797,12.090389,-7.7779693603515625,7.7779693603515625,False,0.0,False
81,162,78,86.93251,11.617663,-8.932510375976562,8.932510375976562,False,0.0,False
81,163,77,91.06083,13.769475,-14.060829162597656,14.060829162597656,False,0.0,False
81,164,76,86.38693,9.87912,-10.386932373046875,10.386932373046875,False,0.0,False
81,165,75,74.24735,10.743611,0.7526473999023438,0.7526473999023438,False,0.0,False
81,166,74,83.244095,11.309235,-9.244094848632812,9.244094848632812,False,0.0,False
81,167,73,74.904724,10.6718,-1.90472412109375,1.90472412109375,False,0.0,False
81,168,72,62.160736,10.93969,9.839263916015625,9.839263916015625,False,0.0,False
81,169,71,63.233875,9.630736,7.766124725341797,7.766124725341797,False,0.0,False
81,170,70,63.750404,12.218147,6.249595642089844,6.249595642089844,False,0.0,False
81,171,69,60.890526,10.26472,8.109474182128906,8.109474182128906,False,0.0,False
81,172,68,52.84133,11.704465,15.158668518066406,15.158668518066406,False,0.0,False
81,173,67,79.30796,10.576888,-12.307960510253906,12.307960510253906,False,0.0,False
81,174,66,79.38249,10.359089,-13.382492065429688,13.382492065429688,False,0.0,False
81,175,65,69.65223,9.533147,-4.652229309082031,4.652229309082031,False,0.0,False
81,176,64,75.59475,12.127391,-11.594749450683594,11.594749450683594,False,0.0,False
81,177,63,75.55785,10.584855,-12.557853698730469,12.557853698730469,False,0.0,False
81,178,62,68.068344,11.297505,-6.0683441162109375,6.0683441162109375,False,0.0,False
81,179,61,68.96822,10.308467,-7.968223571777344,7.968223571777344,False,0.0,False
81,180,60,66.87631,10.356082,-6.876312255859375,6.876312255859375,False,0.0,False
81,181,59,56.500683,9.972764,2.499317169189453,2.499317169189453,False,0.0,False
81,182,58,61.389748,11.768481,-3.3897476196289062,3.3897476196289062,False,0.0,False
81,183,57,66.10806,10.399974,-9.108062744140625,9.108062744140625,False,0.0,False
81,184,56,59.59589,11.896081,-3.5958900451660156,3.5958900451660156,False,0.0,False
81,185,55,50.60963,11.993245,4.390369415283203,4.390369415283203,False,0.0,False
81,186,54,69.73885,10.793011,-15.738853454589844,15.738853454589844,False,0.0,False
81,187,53,57.88801,8.940698,-4.888008117675781,4.888008117675781,False,0.0,False
81,188,52,55.475132,10.0455,-3.4751319885253906,3.4751319885253906,False,0.0,False
81,189,51,44.12219,10.228386,6.877811431884766,6.877811431884766,False,0.0,False
81,190,50,47.23117,10.934464,2.768829345703125,2.768829345703125,False,0.0,False
81,191,49,50.249737,11.49085,-1.2497367858886719,1.2497367858886719,False,0.0,False
81,192,48,44.60072,11.074003,3.399280548095703,3.399280548095703,False,0.02,False
81,193,47,41.52011,10.982855,5.479888916015625,5.479888916015625,False,0.0,False
81,194,46,36.780052,9.617777,9.219947814941406,9.219947814941406,False,0.0,False
81,195,45,34.498226,8.402607,10.501773834228516,10.501773834228516,False,0.0,False
81,196,44,30.850235,8.469786,13.149765014648438,13.149765014648438,False,0.02,False
81,197,43,32.56914,6.855305,10.430858612060547,10.430858612060547,False,0.0,False
81,198,42,29.799873,11.048793,12.200126647949219,12.200126647949219,False,0.02,False
81,199,41,34.955067,9.627287,6.044933319091797,6.044933319091797,False,0.0,False
81,200,40,32.773155,10.648617,7.226844787597656,7.226844787597656,False,0.02,False
81,201,39,31.788963,10.899275,7.211036682128906,7.211036682128906,False,0.0,False
81,202,38,35.290493,10.540461,2.7095069885253906,2.7095069885253906,False,0.0,False
81,203,37,30.782246,8.392474,6.217754364013672,6.217754364013672,False,0.02,False
81,204,36,33.439865,9.489217,2.5601348876953125,2.5601348876953125,False,0.0,False
81,205,35,32.077667,10.00099,2.922332763671875,2.922332763671875,False,0.0,False
81,206,34,26.020893,10.112762,7.979106903076172,7.979106903076172,False,0.06,False
81,207,33,28.402603,9.388339,4.5973968505859375,4.5973968505859375,False,0.02,False
81,208,32,36.137283,10.285201,-4.1372833251953125,4.1372833251953125,False,0.0,False
81,209,31,30.249405,8.595312,0.7505950927734375,0.7505950927734375,False,0.02,False
81,210,30,28.002825,10.226058,1.9971752166748047,1.9971752166748047,False,0.02,False
81,211,29,24.754118,9.5426035,4.245882034301758,4.245882034301758,False,0.06,False
81,212,28,27.57331,11.391445,0.42668914794921875,0.42668914794921875,False,0.04,False
81,213,27,28.955835,10.658228,-1.9558353424072266,1.9558353424072266,False,0.06,False
81,214,26,25.68899,10.686953,0.31101036071777344,0.31101036071777344,False,0.06,False
81,215,25,28.557716,10.145722,-3.5577163696289062,3.5577163696289062,False,0.06,False
81,216,24,20.971584,9.231371,3.0284156799316406,3.0284156799316406,False,0.1,False
81,217,23,22.67292,9.256089,0.32707977294921875,0.32707977294921875,False,0.1,False
81,218,22,19.304552,9.634815,2.6954479217529297,2.6954479217529297,False,0.2,False
81,219,21,22.751371,8.076799,-1.7513713836669922,1.7513713836669922,False,0.06,False
81,220,20,23.481787,8.538924,-3.4817867279052734,3.4817867279052734,False,0.06,False
81,221,19,21.682701,8.570446,-2.6827011108398438,2.6827011108398438,False,0.1,False
81,222,18,22.076937,7.9144163,-4.076936721801758,4.076936721801758,False,0.02,False
81,223,17,18.62809,10.406704,-1.6280899047851562,1.6280899047851562,False,0.22,False
81,224,16,18.243113,8.144863,-2.243112564086914,2.243112564086914,False,0.18,False
81,225,15,14.576515,7.485097,0.42348480224609375,0.42348480224609375,False,0.22,False
81,226,14,13.156101,9.477447,0.8438987731933594,0.8438987731933594,False,0.36,True
81,227,13,14.173071,8.50847,-1.1730709075927734,1.1730709075927734,False,0.28,False
81,228,12,13.423714,7.609829,-1.4237136840820312,1.4237136840820312,False,0.28,False
81,229,11,13.770786,12.214978,-2.7707862854003906,2.7707862854003906,False,0.34,True
81,230,10,16.107254,10.822151,-6.1072540283203125,6.1072540283203125,False,0.26,False
81,231,9,10.280971,9.824005,-1.280970573425293,1.280970573425293,False,0.5,True
81,232,8,12.298838,9.752012,-4.298837661743164,4.298837661743164,False,0.42,True
81,233,7,12.699498,11.413148,-5.699498176574707,5.699498176574707,False,0.38,True
81,234,6,12.5183935,7.741787,-6.518393516540527,6.518393516540527,False,0.34,True
81,235,5,10.1542,8.10617,-5.154199600219727,5.154199600219727,False,0.46,True
81,236,4,10.556892,7.6720524,-6.556892395019531,6.556892395019531,True,0.5,True
81,237,3,8.332459,8.641862,-5.332459449768066,5.332459449768066,True,0.68,True
81,238,2,9.176942,8.464969,-7.176941871643066,7.176941871643066,True,0.5,True
81,239,1,6.5206037,8.392795,-5.520603656768799,5.520603656768799,True,0.6,True
81,240,0,7.894251,8.158574,-7.894250869750977,7.894250869750977,True,0.58,True
84,1,140,101.638466,16.713999,38.361534118652344,38.361534118652344,False,0.0,False
84,2,140,99.75901,13.2968445,40.240989685058594,40.240989685058594,False,0.0,False
84,3,140,105.66756,15.276634,34.33244323730469,34.33244323730469,False,0.0,False
84,4,140,97.23435,16.895796,42.765647888183594,42.765647888183594,False,0.0,False
84,5,140,102.39553,14.801536,37.604469299316406,37.604469299316406,False,0.0,False
84,6,140,101.59768,14.585507,38.402320861816406,38.402320861816406,False,0.0,False
84,7,140,110.24301,13.85067,29.756988525390625,29.756988525390625,False,0.0,False
84,8,140,106.66013,12.839317,33.339866638183594,33.339866638183594,False,0.0,False
84,9,140,104.8553,15.429063,35.14469909667969,35.14469909667969,False,0.0,False
84,10,140,108.38927,14.473469,31.610733032226562,31.610733032226562,False,0.0,False
84,11,140,109.22562,17.274597,30.774383544921875,30.774383544921875,False,0.0,False
84,12,140,103.53338,16.380352,36.46662139892578,36.46662139892578,False,0.0,False
84,13,140,100.90181,12.491902,39.09819030761719,39.09819030761719,False,0.0,False
84,14,140,104.036644,15.220354,35.963356018066406,35.963356018066406,False,0.0,False
84,15,140,106.858475,13.917747,33.14152526855469,33.14152526855469,False,0.0,False
84,16,140,113.259796,12.062292,26.740203857421875,26.740203857421875,False,0.0,False
84,17,140,113.96471,15.788799,26.035293579101562,26.035293579101562,False,0.0,False
84,18,140,112.77784,17.172369,27.22216033935547,27.22216033935547,False,0.0,False
84,19,140,112.55274,16.715733,27.44725799560547,27.44725799560547,False,0.0,False
84,20,140,110.59921,16.098307,29.400787353515625,29.400787353515625,False,0.0,False
84,21,140,110.56884,14.39836,29.43115997314453,29.43115997314453,False,0.0,False
84,22,140,107.0631,14.255173,32.93689727783203,32.93689727783203,False,0.0,False
84,23,140,104.82208,15.114368,35.17791748046875,35.17791748046875,False,0.0,False
84,24,140,107.00454,14.329456,32.995460510253906,32.995460510253906,False,0.0,False
84,25,140,102.458405,10.548997,37.541595458984375,37.541595458984375,False,0.0,False
84,26,140,112.88682,13.433895,27.113182067871094,27.113182067871094,False,0.0,False
84,27,140,105.041824,11.402998,34.95817565917969,34.95817565917969,False,0.0,False
84,28,140,101.18472,17.706366,38.815277099609375,38.815277099609375,False,0.0,False
84,29,140,107.97744,18.406462,32.022560119628906,32.022560119628906,False,0.0,False
84,30,140,111.45268,13.576732,28.547317504882812,28.547317504882812,False,0.0,False
84,31,140,103.33323,14.95912,36.666770935058594,36.666770935058594,False,0.0,False
84,32,140,113.33293,12.61079,26.667068481445312,26.667068481445312,False,0.0,False
84,33,140,113.20324,13.699662,26.79676055908203,26.79676055908203,False,0.0,False
84,34,140,114.49394,13.488878,25.506057739257812,25.506057739257812,False,0.0,False
84,35,140,111.37015,12.555469,28.629852294921875,28.629852294921875,False,0.0,False
84,36,140,113.00527,15.911888,26.994728088378906,26.994728088378906,False,0.0,False
84,37,140,106.03818,16.249262,33.961822509765625,33.961822509765625,False,0.0,False
84,38,140,109.19991,11.489249,30.800086975097656,30.800086975097656,False,0.0,False
84,39,140,104.630714,12.955864,35.369285583496094,35.369285583496094,False,0.0,False
84,40,140,110.73672,15.002422,29.263282775878906,29.263282775878906,False,0.0,False
84,41,140,107.55792,12.469501,32.44207763671875,32.44207763671875,False,0.0,False
84,42,140,113.98612,16.525045,26.013877868652344,26.013877868652344,False,0.0,False
84,43,140,106.386375,16.254286,33.613624572753906,33.613624572753906,False,0.0,False
84,44,140,104.07638,14.994381,35.923622131347656,35.923622131347656,False,0.0,False
84,45,140,103.53655,15.091894,36.46344757080078,36.46344757080078,False,0.0,False
84,46,140,101.8734,15.570248,38.12660217285156,38.12660217285156,False,0.0,False
84,47,140,105.63744,14.550394,34.36255645751953,34.36255645751953,False,0.0,False
84,48,140,105.71115,12.92995,34.288848876953125,34.288848876953125,False,0.0,False
84,49,140,101.205605,14.607486,38.794395446777344,38.794395446777344,False,0.0,False
84,50,140,109.748535,15.597849,30.25146484375,30.25146484375,False,0.0,False
84,51,140,108.90678,13.902425,31.093223571777344,31.093223571777344,False,0.0,False
84,52,140,111.05424,16.848827,28.945762634277344,28.945762634277344,False,0.0,False
84,53,140,105.03709,14.139701,34.962913513183594,34.962913513183594,False,0.0,False
84,54,140,114.40392,17.02945,25.59607696533203,25.59607696533203,False,0.0,False
84,55,140,116.11974,15.368109,23.88025665283203,23.88025665283203,False,0.0,False
84,56,140,110.88462,15.484374,29.115379333496094,29.115379333496094,False,0.0,False
84,57,140,109.740036,17.4304,30.259963989257812,30.259963989257812,False,0.0,False
84,58,140,111.03377,16.016779,28.966232299804688,28.966232299804688,False,0.0,False
84,59,140,110.03128,13.465838,29.968719482421875,29.968719482421875,False,0.0,False
84,60,140,108.26556,14.289474,31.73444366455078,31.73444366455078,False,0.0,False
84,61,140,90.07806,15.128119,49.92194366455078,49.92194366455078,False,0.0,False
84,62,140,88.3439,14.624579,51.656097412109375,51.656097412109375,False,0.0,False
84,63,140,98.583984,13.132428,41.416015625,41.416015625,False,0.0,False
84,64,140,99.73564,15.874356,40.26435852050781,40.26435852050781,False,0.0,False
84,65,140,96.805046,16.146912,43.19495391845703,43.19495391845703,False,0.0,False
84,66,140,104.154495,14.04029,35.84550476074219,35.84550476074219,False,0.0,False
84,67,140,110.10267,14.271207,29.89733123779297,29.89733123779297,False,0.0,False
84,68,140,110.321754,15.61517,29.678245544433594,29.678245544433594,False,0.0,False
84,69,140,109.157005,14.046534,30.842994689941406,30.842994689941406,False,0.0,False
84,70,140,118.14203,15.248894,21.85797119140625,21.85797119140625,False,0.0,False
84,71,140,111.379364,12.659408,28.620635986328125,28.620635986328125,False,0.0,False
84,72,140,109.8688,15.545866,30.131202697753906,30.131202697753906,False,0.0,False
84,73,140,107.49164,13.557889,32.50836181640625,32.50836181640625,False,0.0,False
84,74,140,104.915085,13.25601,35.08491516113281,35.08491516113281,False,0.0,False
84,75,140,104.64275,15.767674,35.35724639892578,35.35724639892578,False,0.0,False
84,76,140,102.95175,12.894299,37.048248291015625,37.048248291015625,False,0.0,False
84,77,140,99.55074,15.313191,40.449256896972656,40.449256896972656,False,0.0,False
84,78,140,104.68169,13.58708,35.31831359863281,35.31831359863281,False,0.0,False
84,79,140,110.671524,15.993933,29.328475952148438,29.328475952148438,False,0.0,False
84,80,140,108.81884,13.259584,31.18115997314453,31.18115997314453,False,0.0,False
84,81,140,108.31352,13.39174,31.686477661132812,31.686477661132812,False,0.0,False
84,82,140,119.01148,13.915111,20.98851776123047,20.98851776123047,False,0.0,False
84,83,140,113.78873,14.531908,26.211273193359375,26.211273193359375,False,0.0,False
84,84,140,96.48918,11.439519,43.51081848144531,43.51081848144531,False,0.0,False
84,85,140,90.75728,13.255793,49.24272155761719,49.24272155761719,False,0.0,False
84,86,140,101.41081,15.815332,38.58918762207031,38.58918762207031,False,0.0,False
84,87,140,101.57896,12.016272,38.421043395996094,38.421043395996094,False,0.0,False
84,88,140,102.542694,15.86092,37.457305908203125,37.457305908203125,False,0.0,False
84,89,140,83.25402,20.015911,56.74597930908203,56.74597930908203,False,0.0,False
84,90,140,95.12209,13.252269,44.877906799316406,44.877906799316406,False,0.0,False
84,91,140,100.10456,13.93461,39.89543914794922,39.89543914794922,False,0.0,False
84,92,140,87.63179,14.808686,52.36820983886719,52.36820983886719,False,0.0,False
84,93,140,102.25582,17.001022,37.744178771972656,37.744178771972656,False,0.0,False
84,94,140,106.00676,14.650991,33.99324035644531,33.99324035644531,False,0.0,False
84,95,140,104.520584,12.309865,35.47941589355469,35.47941589355469,False,0.0,False
84,96,140,101.6871,11.886565,38.312896728515625,38.312896728515625,False,0.0,False
84,97,140,103.36062,14.438613,36.639381408691406,36.639381408691406,False,0.0,False
84,98,140,100.2615,11.857223,39.738502502441406,39.738502502441406,False,0.0,False
84,99,140,103.74155,14.598251,36.258453369140625,36.258453369140625,False,0.0,False
84,100,140,105.908585,14.251402,34.09141540527344,34.09141540527344,False,0.0,False
84,101,140,109.133446,15.699012,30.866554260253906,30.866554260253906,False,0.0,False
84,102,140,106.29171,15.79022,33.708290100097656,33.708290100097656,False,0.0,False
84,103,140,107.07313,12.748644,32.92687225341797,32.92687225341797,False,0.0,False
84,104,140,101.94112,13.724863,38.05888366699219,38.05888366699219,False,0.0,False
84,105,140,97.10725,14.314245,42.89275360107422,42.89275360107422,False,0.0,False
84,106,140,93.58783,12.298168,46.41217041015625,46.41217041015625,False,0.0,False
84,107,140,93.486465,12.311136,46.51353454589844,46.51353454589844,False,0.0,False
84,108,140,101.97451,12.349401,38.025489807128906,38.025489807128906,False,0.0,False
84,109,140,97.758194,12.939567,42.24180603027344,42.24180603027344,False,0.0,False
84,110,140,100.82623,13.396066,39.17376708984375,39.17376708984375,False,0.0,False
84,111,140,79.65682,14.321979,60.343177795410156,60.343177795410156,False,0.0,False
84,112,140,92.676315,14.250036,47.32368469238281,47.32368469238281,False,0.0,False
84,113,140,93.74731,10.399942,46.25269317626953,46.25269317626953,False,0.0,False
84,114,140,82.321075,14.886204,57.678924560546875,57.678924560546875,False,0.0,False
84,115,140,83.766785,14.6632595,56.23321533203125,56.23321533203125,False,0.0,False
84,116,140,97.9926,14.262511,42.00740051269531,42.00740051269531,False,0.0,False
84,117,140,104.160286,13.465321,35.83971405029297,35.83971405029297,False,0.0,False
84,118,140,102.404015,11.569168,37.595985412597656,37.595985412597656,False,0.0,False
84,119,140,96.73459,13.845889,43.265411376953125,43.265411376953125,False,0.0,False
84,120,140,98.002975,15.0504465,41.99702453613281,41.99702453613281,False,0.0,False
84,121,140,100.06142,12.8619795,39.93858337402344,39.93858337402344,False,0.0,False
84,122,140,97.21101,11.272609,42.78898620605469,42.78898620605469,False,0.0,False
84,123,140,88.31959,12.842545,51.68041229248047,51.68041229248047,False,0.0,False
84,124,140,101.426315,15.435878,38.57368469238281,38.57368469238281,False,0.0,False
84,125,140,99.09297,15.675524,40.90702819824219,40.90702819824219,False,0.0,False
84,126,140,94.664276,14.22305,45.335723876953125,45.335723876953125,False,0.0,False
84,127,140,91.03669,15.073487,48.96331024169922,48.96331024169922,False,0.0,False
84,128,139,96.27537,15.124356,42.724632263183594,42.724632263183594,False,0.0,False
84,129,138,82.34488,15.6294775,55.655120849609375,55.655120849609375,False,0.0,False
84,130,137,71.86593,13.570805,65.13407135009766,65.13407135009766,False,0.0,False
84,131,136,84.70585,13.589207,51.294151306152344,51.294151306152344,False,0.0,False
84,132,135,75.73669,12.311762,59.26331329345703,59.26331329345703,False,0.0,False
84,133,134,74.788055,14.62346,59.211944580078125,59.211944580078125,False,0.0,False
84,134,133,94.15555,13.851497,38.844451904296875,38.844451904296875,False,0.0,False
84,135,132,93.939186,13.258583,38.060813903808594,38.060813903808594,False,0.0,False
84,136,131,88.50923,12.560792,42.49076843261719,42.49076843261719,False,0.0,False
84,137,130,81.91273,15.167376,48.08727264404297,48.08727264404297,False,0.0,False
84,138,129,90.04593,11.817876,38.954071044921875,38.954071044921875,False,0.0,False
84,139,128,84.50728,15.4934845,43.49272155761719,43.49272155761719,False,0.0,False
84,140,127,81.20376,11.467698,45.796241760253906,45.796241760253906,False,0.0,False
84,141,126,85.80686,11.2023325,40.193138122558594,40.193138122558594,False,0.0,False
84,142,125,82.61544,14.989484,42.384559631347656,42.384559631347656,False,0.0,False
84,143,124,74.25178,12.284699,49.74822235107422,49.74822235107422,False,0.0,False
84,144,123,80.45925,13.18557,42.540748596191406,42.540748596191406,False,0.0,False
84,145,122,73.02648,11.797405,48.97351837158203,48.97351837158203,False,0.0,False
84,146,121,74.68537,11.026207,46.31462860107422,46.31462860107422,False,0.0,False
84,147,120,77.38104,14.421223,42.61895751953125,42.61895751953125,False,0.0,False
84,148,119,84.325775,13.314384,34.674224853515625,34.674224853515625,False,0.0,False
84,149,118,91.286804,12.835725,26.71319580078125,26.71319580078125,False,0.0,False
84,150,117,91.95836,14.72255,25.041641235351562,25.041641235351562,False,0.0,False
84,151,116,87.4474,12.085382,28.552597045898438,28.552597045898438,False,0.0,False
84,152,115,67.812386,15.325028,47.18761444091797,47.18761444091797,False,0.0,False
84,153,114,72.245155,14.495833,41.754844665527344,41.754844665527344,False,0.0,False
84,154,113,63.622536,11.368981,49.377464294433594,49.377464294433594,False,0.0,False
84,155,112,49.46633,13.730088,62.533668518066406,62.533668518066406,False,0.0,False
84,156,111,54.531788,10.89614,56.46821212768555,56.46821212768555,False,0.0,False
84,157,110,48.35303,10.933631,61.646968841552734,61.646968841552734,False,0.0,False
84,158,109,53.116962,13.375877,55.88303756713867,55.88303756713867,False,0.0,False
84,159,108,43.41164,11.2519455,64.58835983276367,64.58835983276367,False,0.0,False
84,160,107,51.242294,11.830343,55.75770568847656,55.75770568847656,False,0.0,False
84,161,106,49.61136,11.98316,56.388641357421875,56.388641357421875,False,0.0,False
84,162,105,62.312912,9.430969,42.68708801269531,42.68708801269531,False,0.0,False
84,163,104,51.797398,12.265777,52.20260238647461,52.20260238647461,False,0.0,False
84,164,103,68.55967,12.301814,34.440330505371094,34.440330505371094,False,0.0,False
84,165,102,56.096012,11.841756,45.903987884521484,45.903987884521484,False,0.0,False
84,166,101,59.40979,12.512923,41.5902099609375,41.5902099609375,False,0.0,False
84,167,100,53.96873,10.316431,46.03126907348633,46.03126907348633,False,0.0,False
84,168,99,51.01906,12.512306,47.98094177246094,47.98094177246094,False,0.0,False
84,169,98,55.96744,12.008396,42.03255844116211,42.03255844116211,False,0.0,False
84,170,97,80.192825,11.786856,16.807174682617188,16.807174682617188,False,0.0,False
84,171,96,64.091385,12.218253,31.908615112304688,31.908615112304688,False,0.0,False
84,172,95,66.893555,13.262912,28.1064453125,28.1064453125,False,0.0,False
84,173,94,85.89787,11.329449,8.102127075195312,8.102127075195312,False,0.0,False
84,174,93,67.22007,11.640767,25.779930114746094,25.779930114746094,False,0.0,False
84,175,92,57.229923,10.640308,34.770076751708984,34.770076751708984,False,0.0,False
84,176,91,51.562656,12.472349,39.43734359741211,39.43734359741211,False,0.0,False
84,177,90,51.6121,11.843129,38.387901306152344,38.387901306152344,False,0.0,False
84,178,89,46.373627,14.232726,42.626373291015625,42.626373291015625,False,0.0,False
84,179,88,53.12476,10.175044,34.875240325927734,34.875240325927734,False,0.0,False
84,180,87,50.231903,9.805971,36.768096923828125,36.768096923828125,False,0.0,False
84,181,86,50.5084,10.358842,35.491600036621094,35.491600036621094,False,0.0,False
84,182,85,42.09407,11.304447,42.90592956542969,42.90592956542969,False,0.0,False
84,183,84,41.13328,11.027859,42.86671829223633,42.86671829223633,False,0.02,False
84,184,83,48.011784,10.727071,34.988216400146484,34.988216400146484,False,0.0,False
84,185,82,47.15805,12.410204,34.841949462890625,34.841949462890625,False,0.0,False
84,186,81,46.901123,10.426871,34.098876953125,34.098876953125,False,0.0,False
84,187,80,54.572247,11.383388,25.427753448486328,25.427753448486328,False,0.0,False
84,188,79,51.834927,10.660715,27.16507339477539,27.16507339477539,False,0.0,False
84,189,78,43.2274,9.121546,34.77259826660156,34.77259826660156,False,0.0,False
84,190,77,42.947895,9.283979,34.05210494995117,34.05210494995117,False,0.0,False
84,191,76,42.964428,8.0082,33.03557205200195,33.03557205200195,False,0.0,False
84,192,75,51.814762,10.895429,23.185237884521484,23.185237884521484,False,0.0,False
84,193,74,50.425453,10.666802,23.574546813964844,23.574546813964844,False,0.0,False
84,194,73,56.12069,12.986476,16.879310607910156,16.879310607910156,False,0.0,False
84,195,72,43.946083,9.159337,28.053916931152344,28.053916931152344,False,0.0,False
84,196,71,53.891125,10.31065,17.108875274658203,17.108875274658203,False,0.0,False
84,197,70,46.720047,11.250871,23.279953002929688,23.279953002929688,False,0.0,False
84,198,69,51.164913,12.014978,17.835086822509766,17.835086822509766,False,0.0,False
84,199,68,50.347973,11.625974,17.652027130126953,17.652027130126953,False,0.0,False
84,200,67,56.675415,12.709484,10.3245849609375,10.3245849609375,False,0.0,False
84,201,66,53.351612,10.643369,12.648387908935547,12.648387908935547,False,0.0,False
84,202,65,48.113983,11.497875,16.886016845703125,16.886016845703125,False,0.0,False
84,203,64,46.48049,9.697935,17.519508361816406,17.519508361816406,False,0.0,False
84,204,63,50.33375,11.693213,12.666248321533203,12.666248321533203,False,0.0,False
84,205,62,37.668938,10.733834,24.33106231689453,24.33106231689453,False,0.0,False
84,206,61,37.05238,8.4496355,23.947620391845703,23.947620391845703,False,0.0,False
84,207,60,36.435852,10.200837,23.56414794921875,23.56414794921875,False,0.0,False
84,208,59,32.814682,11.493245,26.185317993164062,26.185317993164062,False,0.02,False
84,209,58,30.556292,9.367748,27.443708419799805,27.443708419799805,False,0.04,False
84,210,57,34.25239,11.550442,22.747608184814453,22.747608184814453,False,0.0,False
84,211,56,35.657993,9.860892,20.34200668334961,20.34200668334961,False,0.0,False
84,212,55,32.39075,10.800875,22.609249114990234,22.609249114990234,False,0.0,False
84,213,54,31.448889,8.412988,22.551111221313477,22.551111221313477,False,0.0,False
84,214,53,34.35165,10.069407,18.64834976196289,18.64834976196289,False,0.0,False
84,215,52,37.12086,8.826883,14.879138946533203,14.879138946533203,False,0.0,False
84,216,51,33.743813,9.506494,17.256187438964844,17.256187438964844,False,0.0,False
84,217,50,33.49835,8.877476,16.501651763916016,16.501651763916016,False,0.0,False
84,218,49,43.770767,9.72294,5.2292327880859375,5.2292327880859375,False,0.02,False
84,219,48,36.133514,8.355746,11.866485595703125,11.866485595703125,False,0.0,False
84,220,47,34.71001,9.640687,12.289989471435547,12.289989471435547,False,0.02,False
84,221,46,36.748474,8.162764,9.25152587890625,9.25152587890625,False,0.0,False
84,222,45,32.151443,9.464002,12.848556518554688,12.848556518554688,False,0.02,False
84,223,44,35.695683,7.9399776,8.304317474365234,8.304317474365234,False,0.0,False
84,224,43,30.278784,9.060071,12.721216201782227,12.721216201782227,False,0.0,False
84,225,42,28.663626,10.007852,13.336374282836914,13.336374282836914,False,0.06,False
84,226,41,28.327417,7.087353,12.672582626342773,12.672582626342773,False,0.02,False
84,227,40,26.249077,9.236254,13.750923156738281,13.750923156738281,False,0.02,False
84,228,39,24.7716,9.973964,14.228399276733398,14.228399276733398,False,0.08,False
84,229,38,24.375046,11.518047,13.624954223632812,13.624954223632812,False,0.12,False
84,230,37,22.266504,9.447811,14.733495712280273,14.733495712280273,False,0.1,False
84,231,36,26.257994,10.404185,9.742006301879883,9.742006301879883,False,0.1,False
84,232,35,27.574839,10.215494,7.425161361694336,7.425161361694336,False,0.04,False
84,233,34,31.23977,8.406518,2.7602291107177734,2.7602291107177734,False,0.02,False
84,234,33,26.077446,8.656703,6.922554016113281,6.922554016113281,False,0.02,False
84,235,32,25.048887,8.621175,6.951112747192383,6.951112747192383,False,0.08,False
84,236,31,24.261503,7.9230585,6.738496780395508,6.738496780395508,False,0.04,False
84,237,30,19.503525,6.7785416,10.496475219726562,10.496475219726562,False,0.12,False
84,238,29,21.541286,6.705149,7.458713531494141,7.458713531494141,False,0.04,False
84,239,28,18.987444,6.0520434,9.012556076049805,9.012556076049805,False,0.08,False
84,240,27,20.886425,6.979729,6.113574981689453,6.113574981689453,False,0.06,False
84,241,26,22.130098,8.793591,3.869901657104492,3.869901657104492,False,0.14,False
84,242,25,23.665339,7.04685,1.3346614837646484,1.3346614837646484,False,0.04,False
84,243,24,19.797628,7.275431,4.202371597290039,4.202371597290039,False,0.1,False
84,244,23,19.5894,7.0070934,3.4106006622314453,3.4106006622314453,False,0.14,False
84,245,22,16.450922,6.866811,5.549077987670898,5.549077987670898,False,0.18,False
84,246,21,20.89377,6.2795715,0.10622978210449219,0.10622978210449219,False,0.06,False
84,247,20,17.361826,5.506282,2.638174057006836,2.638174057006836,False,0.1,False
84,248,19,19.610252,7.5511937,-0.6102523803710938,0.6102523803710938,False,0.14,False
84,249,18,21.670454,4.961115,-3.6704540252685547,3.6704540252685547,False,0.0,False
84,250,17,18.412561,5.9044666,-1.4125614166259766,1.4125614166259766,False,0.1,False
84,251,16,15.575998,7.0622683,0.42400169372558594,0.42400169372558594,False,0.22,False
84,252,15,16.773476,5.120983,-1.7734756469726562,1.7734756469726562,False,0.1,False
84,253,14,12.819281,6.1599493,1.1807193756103516,1.1807193756103516,False,0.3,True
84,254,13,15.181965,5.159372,-2.181964874267578,2.181964874267578,False,0.18,False
84,255,12,15.895458,6.6716714,-3.895458221435547,3.895458221435547,False,0.2,False
84,256,11,12.62009,6.15079,-1.6200895309448242,1.6200895309448242,False,0.38,True
84,257,10,13.776516,6.68523,-3.7765159606933594,3.7765159606933594,False,0.28,False
84,258,9,10.730378,4.8347454,-1.7303781509399414,1.7303781509399414,False,0.44,True
84,259,8,9.990738,4.726285,-1.9907379150390625,1.9907379150390625,False,0.48,True
84,260,7,9.734704,6.20911,-2.73470401763916,2.73470401763916,False,0.48,True
84,261,6,9.628478,4.896076,-3.6284780502319336,3.6284780502319336,False,0.54,True
84,262,5,8.417079,4.649039,-3.417078971862793,3.417078971862793,False,0.68,True
84,263,4,8.399778,5.081797,-4.399778366088867,4.399778366088867,True,0.66,True
84,264,3,7.3058496,3.5397081,-4.305849552154541,4.305849552154541,True,0.78,True
84,265,2,7.8061595,4.4008765,-5.806159496307373,5.806159496307373,True,0.74,True
84,266,1,7.5349073,6.335129,-6.534907341003418,6.534907341003418,True,0.62,True
84,267,0,6.638523,5.5777564,-6.638523101806641,6.638523101806641,True,0.78,True
91,1,134,116.85501,12.920324,17.144989013671875,17.144989013671875,False,0.0,False
91,2,133,100.98975,16.57642,32.01024627685547,32.01024627685547,False,0.0,False
91,3,132,106.4625,15.836524,25.537498474121094,25.537498474121094,False,0.0,False
91,4,131,110.88139,15.39528,20.118606567382812,20.118606567382812,False,0.0,False
91,5,130,106.44373,13.214764,23.55626678466797,23.55626678466797,False,0.0,False
91,6,129,100.001114,13.67808,28.998886108398438,28.998886108398438,False,0.0,False
91,7,128,106.19018,13.896997,21.80982208251953,21.80982208251953,False,0.0,False
91,8,127,100.3726,12.572532,26.627403259277344,26.627403259277344,False,0.0,False
91,9,126,100.604836,11.622261,25.395164489746094,25.395164489746094,False,0.0,False
91,10,125,91.95706,13.401946,33.042938232421875,33.042938232421875,False,0.0,False
91,11,124,84.447815,12.887349,39.55218505859375,39.55218505859375,False,0.0,False
91,12,123,90.754265,13.396626,32.24573516845703,32.24573516845703,False,0.0,False
91,13,122,103.08119,12.211058,18.918807983398438,18.918807983398438,False,0.0,False
91,14,121,98.6195,13.558308,22.38050079345703,22.38050079345703,False,0.0,False
91,15,120,104.46534,12.56779,15.534660339355469,15.534660339355469,False,0.0,False
91,16,119,97.5251,11.193584,21.474899291992188,21.474899291992188,False,0.0,False
91,17,118,96.3141,9.104523,21.685897827148438,21.685897827148438,False,0.0,False
91,18,117,98.528046,11.158677,18.471954345703125,18.471954345703125,False,0.0,False
91,19,116,96.188194,13.796663,19.811805725097656,19.811805725097656,False,0.0,False
91,20,115,93.068756,11.595557,21.931243896484375,21.931243896484375,False,0.0,False
91,21,114,96.68868,13.765542,17.311317443847656,17.311317443847656,False,0.0,False
91,22,113,97.064354,10.46319,15.935646057128906,15.935646057128906,False,0.0,False
91,23,112,94.8052,13.435836,17.194801330566406,17.194801330566406,False,0.0,False
91,24,111,90.55992,13.19843,20.440078735351562,20.440078735351562,False,0.0,False
91,25,110,93.76166,13.144556,16.23834228515625,16.23834228515625,False,0.0,False
91,26,109,90.38556,13.969666,18.61444091796875,18.61444091796875,False,0.0,False
91,27,108,90.98127,10.204219,17.01873016357422,17.01873016357422,False,0.0,False
91,28,107,100.11014,12.187525,6.889862060546875,6.889862060546875,False,0.0,False
91,29,106,96.46435,13.173138,9.535652160644531,9.535652160644531,False,0.0,False
91,30,105,99.755394,12.62054,5.244606018066406,5.244606018066406,False,0.0,False
91,31,104,98.683235,12.155891,5.316764831542969,5.316764831542969,False,0.0,False
91,32,103,98.02768,13.239593,4.972320556640625,4.972320556640625,False,0.0,False
91,33,102,92.09411,13.756581,9.905891418457031,9.905891418457031,False,0.0,False
91,34,101,93.335495,12.147734,7.6645050048828125,7.6645050048828125,False,0.0,False
91,35,100,90.73083,11.85905,9.269172668457031,9.269172668457031,False,0.0,False
91,36,99,91.319954,10.734193,7.680046081542969,7.680046081542969,False,0.0,False
91,37,98,80.79734,11.4730215,17.202659606933594,17.202659606933594,False,0.0,False
91,38,97,97.086945,12.222092,-0.086944580078125,0.086944580078125,False,0.0,False
91,39,96,92.82269,14.790768,3.17730712890625,3.17730712890625,False,0.0,False
91,40,95,94.88217,14.63981,0.117828369140625,0.117828369140625,False,0.0,False
91,41,94,85.35405,13.356293,8.645950317382812,8.645950317382812,False,0.0,False
91,42,93,99.67163,15.0318365,-6.671630859375,6.671630859375,False,0.0,False
91,43,92,90.122894,11.774919,1.877105712890625,1.877105712890625,False,0.0,False
91,44,91,86.44336,12.790354,4.556640625,4.556640625,False,0.0,False
91,45,90,88.60093,14.110281,1.3990707397460938,1.3990707397460938,False,0.0,False
91,46,89,90.56969,11.751388,-1.5696868896484375,1.5696868896484375,False,0.0,False
91,47,88,80.19802,12.137333,7.801979064941406,7.801979064941406,False,0.0,False
91,48,87,88.87646,11.870302,-1.8764572143554688,1.8764572143554688,False,0.0,False
91,49,86,90.921295,14.178284,-4.921295166015625,4.921295166015625,False,0.0,False
91,50,85,96.02187,12.2727995,-11.021873474121094,11.021873474121094,False,0.0,False
91,51,84,93.6421,13.104917,-9.642097473144531,9.642097473144531,False,0.0,False
91,52,83,87.27102,13.076716,-4.271018981933594,4.271018981933594,False,0.0,False
91,53,82,70.29033,13.972455,11.709671020507812,11.709671020507812,False,0.0,False
91,54,81,73.97685,11.730519,7.0231475830078125,7.0231475830078125,False,0.0,False
91,55,80,68.05426,15.641093,11.94573974609375,11.94573974609375,False,0.0,False
91,56,79,57.067577,10.25632,21.932422637939453,21.932422637939453,False,0.0,False
91,57,78,78.59621,12.975649,-0.5962066650390625,0.5962066650390625,False,0.0,False
91,58,77,66.80273,14.406865,10.197273254394531,10.197273254394531,False,0.0,False
91,59,76,78.77229,13.97496,-2.7722930908203125,2.7722930908203125,False,0.0,False
91,60,75,69.81953,13.243938,5.180473327636719,5.180473327636719,False,0.0,False
91,61,74,79.64916,12.973786,-5.649162292480469,5.649162292480469,False,0.0,False
91,62,73,86.50198,11.922651,-13.501983642578125,13.501983642578125,False,0.0,False
91,63,72,92.87014,12.57196,-20.870140075683594,20.870140075683594,False,0.0,False
91,64,71,93.33967,12.621547,-22.33966827392578,22.33966827392578,False,0.0,False
91,65,70,103.33708,11.911761,-33.33708190917969,33.33708190917969,False,0.0,False
91,66,69,98.00629,14.278781,-29.00628662109375,29.00628662109375,False,0.0,False
91,67,68,78.00127,11.387022,-10.001266479492188,10.001266479492188,False,0.0,False
91,68,67,74.10847,12.732011,-7.108467102050781,7.108467102050781,False,0.0,False
91,69,66,63.65512,11.493612,2.344879150390625,2.344879150390625,False,0.0,False
91,70,65,57.779713,11.536461,7.220287322998047,7.220287322998047,False,0.0,False
91,71,64,51.1755,11.350633,12.824501037597656,12.824501037597656,False,0.0,False
91,72,63,67.46854,13.684644,-4.468536376953125,4.468536376953125,False,0.0,False
91,73,62,67.04221,12.996344,-5.042213439941406,5.042213439941406,False,0.0,False
91,74,61,69.007935,13.080055,-8.0079345703125,8.0079345703125,False,0.0,False
91,75,60,57.82823,12.337777,2.1717681884765625,2.1717681884765625,False,0.0,False
91,76,59,58.77333,11.837525,0.2266693115234375,0.2266693115234375,False,0.0,False
91,77,58,60.1739,12.273242,-2.173900604248047,2.173900604248047,False,0.0,False
91,78,57,55.607563,11.762734,1.3924369812011719,1.3924369812011719,False,0.0,False
91,79,56,47.880978,10.883007,8.119022369384766,8.119022369384766,False,0.0,False
91,80,55,44.286568,10.764716,10.713432312011719,10.713432312011719,False,0.0,False
91,81,54,53.421608,11.655924,0.5783920288085938,0.5783920288085938,False,0.0,False
91,82,53,52.684345,14.283361,0.3156547546386719,0.3156547546386719,False,0.0,False
91,83,52,51.695854,12.331283,0.30414581298828125,0.30414581298828125,False,0.0,False
91,84,51,50.99036,12.686881,0.009639739990234375,0.009639739990234375,False,0.0,False
91,85,50,52.097946,12.527462,-2.0979461669921875,2.0979461669921875,False,0.0,False
91,86,49,46.244556,12.287602,2.755443572998047,2.755443572998047,False,0.0,False
91,87,48,53.041016,12.064496,-5.041015625,5.041015625,False,0.0,False
91,88,47,41.53111,13.008791,5.468891143798828,5.468891143798828,False,0.0,False
91,89,46,56.20815,13.122431,-10.208148956298828,10.208148956298828,False,0.0,False
91,90,45,74.709274,12.83441,-29.709274291992188,29.709274291992188,False,0.0,False
91,91,44,68.153625,11.446527,-24.15362548828125,24.15362548828125,False,0.0,False
91,92,43,48.182354,13.267781,-5.182353973388672,5.182353973388672,False,0.0,False
91,93,42,46.84821,11.835598,-4.848209381103516,4.848209381103516,False,0.02,False
91,94,41,39.14324,11.415216,1.8567581176757812,1.8567581176757812,False,0.0,False
91,95,40,34.399223,11.50871,5.600776672363281,5.600776672363281,False,0.02,False
91,96,39,30.29428,11.890081,8.705720901489258,8.705720901489258,False,0.06,False
91,97,38,34.823597,10.965506,3.176403045654297,3.176403045654297,False,0.0,False
91,98,37,40.831654,10.169212,-3.831653594970703,3.831653594970703,False,0.0,False
91,99,36,38.30383,10.656325,-2.3038291931152344,2.3038291931152344,False,0.02,False
91,100,35,38.666943,11.467949,-3.666942596435547,3.666942596435547,False,0.0,False
91,101,34,37.412003,12.992816,-3.4120025634765625,3.4120025634765625,False,0.06,False
91,102,33,37.181644,14.609145,-4.181644439697266,4.181644439697266,False,0.02,False
91,103,32,40.290665,11.337486,-8.290664672851562,8.290664672851562,False,0.0,False
91,104,31,36.579643,11.913028,-5.579643249511719,5.579643249511719,False,0.0,False
91,105,30,40.48044,11.120534,-10.480438232421875,10.480438232421875,False,0.02,False
91,106,29,39.21484,14.058609,-10.214839935302734,10.214839935302734,False,0.04,False
91,107,28,37.199768,10.271258,-9.19976806640625,9.19976806640625,False,0.0,False
91,108,27,34.30397,10.711762,-7.3039703369140625,7.3039703369140625,False,0.0,False
91,109,26,35.385475,12.21046,-9.385475158691406,9.385475158691406,False,0.04,False
91,110,25,39.43025,12.155136,-14.430248260498047,14.430248260498047,False,0.0,False
91,111,24,36.915962,14.214803,-12.915962219238281,12.915962219238281,False,0.02,False
91,112,23,36.054443,13.550738,-13.054443359375,13.054443359375,False,0.02,False
91,113,22,32.485348,15.168754,-10.485347747802734,10.485347747802734,False,0.12,False
91,114,21,35.97004,11.712198,-14.970039367675781,14.970039367675781,False,0.0,False
91,115,20,30.033997,12.303565,-10.03399658203125,10.03399658203125,False,0.06,False
91,116,19,27.490707,11.394768,-8.490707397460938,8.490707397460938,False,0.02,False
91,117,18,21.788313,11.210842,-3.7883129119873047,3.7883129119873047,False,0.2,False
91,118,17,23.266237,13.232431,-6.266237258911133,6.266237258911133,False,0.16,False
91,119,16,19.014654,13.6862955,-3.0146541595458984,3.0146541595458984,False,0.3,True
91,120,15,21.513264,12.877898,-6.513263702392578,6.513263702392578,False,0.24,False
91,121,14,22.339338,12.413982,-8.339338302612305,8.339338302612305,False,0.16,False
91,122,13,17.533014,12.358716,-4.533014297485352,4.533014297485352,False,0.22,False
91,123,12,15.860544,12.106012,-3.860544204711914,3.860544204711914,False,0.28,False
91,124,11,13.896246,13.750426,-2.8962459564208984,2.8962459564208984,False,0.44,True
91,125,10,15.100029,11.638547,-5.100028991699219,5.100028991699219,False,0.32,True
91,126,9,13.679871,13.861949,-4.67987060546875,4.67987060546875,False,0.36,True
91,127,8,13.452468,11.879702,-5.452467918395996,5.452467918395996,False,0.34,True
91,128,7,11.311933,13.638765,-4.311932563781738,4.311932563781738,False,0.52,True
91,129,6,9.834965,11.41793,-3.8349647521972656,3.8349647521972656,False,0.54,True
91,130,5,9.952295,10.963982,-4.952295303344727,4.952295303344727,False,0.52,True
91,131,4,10.704845,12.369683,-6.704845428466797,6.704845428466797,True,0.44,True
91,132,3,8.438759,11.602047,-5.438758850097656,5.438758850097656,True,0.46,True
91,133,2,7.121159,12.900699,-5.121159076690674,5.121159076690674,True,0.62,True
91,134,1,3.2057714,10.717764,-2.2057714462280273,2.2057714462280273,True,0.82,True
91,135,0,7.1306005,9.494851,-7.130600452423096,7.130600452423096,True,0.66,True
